transaksi_id,tanggal,cabang,kategori,harga_satuan,jumlah_terjual,metode_bayar,rating_pelanggan,bulan,nama_hari,produk,total,outlier_harga_percategory
TRX002187,2026-05-20,Parapat,Camilan,32800.0,6,Transfer Bank,,2026-05,Wednesday,Kacang Sihobuk,196800.0,False
TRX002359,2026-05-31,Siborongborong,Camilan,24700.0,7,QRIS,2.0,2026-05,Sunday,Ombus-ombus,172900.0,False
TRX001272,2026-03-22,Balige,Bumbu,25600.0,9,Transfer Bank,1.0,2026-03,Sunday,Andaliman,230400.0,False
TRX001414,2026-04-01,Laguboti,Camilan,24800.0,2,Transfer Bank,3.0,2026-04,Wednesday,Ombus-ombus,49600.0,False
TRX002020,2026-05-09,Parapat,Camilan,30500.0,8,QRIS,1.0,2026-05,Saturday,Kacang Sihobuk,244000.0,False
TRX000227,2026-01-16,Laguboti,Camilan,23400.0,3,Tunai,5.0,2026-01,Friday,Ombus-ombus,70200.0,False
TRX001826,2026-04-27,Laguboti,Minuman,52900.0,5,Transfer Bank,5.0,2026-04,Monday,Kopi Sidikalang,264500.0,False
TRX001550,2026-04-11,Laguboti,Camilan,29100.0,2,Tunai,2.0,2026-04,Saturday,Kacang Sihobuk,58200.0,False
TRX000207,2026-01-14,Laguboti,Bumbu,24900.0,7,QRIS,1.0,2026-01,Wednesday,Andaliman,174300.0,False
TRX000319,2026-01-21,Laguboti,Bumbu,26200.0,6,Tunai,3.0,2026-01,Wednesday,Andaliman,157200.0,False
TRX001666,2026-04-18,Siborongborong,Bumbu,28300.0,10,Transfer Bank,5.0,2026-04,Saturday,Andaliman,283000.0,False
TRX001219,2026-03-18,Parapat,Minuman,51200.0,8,Transfer Bank,1.0,2026-03,Wednesday,Kopi Lintong,409600.0,False
TRX002109,2026-05-16,Laguboti,Camilan,31400.0,6,QRIS,2.0,2026-05,Saturday,Kacang Sihobuk,188400.0,False
TRX001397,2026-03-31,Balige,Camilan,22700.0,1,Tunai,1.0,2026-03,Tuesday,Ombus-ombus,22700.0,False
TRX001365,2026-03-29,Balige,Kerajinan,946200.0,1,QRIS,,2026-03,Sunday,Ulos Ragidup,946200.0,False
TRX000702,2026-02-14,Siborongborong,Minuman,56300.0,7,Transfer Bank,5.0,2026-02,Saturday,Kopi Lintong,394100.0,False
TRX000808,2026-02-21,Laguboti,Kerajinan,686900.0,1,Tunai,,2026-02,Saturday,Ulos Sadum,686900.0,False
TRX002150,2026-05-17,Parapat,Minuman,56200.0,2,QRIS,2.0,2026-05,Sunday,Kopi Lintong,112400.0,False
TRX001617,2026-04-15,Laguboti,Minuman,52200.0,9,Transfer Bank,4.0,2026-04,Wednesday,Kopi Sidikalang,469800.0,False
TRX001722,2026-04-21,Siborongborong,Minuman,47900.0,10,QRIS,2.0,2026-04,Tuesday,Kopi Sidikalang,479000.0,False
TRX001802,2026-04-26,Siborongborong,Minuman,47300.0,6,Transfer Bank,3.0,2026-04,Sunday,Kopi Sidikalang,283800.0,False
TRX000994,2026-03-02,Parapat,Kerajinan,958600.0,1,Transfer Bank,,2026-03,Monday,Ulos Ragidup,958600.0,False
TRX000700,2026-02-14,Siborongborong,Bumbu,32300.0,7,Tunai,4.0,2026-02,Saturday,Bumbu Naniura,226100.0,False
TRX001430,2026-04-02,Parapat,Bumbu,32100.0,9,Tunai,1.0,2026-04,Thursday,Bumbu Naniura,288900.0,False
TRX001237,2026-03-20,Parapat,Camilan,29100.0,10,Tunai,2.0,2026-03,Friday,Kacang Sihobuk,291000.0,False
TRX000944,2026-02-28,Siborongborong,Minuman,52400.0,7,Tunai,5.0,2026-02,Saturday,Kopi Lintong,366800.0,False
TRX001091,2026-03-09,Siborongborong,Bumbu,27000.0,3,Tunai,,2026-03,Monday,Andaliman,81000.0,False
TRX000921,2026-02-28,Balige,Minuman,58100.0,4,Tunai,1.0,2026-02,Saturday,Kopi Lintong,232400.0,False
TRX002072,2026-05-14,Balige,Bumbu,26200.0,11,Transfer Bank,,2026-05,Thursday,Andaliman,288200.0,False
TRX000978,2026-03-01,Parapat,Kerajinan,673900.0,6,QRIS,3.0,2026-03,Sunday,Ulos Sadum,4043400.0,False
TRX002445,2026-06-07,Balige,Kerajinan,748900.0,8,Tunai,,2026-06,Sunday,Ulos Sadum,5991200.0,False
TRX001521,2026-04-09,Laguboti,Camilan,23400.0,9,Tunai,,2026-04,Thursday,Ombus-ombus,210600.0,False
TRX002670,2026-06-21,Parapat,Kerajinan,774500.0,2,QRIS,3.0,2026-06,Sunday,Ulos Sadum,1549000.0,False
TRX000431,2026-01-28,Siborongborong,Bumbu,24400.0,2,Tunai,1.0,2026-01,Wednesday,Andaliman,48800.0,False
TRX001632,2026-04-16,Laguboti,Camilan,24700.0,8,Transfer Bank,,2026-04,Thursday,Ombus-ombus,197600.0,False
TRX000993,2026-03-02,Parapat,Bumbu,24900.0,7,Transfer Bank,1.0,2026-03,Monday,Andaliman,174300.0,False
TRX000872,2026-02-25,Balige,Camilan,30300.0,5,Transfer Bank,,2026-02,Wednesday,Kacang Sihobuk,151500.0,False
TRX000424,2026-01-28,Balige,Camilan,23200.0,2,Transfer Bank,4.0,2026-01,Wednesday,Ombus-ombus,46400.0,False
TRX001455,2026-04-04,Parapat,Minuman,50600.0,5,Tunai,4.0,2026-04,Saturday,Kopi Sidikalang,253000.0,False
TRX001079,2026-03-08,Parapat,Bumbu,32300.0,11,Transfer Bank,3.0,2026-03,Sunday,Bumbu Naniura,355300.0,False
TRX002518,2026-06-11,Laguboti,Bumbu,33900.0,4,Transfer Bank,4.0,2026-06,Thursday,Bumbu Naniura,135600.0,False
TRX000719,2026-02-15,Laguboti,Camilan,27800.0,5,Transfer Bank,1.0,2026-02,Sunday,Kacang Sihobuk,139000.0,False
TRX002056,2026-05-13,Balige,Kerajinan,900400.0,2,Tunai,2.0,2026-05,Wednesday,Ulos Ragidup,1800800.0,False
TRX002086,2026-05-14,Siborongborong,Camilan,25100.0,10,Tunai,,2026-05,Thursday,Ombus-ombus,251000.0,False
TRX002507,2026-06-10,Siborongborong,Minuman,47500.0,2,Tunai,4.0,2026-06,Wednesday,Kopi Sidikalang,95000.0,False
TRX002542,2026-06-13,Laguboti,Bumbu,36400.0,4,Tunai,,2026-06,Saturday,Bumbu Naniura,145600.0,False
TRX002770,2026-06-28,Laguboti,Camilan,23800.0,8,Transfer Bank,1.0,2026-06,Sunday,Ombus-ombus,190400.0,False
TRX002580,2026-06-14,Parapat,Bumbu,35100.0,2,Tunai,5.0,2026-06,Sunday,Bumbu Naniura,70200.0,False
TRX001167,2026-03-14,Parapat,Bumbu,25900.0,3,Transfer Bank,4.0,2026-03,Saturday,Andaliman,77700.0,False
TRX000691,2026-02-14,Balige,Minuman,51400.0,11,Transfer Bank,1.0,2026-02,Saturday,Kopi Lintong,565400.0,False
TRX000339,2026-01-22,Parapat,Bumbu,24000.0,1,Tunai,5.0,2026-01,Thursday,Andaliman,24000.0,False
TRX002064,2026-05-13,Siborongborong,Kerajinan,687700.0,8,QRIS,2.0,2026-05,Wednesday,Ulos Sadum,5501600.0,False
TRX002029,2026-05-10,Laguboti,Camilan,22700.0,8,QRIS,1.0,2026-05,Sunday,Ombus-ombus,181600.0,False
TRX002712,2026-06-25,Balige,Kerajinan,912200.0,8,Transfer Bank,1.0,2026-06,Thursday,Ulos Ragidup,7297600.0,False
TRX001375,2026-03-29,Siborongborong,Minuman,46200.0,1,Tunai,3.0,2026-03,Sunday,Kopi Sidikalang,46200.0,False
TRX002693,2026-06-23,Laguboti,Bumbu,30200.0,4,Transfer Bank,1.0,2026-06,Tuesday,Andaliman,120800.0,False
TRX002646,2026-06-20,Siborongborong,Kerajinan,975100.0,2,Transfer Bank,4.0,2026-06,Saturday,Ulos Ragidup,1950200.0,False
TRX001164,2026-03-14,Parapat,Camilan,30500.0,8,Tunai,3.0,2026-03,Saturday,Kacang Sihobuk,244000.0,False
TRX002676,2026-06-22,Siborongborong,Camilan,32800.0,10,Transfer Bank,5.0,2026-06,Monday,Kacang Sihobuk,328000.0,False
TRX001171,2026-03-15,Balige,Camilan,23000.0,7,QRIS,1.0,2026-03,Sunday,Ombus-ombus,161000.0,False
TRX001527,2026-04-09,Siborongborong,Minuman,49100.0,4,Transfer Bank,3.0,2026-04,Thursday,Kopi Sidikalang,196400.0,False
TRX002493,2026-06-09,Parapat,Minuman,55300.0,10,QRIS,3.0,2026-06,Tuesday,Kopi Lintong,553000.0,False
TRX000890,2026-02-26,Balige,Bumbu,25500.0,2,Transfer Bank,4.0,2026-02,Thursday,Andaliman,51000.0,False
TRX000454,2026-01-30,Laguboti,Bumbu,32200.0,9,Transfer Bank,2.0,2026-01,Friday,Bumbu Naniura,289800.0,False
TRX000898,2026-02-26,Laguboti,Camilan,22200.0,5,Transfer Bank,1.0,2026-02,Thursday,Ombus-ombus,111000.0,False
TRX001806,2026-04-26,Siborongborong,Kerajinan,909500.0,8,QRIS,3.0,2026-04,Sunday,Ulos Ragidup,7276000.0,False
TRX001006,2026-03-04,Balige,Bumbu,30000.0,10,Tunai,5.0,2026-03,Wednesday,Bumbu Naniura,300000.0,False
TRX001870,2026-05-01,Parapat,Kerajinan,962900.0,8,Tunai,3.0,2026-05,Friday,Ulos Ragidup,7703200.0,False
TRX001848,2026-04-29,Balige,Bumbu,32800.0,2,Transfer Bank,,2026-04,Wednesday,Bumbu Naniura,65600.0,False
TRX000533,2026-02-03,Parapat,Minuman,48900.0,8,QRIS,3.0,2026-02,Tuesday,Kopi Sidikalang,391200.0,False
TRX001853,2026-04-30,Laguboti,Kerajinan,954600.0,8,QRIS,,2026-04,Thursday,Ulos Ragidup,7636800.0,False
TRX001030,2026-03-05,Parapat,Minuman,48000.0,2,Tunai,,2026-03,Thursday,Kopi Sidikalang,96000.0,False
TRX000948,2026-02-28,Parapat,Bumbu,31300.0,8,Transfer Bank,4.0,2026-02,Saturday,Bumbu Naniura,250400.0,False
TRX001675,2026-04-19,Balige,Minuman,50300.0,4,Tunai,3.0,2026-04,Sunday,Kopi Sidikalang,201200.0,False
TRX001679,2026-04-19,Balige,Minuman,58900.0,4,Transfer Bank,2.0,2026-04,Sunday,Kopi Lintong,235600.0,False
TRX000763,2026-02-18,Balige,Camilan,22300.0,7,Transfer Bank,2.0,2026-02,Wednesday,Ombus-ombus,156100.0,False
TRX001569,2026-04-12,Balige,Minuman,57000.0,10,Transfer Bank,1.0,2026-04,Sunday,Kopi Lintong,570000.0,False
TRX002311,2026-05-28,Siborongborong,Bumbu,34700.0,8,Transfer Bank,1.0,2026-05,Thursday,Bumbu Naniura,277600.0,False
TRX002465,2026-06-07,Parapat,Camilan,24600.0,3,Transfer Bank,2.0,2026-06,Sunday,Ombus-ombus,73800.0,False
TRX000528,2026-02-03,Siborongborong,Minuman,51300.0,3,QRIS,2.0,2026-02,Tuesday,Kopi Lintong,153900.0,False
TRX001864,2026-05-01,Laguboti,Minuman,54500.0,3,Tunai,1.0,2026-05,Friday,Kopi Lintong,163500.0,False
TRX000359,2026-01-24,Laguboti,Minuman,49800.0,4,QRIS,4.0,2026-01,Saturday,Kopi Lintong,199200.0,False
TRX000747,2026-02-16,Parapat,Minuman,52700.0,10,Tunai,4.0,2026-02,Monday,Kopi Lintong,527000.0,False
TRX002254,2026-05-24,Laguboti,Minuman,60500.0,6,Tunai,5.0,2026-05,Sunday,Kopi Lintong,363000.0,False
TRX000376,2026-01-25,Balige,Camilan,29300.0,2,Transfer Bank,,2026-01,Sunday,Kacang Sihobuk,58600.0,False
TRX000713,2026-02-15,Balige,Kerajinan,725700.0,3,Transfer Bank,1.0,2026-02,Sunday,Ulos Sadum,2177100.0,False
TRX000588,2026-02-07,Laguboti,Minuman,55100.0,1,Transfer Bank,4.0,2026-02,Saturday,Kopi Lintong,55100.0,False
TRX002062,2026-05-13,Siborongborong,Kerajinan,900300.0,10,QRIS,2.0,2026-05,Wednesday,Ulos Ragidup,9003000.0,False
TRX000671,2026-02-12,Laguboti,Kerajinan,922800.0,5,Tunai,3.0,2026-02,Thursday,Ulos Ragidup,4614000.0,False
TRX002618,2026-06-17,Parapat,Kerajinan,890400.0,8,Tunai,4.0,2026-06,Wednesday,Ulos Ragidup,7123200.0,False
TRX000900,2026-02-26,Siborongborong,Bumbu,26300.0,8,Tunai,2.0,2026-02,Thursday,Andaliman,210400.0,False
TRX001623,2026-04-15,Parapat,Kerajinan,693350.0,9,QRIS,,2026-04,Wednesday,Ulos Sadum,6240150.0,False
TRX000003,2026-01-01,Balige,Minuman,53200.0,11,Transfer Bank,3.0,2026-01,Thursday,Kopi Lintong,585200.0,False
TRX001209,2026-03-17,Siborongborong,Bumbu,24500.0,1,Tunai,5.0,2026-03,Tuesday,Andaliman,24500.0,False
TRX002567,2026-06-14,Laguboti,Kerajinan,711200.0,5,Tunai,4.0,2026-06,Sunday,Ulos Sadum,3556000.0,False
TRX001515,2026-04-08,Parapat,Minuman,48400.0,4,Tunai,3.0,2026-04,Wednesday,Kopi Sidikalang,193600.0,False
TRX000975,2026-03-01,Parapat,Camilan,28800.0,1,QRIS,3.0,2026-03,Sunday,Kacang Sihobuk,28800.0,False
TRX000453,2026-01-30,Laguboti,Kerajinan,889800.0,5,QRIS,2.0,2026-01,Friday,Ulos Ragidup,4449000.0,False
TRX002209,2026-05-23,Balige,Bumbu,32100.0,4,Transfer Bank,4.0,2026-05,Saturday,Bumbu Naniura,128400.0,False
TRX001037,2026-03-06,Parapat,Kerajinan,845400.0,10,QRIS,3.0,2026-03,Friday,Ulos Ragidup,8454000.0,False
TRX002766,2026-06-28,Balige,Bumbu,26300.0,1,QRIS,4.0,2026-06,Sunday,Andaliman,26300.0,False
TRX001596,2026-04-13,Siborongborong,Minuman,58700.0,7,Tunai,5.0,2026-04,Monday,Kopi Lintong,410900.0,False
TRX001239,2026-03-20,Parapat,Minuman,59300.0,6,Transfer Bank,,2026-03,Friday,Kopi Lintong,355800.0,False
TRX001872,2026-05-02,Balige,Minuman,57300.0,2,Tunai,4.0,2026-05,Saturday,Kopi Lintong,114600.0,False
TRX000100,2026-01-07,Balige,Minuman,42000.0,1,QRIS,5.0,2026-01,Wednesday,Kopi Sidikalang,42000.0,False
TRX000790,2026-02-20,Laguboti,Camilan,28400.0,4,QRIS,2.0,2026-02,Friday,Kacang Sihobuk,113600.0,False
TRX002395,2026-06-03,Siborongborong,Bumbu,27900.0,4,Tunai,4.0,2026-06,Wednesday,Andaliman,111600.0,False
TRX000677,2026-02-12,Siborongborong,Minuman,45800.0,4,QRIS,2.0,2026-02,Thursday,Kopi Sidikalang,183200.0,False
TRX001382,2026-03-29,Parapat,Camilan,22800.0,4,Tunai,2.0,2026-03,Sunday,Ombus-ombus,91200.0,False
TRX001431,2026-04-03,Balige,Minuman,48400.0,2,QRIS,1.0,2026-04,Friday,Kopi Sidikalang,96800.0,False
TRX000191,2026-01-13,Siborongborong,Kerajinan,698000.0,2,Transfer Bank,1.0,2026-01,Tuesday,Ulos Sadum,1396000.0,False
TRX001333,2026-03-27,Parapat,Camilan,24500.0,7,QRIS,,2026-03,Friday,Ombus-ombus,171500.0,False
TRX002439,2026-06-06,Parapat,Camilan,25800.0,9,Tunai,1.0,2026-06,Saturday,Ombus-ombus,232200.0,False
TRX002427,2026-06-06,Siborongborong,Bumbu,32700.0,11,Transfer Bank,2.0,2026-06,Saturday,Bumbu Naniura,359700.0,False
TRX002609,2026-06-16,Parapat,Bumbu,29100.0,2,QRIS,5.0,2026-06,Tuesday,Andaliman,58200.0,False
TRX001589,2026-04-13,Balige,Bumbu,33200.0,4,Transfer Bank,1.0,2026-04,Monday,Bumbu Naniura,132800.0,False
TRX001682,2026-04-19,Laguboti,Kerajinan,878600.0,8,QRIS,3.0,2026-04,Sunday,Ulos Ragidup,7028800.0,False
TRX002361,2026-05-31,Parapat,Bumbu,34600.0,1,QRIS,5.0,2026-05,Sunday,Bumbu Naniura,34600.0,False
TRX001654,2026-04-18,Balige,Minuman,54900.0,5,QRIS,3.0,2026-04,Saturday,Kopi Lintong,274500.0,False
TRX001846,2026-04-29,Balige,Kerajinan,891900.0,3,Transfer Bank,4.0,2026-04,Wednesday,Ulos Ragidup,2675700.0,False
TRX001766,2026-04-25,Laguboti,Camilan,22800.0,2,Tunai,,2026-04,Saturday,Ombus-ombus,45600.0,False
TRX002343,2026-05-30,Parapat,Minuman,60300.0,6,Tunai,4.0,2026-05,Saturday,Kopi Lintong,361800.0,False
TRX001484,2026-04-06,Siborongborong,Camilan,23200.0,3,Transfer Bank,4.0,2026-04,Monday,Ombus-ombus,69600.0,False
TRX000581,2026-02-07,Laguboti,Camilan,22700.0,11,Tunai,5.0,2026-02,Saturday,Ombus-ombus,249700.0,False
TRX001635,2026-04-16,Siborongborong,Kerajinan,873600.0,4,QRIS,4.0,2026-04,Thursday,Ulos Ragidup,3494400.0,False
TRX000837,2026-02-22,Siborongborong,Bumbu,26100.0,7,Transfer Bank,3.0,2026-02,Sunday,Andaliman,182700.0,False
TRX002289,2026-05-26,Siborongborong,Bumbu,31800.0,1,QRIS,2.0,2026-05,Tuesday,Bumbu Naniura,31800.0,False
TRX002601,2026-06-16,Laguboti,Camilan,29800.0,11,Transfer Bank,1.0,2026-06,Tuesday,Kacang Sihobuk,327800.0,False
TRX000475,2026-01-31,Siborongborong,Kerajinan,815900.0,8,Tunai,,2026-01,Saturday,Ulos Ragidup,6527200.0,False
TRX002164,2026-05-18,Siborongborong,Minuman,52700.0,1,QRIS,5.0,2026-05,Monday,Kopi Sidikalang,52700.0,False
TRX000652,2026-02-11,Balige,Minuman,52500.0,9,QRIS,,2026-02,Wednesday,Kopi Lintong,472500.0,False
TRX002270,2026-05-25,Siborongborong,Bumbu,32900.0,11,QRIS,4.0,2026-05,Monday,Bumbu Naniura,361900.0,False
TRX001490,2026-04-06,Parapat,Minuman,48000.0,10,Tunai,3.0,2026-04,Monday,Kopi Sidikalang,480000.0,False
TRX001386,2026-03-30,Balige,Bumbu,30100.0,9,Transfer Bank,1.0,2026-03,Monday,Bumbu Naniura,270900.0,False
TRX000650,2026-02-10,Siborongborong,Kerajinan,715800.0,8,Tunai,4.0,2026-02,Tuesday,Ulos Sadum,5726400.0,False
TRX001700,2026-04-19,Parapat,Bumbu,33100.0,5,Transfer Bank,3.0,2026-04,Sunday,Bumbu Naniura,165500.0,False
TRX001882,2026-05-02,Laguboti,Minuman,55500.0,8,QRIS,3.0,2026-05,Saturday,Kopi Lintong,444000.0,False
TRX000302,2026-01-20,Siborongborong,Kerajinan,872300.0,5,QRIS,2.0,2026-01,Tuesday,Ulos Ragidup,4361500.0,False
TRX002217,2026-05-23,Balige,Minuman,55900.0,7,Transfer Bank,3.0,2026-05,Saturday,Kopi Lintong,391300.0,False
TRX000143,2026-01-10,Siborongborong,Camilan,21600.0,9,Tunai,1.0,2026-01,Saturday,Ombus-ombus,194400.0,False
TRX002375,2026-06-01,Parapat,Kerajinan,933400.0,4,Tunai,3.0,2026-06,Monday,Ulos Ragidup,3733600.0,False
TRX002314,2026-05-29,Balige,Kerajinan,712800.0,5,Tunai,1.0,2026-05,Friday,Ulos Sadum,3564000.0,False
TRX000825,2026-02-22,Balige,Kerajinan,726800.0,4,Transfer Bank,4.0,2026-02,Sunday,Ulos Sadum,2907200.0,False
TRX000745,2026-02-16,Laguboti,Minuman,47400.0,8,Transfer Bank,1.0,2026-02,Monday,Kopi Sidikalang,379200.0,False
TRX002759,2026-06-27,Parapat,Bumbu,30200.0,9,Tunai,1.0,2026-06,Saturday,Andaliman,271800.0,False
TRX000597,2026-02-07,Parapat,Camilan,28900.0,6,QRIS,,2026-02,Saturday,Kacang Sihobuk,173400.0,False
TRX001488,2026-04-06,Siborongborong,Kerajinan,910100.0,6,Transfer Bank,5.0,2026-04,Monday,Ulos Ragidup,5460600.0,False
TRX000738,2026-02-15,Parapat,Bumbu,24100.0,10,Transfer Bank,1.0,2026-02,Sunday,Andaliman,241000.0,False
TRX001284,2026-03-22,Siborongborong,Minuman,56600.0,2,Tunai,3.0,2026-03,Sunday,Kopi Lintong,113200.0,False
TRX002782,2026-06-28,Parapat,Camilan,32100.0,9,Tunai,2.0,2026-06,Sunday,Kacang Sihobuk,288900.0,False
TRX002147,2026-05-17,Siborongborong,Minuman,51500.0,1,QRIS,1.0,2026-05,Sunday,Kopi Sidikalang,51500.0,False
TRX001660,2026-04-18,Laguboti,Bumbu,26800.0,11,Transfer Bank,1.0,2026-04,Saturday,Andaliman,294800.0,False
TRX002097,2026-05-15,Siborongborong,Kerajinan,1010800.0,9,QRIS,5.0,2026-05,Friday,Ulos Ragidup,9097200.0,False
TRX002374,2026-06-01,Parapat,Camilan,33600.0,4,Transfer Bank,3.0,2026-06,Monday,Kacang Sihobuk,134400.0,False
TRX001096,2026-03-10,Balige,Camilan,30200.0,10,Tunai,1.0,2026-03,Tuesday,Kacang Sihobuk,302000.0,False
TRX001969,2026-05-07,Balige,Kerajinan,907600.0,2,Tunai,3.0,2026-05,Thursday,Ulos Ragidup,1815200.0,False
TRX000633,2026-02-09,Laguboti,Kerajinan,718400.0,6,QRIS,2.0,2026-02,Monday,Ulos Sadum,4310400.0,False
TRX000892,2026-02-26,Balige,Camilan,29500.0,2,QRIS,1.0,2026-02,Thursday,Kacang Sihobuk,59000.0,False
TRX000072,2026-01-05,Balige,Camilan,27600.0,6,QRIS,4.0,2026-01,Monday,Kacang Sihobuk,165600.0,False
TRX001470,2026-04-05,Parapat,Bumbu,33300.0,1,QRIS,,2026-04,Sunday,Bumbu Naniura,33300.0,False
TRX001045,2026-03-07,Balige,Kerajinan,865800.0,4,Tunai,3.0,2026-03,Saturday,Ulos Ragidup,3463200.0,False
TRX002456,2026-06-07,Siborongborong,Camilan,29900.0,6,QRIS,5.0,2026-06,Sunday,Kacang Sihobuk,179400.0,False
TRX002079,2026-05-14,Balige,Camilan,33300.0,9,QRIS,2.0,2026-05,Thursday,Kacang Sihobuk,299700.0,False
TRX001423,2026-04-02,Balige,Kerajinan,858500.0,1,QRIS,4.0,2026-04,Thursday,Ulos Ragidup,858500.0,False
TRX001523,2026-04-09,Siborongborong,Kerajinan,881600.0,11,QRIS,4.0,2026-04,Thursday,Ulos Ragidup,9697600.0,False
TRX002700,2026-06-23,Parapat,Camilan,29400.0,4,Transfer Bank,3.0,2026-06,Tuesday,Kacang Sihobuk,117600.0,False
TRX002474,2026-06-08,Siborongborong,Minuman,54500.0,8,QRIS,5.0,2026-06,Monday,Kopi Lintong,436000.0,False
TRX000225,2026-01-16,Balige,Kerajinan,661600.0,6,QRIS,5.0,2026-01,Friday,Ulos Sadum,3969600.0,False
TRX001236,2026-03-20,Parapat,Camilan,23700.0,8,Tunai,,2026-03,Friday,Ombus-ombus,189600.0,False
TRX002364,2026-05-31,Parapat,Camilan,31300.0,10,Transfer Bank,5.0,2026-05,Sunday,Kacang Sihobuk,313000.0,False
TRX001524,2026-04-09,Siborongborong,Kerajinan,866800.0,10,Transfer Bank,2.0,2026-04,Thursday,Ulos Ragidup,8668000.0,False
TRX001392,2026-03-30,Parapat,Kerajinan,861700.0,7,Transfer Bank,,2026-03,Monday,Ulos Ragidup,6031900.0,False
TRX000187,2026-01-13,Laguboti,Bumbu,31400.0,2,Transfer Bank,5.0,2026-01,Tuesday,Bumbu Naniura,62800.0,False
TRX002116,2026-05-16,Siborongborong,Camilan,32000.0,7,Tunai,4.0,2026-05,Saturday,Kacang Sihobuk,224000.0,False
TRX000126,2026-01-09,Laguboti,Bumbu,31800.0,2,Transfer Bank,5.0,2026-01,Friday,Bumbu Naniura,63600.0,False
TRX002640,2026-06-20,Laguboti,Minuman,47700.0,9,QRIS,3.0,2026-06,Saturday,Kopi Sidikalang,429300.0,False
TRX000930,2026-02-28,Laguboti,Minuman,45700.0,5,Tunai,3.0,2026-02,Saturday,Kopi Sidikalang,228500.0,False
TRX001235,2026-03-20,Siborongborong,Kerajinan,724200.0,3,Transfer Bank,3.0,2026-03,Friday,Ulos Sadum,2172600.0,False
TRX000980,2026-03-01,Parapat,Minuman,46800.0,1,Tunai,,2026-03,Sunday,Kopi Sidikalang,46800.0,False
TRX000119,2026-01-08,Siborongborong,Kerajinan,829400.0,9,Transfer Bank,3.0,2026-01,Thursday,Ulos Ragidup,7464600.0,False
TRX000563,2026-02-06,Balige,Kerajinan,943200.0,7,Tunai,5.0,2026-02,Friday,Ulos Ragidup,6602400.0,False
TRX000839,2026-02-22,Siborongborong,Kerajinan,929600.0,11,Transfer Bank,,2026-02,Sunday,Ulos Ragidup,10225600.0,False
TRX002780,2026-06-28,Parapat,Bumbu,30200.0,11,QRIS,5.0,2026-06,Sunday,Andaliman,332200.0,False
TRX001055,2026-03-07,Siborongborong,Bumbu,33400.0,3,Tunai,4.0,2026-03,Saturday,Bumbu Naniura,100200.0,False
TRX000735,2026-02-15,Siborongborong,Camilan,28800.0,4,Tunai,1.0,2026-02,Sunday,Kacang Sihobuk,115200.0,False
TRX000984,2026-03-02,Balige,Bumbu,31700.0,9,QRIS,,2026-03,Monday,Bumbu Naniura,285300.0,False
TRX000585,2026-02-07,Laguboti,Minuman,49700.0,5,Transfer Bank,5.0,2026-02,Saturday,Kopi Lintong,248500.0,False
TRX000774,2026-02-19,Balige,Kerajinan,699300.0,4,QRIS,4.0,2026-02,Thursday,Ulos Sadum,2797200.0,False
TRX001927,2026-05-04,Balige,Camilan,22300.0,3,Transfer Bank,1.0,2026-05,Monday,Ombus-ombus,66900.0,False
TRX000329,2026-01-22,Laguboti,Bumbu,30200.0,5,Tunai,5.0,2026-01,Thursday,Bumbu Naniura,151000.0,False
TRX002009,2026-05-09,Siborongborong,Camilan,29900.0,9,Transfer Bank,,2026-05,Saturday,Kacang Sihobuk,269100.0,False
TRX001770,2026-04-25,Laguboti,Bumbu,32800.0,11,Transfer Bank,2.0,2026-04,Saturday,Bumbu Naniura,360800.0,False
TRX000195,2026-01-13,Parapat,Camilan,28800.0,3,QRIS,1.0,2026-01,Tuesday,Kacang Sihobuk,86400.0,False
TRX000242,2026-01-17,Balige,Bumbu,30000.0,10,QRIS,1.0,2026-01,Saturday,Bumbu Naniura,300000.0,False
TRX001443,2026-04-04,Laguboti,Bumbu,33600.0,8,Tunai,4.0,2026-04,Saturday,Bumbu Naniura,268800.0,False
TRX001268,2026-03-21,Parapat,Kerajinan,912700.0,11,QRIS,3.0,2026-03,Saturday,Ulos Ragidup,10039700.0,False
TRX000579,2026-02-07,Balige,Kerajinan,888100.0,1,Tunai,,2026-02,Saturday,Ulos Ragidup,888100.0,False
TRX002104,2026-05-16,Balige,Minuman,59000.0,8,Tunai,3.0,2026-05,Saturday,Kopi Lintong,472000.0,False
TRX001371,2026-03-29,Laguboti,Kerajinan,916400.0,8,Tunai,2.0,2026-03,Sunday,Ulos Ragidup,7331200.0,False
TRX000279,2026-01-18,Parapat,Minuman,49200.0,5,Tunai,5.0,2026-01,Sunday,Kopi Sidikalang,246000.0,False
TRX001110,2026-03-11,Parapat,Kerajinan,889300.0,2,QRIS,1.0,2026-03,Wednesday,Ulos Ragidup,1778600.0,False
TRX001584,2026-04-12,Parapat,Camilan,22200.0,2,QRIS,2.0,2026-04,Sunday,Ombus-ombus,44400.0,False
TRX000548,2026-02-04,Parapat,Minuman,56200.0,5,Tunai,2.0,2026-02,Wednesday,Kopi Lintong,281000.0,False
TRX001152,2026-03-14,Laguboti,Minuman,47600.0,3,Transfer Bank,4.0,2026-03,Saturday,Kopi Sidikalang,142800.0,False
TRX001496,2026-04-07,Balige,Minuman,56500.0,3,Transfer Bank,1.0,2026-04,Tuesday,Kopi Lintong,169500.0,False
TRX001117,2026-03-12,Siborongborong,Camilan,23300.0,3,QRIS,1.0,2026-03,Thursday,Ombus-ombus,69900.0,False
TRX001832,2026-04-28,Balige,Minuman,54500.0,9,Transfer Bank,5.0,2026-04,Tuesday,Kopi Lintong,490500.0,False
TRX002140,2026-05-17,Laguboti,Bumbu,28700.0,9,Tunai,2.0,2026-05,Sunday,Andaliman,258300.0,False
TRX000632,2026-02-09,Laguboti,Kerajinan,900600.0,3,Tunai,1.0,2026-02,Monday,Ulos Ragidup,2701800.0,False
TRX000027,2026-01-03,Laguboti,Kerajinan,862800.0,7,QRIS,1.0,2026-01,Saturday,Ulos Ragidup,6039600.0,False
TRX000853,2026-02-23,Siborongborong,Kerajinan,940600.0,7,Transfer Bank,2.0,2026-02,Monday,Ulos Ragidup,6584200.0,False
TRX002286,2026-05-26,Siborongborong,Kerajinan,964900.0,3,Transfer Bank,4.0,2026-05,Tuesday,Ulos Ragidup,2894700.0,False
TRX000859,2026-02-24,Balige,Camilan,21900.0,4,Tunai,4.0,2026-02,Tuesday,Ombus-ombus,87600.0,False
TRX000427,2026-01-28,Siborongborong,Camilan,22600.0,6,QRIS,4.0,2026-01,Wednesday,Ombus-ombus,135600.0,False
TRX002652,2026-06-21,Balige,Bumbu,29500.0,10,Transfer Bank,,2026-06,Sunday,Andaliman,295000.0,False
TRX002220,2026-05-23,Laguboti,Kerajinan,727600.0,8,Tunai,1.0,2026-05,Saturday,Ulos Sadum,5820800.0,False
TRX001941,2026-05-05,Laguboti,Minuman,52100.0,1,Transfer Bank,,2026-05,Tuesday,Kopi Sidikalang,52100.0,False
TRX002142,2026-05-17,Siborongborong,Camilan,31600.0,10,Transfer Bank,2.0,2026-05,Sunday,Kacang Sihobuk,316000.0,False
TRX000357,2026-01-24,Balige,Kerajinan,836700.0,3,QRIS,2.0,2026-01,Saturday,Ulos Ragidup,2510100.0,False
TRX000152,2026-01-10,Parapat,Camilan,22800.0,6,Tunai,3.0,2026-01,Saturday,Ombus-ombus,136800.0,False
TRX000061,2026-01-04,Siborongborong,Kerajinan,896300.0,2,Tunai,2.0,2026-01,Sunday,Ulos Ragidup,1792600.0,False
TRX001456,2026-04-04,Parapat,Camilan,25500.0,6,QRIS,1.0,2026-04,Saturday,Ombus-ombus,153000.0,False
TRX000849,2026-02-23,Laguboti,Minuman,51600.0,3,Tunai,2.0,2026-02,Monday,Kopi Lintong,154800.0,False
TRX000848,2026-02-23,Laguboti,Kerajinan,623800.0,11,Tunai,3.0,2026-02,Monday,Ulos Sadum,6861800.0,False
TRX002451,2026-06-07,Laguboti,Camilan,30400.0,7,QRIS,1.0,2026-06,Sunday,Kacang Sihobuk,212800.0,False
TRX001069,2026-03-08,Laguboti,Kerajinan,683600.0,11,QRIS,1.0,2026-03,Sunday,Ulos Sadum,7519600.0,False
TRX000620,2026-02-08,Parapat,Bumbu,27100.0,3,Tunai,,2026-02,Sunday,Andaliman,81300.0,False
TRX001734,2026-04-22,Siborongborong,Bumbu,30400.0,11,Tunai,,2026-04,Wednesday,Bumbu Naniura,334400.0,False
TRX001114,2026-03-12,Balige,Camilan,27400.0,8,Tunai,2.0,2026-03,Thursday,Kacang Sihobuk,219200.0,False
TRX002102,2026-05-16,Balige,Minuman,57600.0,4,Tunai,3.0,2026-05,Saturday,Kopi Lintong,230400.0,False
TRX000547,2026-02-04,Siborongborong,Kerajinan,941000.0,3,Tunai,2.0,2026-02,Wednesday,Ulos Ragidup,2823000.0,False
TRX000836,2026-02-22,Siborongborong,Minuman,46900.0,9,Transfer Bank,3.0,2026-02,Sunday,Kopi Sidikalang,422100.0,False
TRX002639,2026-06-20,Laguboti,Minuman,53100.0,9,Tunai,4.0,2026-06,Saturday,Kopi Sidikalang,477900.0,False
TRX001062,2026-03-07,Parapat,Camilan,29500.0,7,Transfer Bank,5.0,2026-03,Saturday,Kacang Sihobuk,206500.0,False
TRX000591,2026-02-07,Siborongborong,Minuman,46700.0,3,Tunai,5.0,2026-02,Saturday,Kopi Sidikalang,140100.0,False
TRX001367,2026-03-29,Balige,Kerajinan,727900.0,6,Tunai,2.0,2026-03,Sunday,Ulos Sadum,4367400.0,False
TRX002022,2026-05-09,Parapat,Kerajinan,961400.0,11,QRIS,4.0,2026-05,Saturday,Ulos Ragidup,10575400.0,False
TRX000486,2026-02-01,Balige,Camilan,23800.0,6,QRIS,1.0,2026-02,Sunday,Ombus-ombus,142800.0,False
TRX001182,2026-03-15,Parapat,Minuman,50300.0,1,Tunai,1.0,2026-03,Sunday,Kopi Sidikalang,50300.0,False
TRX002738,2026-06-27,Balige,Minuman,50400.0,4,Transfer Bank,1.0,2026-06,Saturday,Kopi Sidikalang,201600.0,False
TRX001138,2026-03-13,Siborongborong,Camilan,21400.0,1,Tunai,5.0,2026-03,Friday,Ombus-ombus,21400.0,False
TRX000341,2026-01-23,Balige,Bumbu,32700.0,10,QRIS,,2026-01,Friday,Bumbu Naniura,327000.0,False
TRX000281,2026-01-19,Balige,Kerajinan,637100.0,8,Transfer Bank,2.0,2026-01,Monday,Ulos Sadum,5096800.0,False
TRX002067,2026-05-13,Parapat,Kerajinan,891300.0,5,Tunai,5.0,2026-05,Wednesday,Ulos Ragidup,4456500.0,False
TRX000728,2026-02-15,Siborongborong,Minuman,57800.0,3,Transfer Bank,4.0,2026-02,Sunday,Kopi Lintong,173400.0,False
TRX000884,2026-02-25,Parapat,Minuman,58500.0,2,Tunai,3.0,2026-02,Wednesday,Kopi Lintong,117000.0,False
TRX002527,2026-06-12,Siborongborong,Bumbu,28200.0,10,Transfer Bank,4.0,2026-06,Friday,Andaliman,282000.0,False
TRX002080,2026-05-14,Balige,Minuman,55400.0,2,QRIS,4.0,2026-05,Thursday,Kopi Lintong,110800.0,False
TRX001193,2026-03-16,Laguboti,Minuman,53300.0,6,QRIS,3.0,2026-03,Monday,Kopi Lintong,319800.0,False
TRX001906,2026-05-03,Laguboti,Camilan,25000.0,11,Tunai,,2026-05,Sunday,Ombus-ombus,275000.0,False
TRX000514,2026-02-02,Laguboti,Minuman,54000.0,10,Tunai,2.0,2026-02,Monday,Kopi Lintong,540000.0,False
TRX000769,2026-02-18,Siborongborong,Camilan,23200.0,11,QRIS,1.0,2026-02,Wednesday,Ombus-ombus,255200.0,False
TRX000366,2026-01-24,Siborongborong,Kerajinan,885400.0,6,Transfer Bank,,2026-01,Saturday,Ulos Ragidup,5312400.0,False
TRX000220,2026-01-15,Parapat,Minuman,49200.0,10,Tunai,2.0,2026-01,Thursday,Kopi Lintong,492000.0,False
TRX002619,2026-06-17,Parapat,Kerajinan,692400.0,8,Tunai,4.0,2026-06,Wednesday,Ulos Sadum,5539200.0,False
TRX001354,2026-03-28,Siborongborong,Kerajinan,904100.0,11,QRIS,4.0,2026-03,Saturday,Ulos Ragidup,9945100.0,False
TRX001562,2026-04-11,Parapat,Minuman,57600.0,4,Transfer Bank,3.0,2026-04,Saturday,Kopi Lintong,230400.0,False
TRX001406,2026-03-31,Parapat,Minuman,58600.0,6,QRIS,4.0,2026-03,Tuesday,Kopi Lintong,351600.0,False
TRX002534,2026-06-13,Balige,Camilan,33900.0,2,Transfer Bank,2.0,2026-06,Saturday,Kacang Sihobuk,67800.0,False
TRX002144,2026-05-17,Siborongborong,Kerajinan,692700.0,11,QRIS,,2026-05,Sunday,Ulos Sadum,7619700.0,False
TRX001224,2026-03-19,Balige,Kerajinan,854700.0,6,Tunai,,2026-03,Thursday,Ulos Ragidup,5128200.0,False
TRX001071,2026-03-08,Laguboti,Minuman,52900.0,8,Tunai,2.0,2026-03,Sunday,Kopi Lintong,423200.0,False
TRX002290,2026-05-26,Parapat,Bumbu,35000.0,9,QRIS,2.0,2026-05,Tuesday,Bumbu Naniura,315000.0,False
TRX002183,2026-05-20,Laguboti,Camilan,22800.0,5,QRIS,5.0,2026-05,Wednesday,Ombus-ombus,114000.0,False
TRX002372,2026-06-01,Siborongborong,Bumbu,29700.0,7,QRIS,2.0,2026-06,Monday,Andaliman,207900.0,False
TRX000296,2026-01-20,Balige,Bumbu,32900.0,6,Tunai,3.0,2026-01,Tuesday,Bumbu Naniura,197400.0,False
TRX000527,2026-02-03,Laguboti,Camilan,27800.0,6,Tunai,5.0,2026-02,Tuesday,Kacang Sihobuk,166800.0,False
TRX000695,2026-02-14,Laguboti,Bumbu,32500.0,11,Transfer Bank,4.0,2026-02,Saturday,Bumbu Naniura,357500.0,False
TRX001743,2026-04-23,Laguboti,Minuman,53100.0,2,Tunai,3.0,2026-04,Thursday,Kopi Lintong,106200.0,False
TRX001937,2026-05-05,Balige,Minuman,46800.0,11,Tunai,3.0,2026-05,Tuesday,Kopi Sidikalang,514800.0,False
TRX000603,2026-02-08,Balige,Kerajinan,693350.0,1,QRIS,3.0,2026-02,Sunday,Ulos Sadum,693350.0,False
TRX001755,2026-04-24,Siborongborong,Kerajinan,711200.0,5,QRIS,,2026-04,Friday,Ulos Sadum,3556000.0,False
TRX001326,2026-03-26,Parapat,Bumbu,32300.0,9,QRIS,2.0,2026-03,Thursday,Bumbu Naniura,290700.0,False
TRX002194,2026-05-22,Balige,Camilan,32800.0,1,Tunai,2.0,2026-05,Friday,Kacang Sihobuk,32800.0,False
TRX002716,2026-06-25,Laguboti,Kerajinan,732900.0,2,QRIS,4.0,2026-06,Thursday,Ulos Sadum,1465800.0,False
TRX000271,2026-01-18,Balige,Bumbu,23700.0,10,Tunai,2.0,2026-01,Sunday,Andaliman,237000.0,False
TRX001133,2026-03-13,Laguboti,Minuman,55000.0,3,QRIS,5.0,2026-03,Friday,Kopi Lintong,165000.0,False
TRX002475,2026-06-08,Siborongborong,Kerajinan,692000.0,8,QRIS,5.0,2026-06,Monday,Ulos Sadum,5536000.0,False
TRX000946,2026-02-28,Parapat,Camilan,22300.0,3,Transfer Bank,3.0,2026-02,Saturday,Ombus-ombus,66900.0,False
TRX002057,2026-05-13,Balige,Kerajinan,706300.0,2,Tunai,2.0,2026-05,Wednesday,Ulos Sadum,1412600.0,False
TRX000524,2026-02-03,Balige,Kerajinan,621000.0,8,Tunai,3.0,2026-02,Tuesday,Ulos Sadum,4968000.0,False
TRX002778,2026-06-28,Siborongborong,Bumbu,34100.0,4,Tunai,4.0,2026-06,Sunday,Bumbu Naniura,136400.0,False
TRX000111,2026-01-07,Parapat,Kerajinan,643100.0,6,QRIS,5.0,2026-01,Wednesday,Ulos Sadum,3858600.0,False
TRX002598,2026-06-16,Balige,Minuman,56600.0,3,Transfer Bank,4.0,2026-06,Tuesday,Kopi Lintong,169800.0,False
TRX001880,2026-05-02,Laguboti,Bumbu,28200.0,8,QRIS,1.0,2026-05,Saturday,Andaliman,225600.0,False
TRX001141,2026-03-13,Parapat,Bumbu,30200.0,9,Transfer Bank,,2026-03,Friday,Bumbu Naniura,271800.0,False
TRX000705,2026-02-14,Siborongborong,Camilan,27100.0,11,Transfer Bank,4.0,2026-02,Saturday,Kacang Sihobuk,298100.0,False
TRX001034,2026-03-06,Laguboti,Minuman,53400.0,8,QRIS,3.0,2026-03,Friday,Kopi Lintong,427200.0,False
TRX001517,2026-04-08,Parapat,Minuman,48600.0,8,Transfer Bank,1.0,2026-04,Wednesday,Kopi Sidikalang,388800.0,False
TRX000292,2026-01-19,Parapat,Kerajinan,800900.0,4,QRIS,,2026-01,Monday,Ulos Ragidup,3203600.0,False
TRX002557,2026-06-13,Parapat,Bumbu,36100.0,10,Tunai,5.0,2026-06,Saturday,Bumbu Naniura,361000.0,False
TRX002200,2026-05-22,Laguboti,Kerajinan,760000.0,8,Transfer Bank,5.0,2026-05,Friday,Ulos Sadum,6080000.0,False
TRX001294,2026-03-23,Parapat,Bumbu,30000.0,6,QRIS,3.0,2026-03,Monday,Bumbu Naniura,180000.0,False
TRX001539,2026-04-11,Balige,Kerajinan,662100.0,10,Transfer Bank,3.0,2026-04,Saturday,Ulos Sadum,6621000.0,False
TRX002048,2026-05-12,Laguboti,Bumbu,31500.0,1,Tunai,3.0,2026-05,Tuesday,Bumbu Naniura,31500.0,False
TRX002815,2026-06-30,Siborongborong,Bumbu,27200.0,5,Tunai,3.0,2026-06,Tuesday,Andaliman,136000.0,False
TRX000749,2026-02-16,Parapat,Camilan,27500.0,6,Tunai,1.0,2026-02,Monday,Kacang Sihobuk,165000.0,False
TRX001409,2026-04-01,Laguboti,Minuman,48800.0,2,Tunai,,2026-04,Wednesday,Kopi Sidikalang,97600.0,False
TRX001843,2026-04-28,Parapat,Bumbu,33300.0,1,Tunai,,2026-04,Tuesday,Bumbu Naniura,33300.0,False
TRX000180,2026-01-12,Parapat,Camilan,20500.0,3,Tunai,1.0,2026-01,Monday,Ombus-ombus,61500.0,False
TRX000268,2026-01-18,Balige,Bumbu,32000.0,10,QRIS,5.0,2026-01,Sunday,Bumbu Naniura,320000.0,False
TRX000179,2026-01-12,Laguboti,Kerajinan,677900.0,6,Tunai,,2026-01,Monday,Ulos Sadum,4067400.0,False
TRX001323,2026-03-26,Siborongborong,Bumbu,31600.0,4,Tunai,4.0,2026-03,Thursday,Bumbu Naniura,126400.0,False
TRX000667,2026-02-12,Balige,Camilan,21900.0,8,QRIS,3.0,2026-02,Thursday,Ombus-ombus,175200.0,False
TRX001076,2026-03-08,Siborongborong,Camilan,22400.0,7,Transfer Bank,1.0,2026-03,Sunday,Ombus-ombus,156800.0,False
TRX002204,2026-05-22,Siborongborong,Kerajinan,944600.0,5,Transfer Bank,3.0,2026-05,Friday,Ulos Ragidup,4723000.0,False
TRX002424,2026-06-06,Laguboti,Camilan,24800.0,9,Tunai,5.0,2026-06,Saturday,Ombus-ombus,223200.0,False
TRX000362,2026-01-24,Laguboti,Minuman,55700.0,5,Tunai,2.0,2026-01,Saturday,Kopi Lintong,278500.0,False
TRX000326,2026-01-21,Parapat,Bumbu,31500.0,1,Tunai,3.0,2026-01,Wednesday,Bumbu Naniura,31500.0,False
TRX000503,2026-02-01,Siborongborong,Minuman,48100.0,9,Transfer Bank,4.0,2026-02,Sunday,Kopi Sidikalang,432900.0,False
TRX002058,2026-05-13,Balige,Camilan,22800.0,7,Tunai,5.0,2026-05,Wednesday,Ombus-ombus,159600.0,False
TRX001403,2026-03-31,Parapat,Bumbu,34700.0,6,Transfer Bank,1.0,2026-03,Tuesday,Bumbu Naniura,208200.0,False
TRX001522,2026-04-09,Laguboti,Kerajinan,729800.0,4,QRIS,1.0,2026-04,Thursday,Ulos Sadum,2919200.0,False
TRX000064,2026-01-04,Siborongborong,Bumbu,23300.0,1,Tunai,1.0,2026-01,Sunday,Andaliman,23300.0,False
TRX002809,2026-06-29,Parapat,Kerajinan,996600.0,10,Transfer Bank,3.0,2026-06,Monday,Ulos Ragidup,9966000.0,False
TRX001980,2026-05-07,Parapat,Bumbu,26700.0,11,Tunai,1.0,2026-05,Thursday,Andaliman,293700.0,False
TRX002189,2026-05-21,Balige,Minuman,61400.0,11,QRIS,5.0,2026-05,Thursday,Kopi Lintong,675400.0,False
TRX002358,2026-05-31,Siborongborong,Bumbu,36000.0,11,Transfer Bank,,2026-05,Sunday,Bumbu Naniura,396000.0,False
TRX002014,2026-05-09,Siborongborong,Camilan,23900.0,9,Transfer Bank,3.0,2026-05,Saturday,Ombus-ombus,215100.0,False
TRX002111,2026-05-16,Laguboti,Bumbu,29800.0,4,Tunai,1.0,2026-05,Saturday,Andaliman,119200.0,False
TRX001413,2026-04-01,Laguboti,Minuman,52400.0,7,Tunai,4.0,2026-04,Wednesday,Kopi Lintong,366800.0,False
TRX001650,2026-04-17,Siborongborong,Bumbu,27200.0,2,QRIS,2.0,2026-04,Friday,Andaliman,54400.0,False
TRX001940,2026-05-05,Laguboti,Bumbu,33300.0,9,QRIS,3.0,2026-05,Tuesday,Bumbu Naniura,299700.0,False
TRX000685,2026-02-13,Parapat,Kerajinan,843200.0,2,Transfer Bank,2.0,2026-02,Friday,Ulos Ragidup,1686400.0,False
TRX000906,2026-02-27,Balige,Bumbu,25600.0,4,QRIS,5.0,2026-02,Friday,Andaliman,102400.0,False
TRX002689,2026-06-23,Balige,Kerajinan,711100.0,9,Transfer Bank,,2026-06,Tuesday,Ulos Sadum,6399900.0,False
TRX001902,2026-05-03,Balige,Minuman,46100.0,10,QRIS,5.0,2026-05,Sunday,Kopi Sidikalang,461000.0,False
TRX000864,2026-02-24,Laguboti,Minuman,49100.0,4,Transfer Bank,4.0,2026-02,Tuesday,Kopi Sidikalang,196400.0,False
TRX002106,2026-05-16,Balige,Kerajinan,950400.0,8,QRIS,4.0,2026-05,Saturday,Ulos Ragidup,7603200.0,False
TRX000616,2026-02-08,Siborongborong,Kerajinan,704400.0,10,Transfer Bank,5.0,2026-02,Sunday,Ulos Sadum,7044000.0,False
TRX001154,2026-03-14,Siborongborong,Camilan,29400.0,2,QRIS,1.0,2026-03,Saturday,Kacang Sihobuk,58800.0,False
TRX000843,2026-02-22,Parapat,Bumbu,27800.0,8,Transfer Bank,5.0,2026-02,Sunday,Andaliman,222400.0,False
TRX000260,2026-01-17,Siborongborong,Bumbu,28500.0,9,QRIS,1.0,2026-01,Saturday,Bumbu Naniura,256500.0,False
TRX001199,2026-03-16,Parapat,Minuman,48100.0,11,Transfer Bank,1.0,2026-03,Monday,Kopi Sidikalang,529100.0,False
TRX000428,2026-01-28,Siborongborong,Camilan,20900.0,9,QRIS,,2026-01,Wednesday,Ombus-ombus,188100.0,False
TRX002025,2026-05-10,Balige,Kerajinan,680100.0,8,Transfer Bank,5.0,2026-05,Sunday,Ulos Sadum,5440800.0,False
TRX000457,2026-01-30,Parapat,Bumbu,23600.0,11,Transfer Bank,2.0,2026-01,Friday,Andaliman,259600.0,False
TRX002777,2026-06-28,Siborongborong,Minuman,60900.0,9,Transfer Bank,1.0,2026-06,Sunday,Kopi Lintong,548100.0,False
TRX000387,2026-01-25,Siborongborong,Minuman,52700.0,3,Tunai,2.0,2026-01,Sunday,Kopi Lintong,158100.0,False
TRX001426,2026-04-02,Laguboti,Camilan,29000.0,3,Tunai,3.0,2026-04,Thursday,Kacang Sihobuk,87000.0,False
TRX000413,2026-01-27,Laguboti,Kerajinan,923600.0,11,Transfer Bank,4.0,2026-01,Tuesday,Ulos Ragidup,10159600.0,False
TRX002153,2026-05-17,Parapat,Kerajinan,928500.0,3,Tunai,1.0,2026-05,Sunday,Ulos Ragidup,2785500.0,False
TRX000518,2026-02-02,Siborongborong,Kerajinan,708700.0,11,Tunai,2.0,2026-02,Monday,Ulos Sadum,7795700.0,False
TRX001486,2026-04-06,Siborongborong,Camilan,30200.0,10,QRIS,2.0,2026-04,Monday,Kacang Sihobuk,302000.0,False
TRX002368,2026-06-01,Balige,Bumbu,33900.0,9,Tunai,,2026-06,Monday,Bumbu Naniura,305100.0,False
TRX000714,2026-02-15,Balige,Bumbu,28600.0,7,Tunai,2.0,2026-02,Sunday,Bumbu Naniura,200200.0,False
TRX002479,2026-06-08,Parapat,Minuman,62600.0,3,Tunai,1.0,2026-06,Monday,Kopi Lintong,187800.0,False
TRX001391,2026-03-30,Parapat,Bumbu,33400.0,1,Tunai,5.0,2026-03,Monday,Bumbu Naniura,33400.0,False
TRX001831,2026-04-28,Balige,Camilan,30200.0,2,QRIS,5.0,2026-04,Tuesday,Kacang Sihobuk,60400.0,False
TRX001822,2026-04-27,Laguboti,Minuman,46200.0,10,Tunai,3.0,2026-04,Monday,Kopi Sidikalang,462000.0,False
TRX000441,2026-01-29,Siborongborong,Minuman,54300.0,6,QRIS,3.0,2026-01,Thursday,Kopi Lintong,325800.0,False
TRX000891,2026-02-26,Balige,Minuman,48400.0,3,Tunai,1.0,2026-02,Thursday,Kopi Sidikalang,145200.0,False
TRX002261,2026-05-24,Parapat,Minuman,55400.0,7,Tunai,1.0,2026-05,Sunday,Kopi Lintong,387800.0,False
TRX001325,2026-03-26,Parapat,Minuman,54500.0,7,Transfer Bank,1.0,2026-03,Thursday,Kopi Lintong,381500.0,False
TRX001040,2026-03-06,Parapat,Camilan,21300.0,1,QRIS,,2026-03,Friday,Ombus-ombus,21300.0,False
TRX002210,2026-05-23,Balige,Kerajinan,730900.0,10,QRIS,5.0,2026-05,Saturday,Ulos Sadum,7309000.0,False
TRX001600,2026-04-13,Parapat,Minuman,45600.0,4,QRIS,4.0,2026-04,Monday,Kopi Sidikalang,182400.0,False
TRX002480,2026-06-08,Parapat,Minuman,62500.0,9,QRIS,2.0,2026-06,Monday,Kopi Lintong,562500.0,False
TRX000355,2026-01-24,Balige,Minuman,48700.0,9,Tunai,4.0,2026-01,Saturday,Kopi Sidikalang,438300.0,False
TRX002630,2026-06-19,Laguboti,Minuman,54500.0,7,Tunai,2.0,2026-06,Friday,Kopi Lintong,381500.0,False
TRX002171,2026-05-19,Laguboti,Minuman,60400.0,8,Transfer Bank,4.0,2026-05,Tuesday,Kopi Lintong,483200.0,False
TRX001745,2026-04-23,Siborongborong,Camilan,25200.0,11,QRIS,3.0,2026-04,Thursday,Ombus-ombus,277200.0,False
TRX000420,2026-01-27,Parapat,Bumbu,31500.0,4,Transfer Bank,4.0,2026-01,Tuesday,Bumbu Naniura,126000.0,False
TRX002742,2026-06-27,Balige,Kerajinan,708300.0,1,Tunai,2.0,2026-06,Saturday,Ulos Sadum,708300.0,False
TRX000569,2026-02-06,Siborongborong,Camilan,27400.0,2,Transfer Bank,,2026-02,Friday,Kacang Sihobuk,54800.0,False
TRX002406,2026-06-05,Balige,Minuman,56900.0,3,Tunai,2.0,2026-06,Friday,Kopi Lintong,170700.0,False
TRX001973,2026-05-07,Balige,Kerajinan,720100.0,1,QRIS,4.0,2026-05,Thursday,Ulos Sadum,720100.0,False
TRX000401,2026-01-26,Laguboti,Kerajinan,863400.0,8,Transfer Bank,1.0,2026-01,Monday,Ulos Ragidup,6907200.0,False
TRX002125,2026-05-16,Parapat,Minuman,46400.0,4,Tunai,3.0,2026-05,Saturday,Kopi Sidikalang,185600.0,False
TRX001263,2026-03-21,Siborongborong,Minuman,46400.0,10,Tunai,3.0,2026-03,Saturday,Kopi Sidikalang,464000.0,False
TRX002112,2026-05-16,Laguboti,Minuman,52900.0,5,Tunai,5.0,2026-05,Saturday,Kopi Sidikalang,264500.0,False
TRX001821,2026-04-27,Laguboti,Minuman,60000.0,10,QRIS,5.0,2026-04,Monday,Kopi Lintong,600000.0,False
TRX002330,2026-05-30,Laguboti,Camilan,29900.0,10,QRIS,4.0,2026-05,Saturday,Kacang Sihobuk,299000.0,False
TRX001230,2026-03-20,Balige,Camilan,24900.0,9,QRIS,2.0,2026-03,Friday,Ombus-ombus,224100.0,False
TRX000636,2026-02-09,Siborongborong,Bumbu,32000.0,9,QRIS,1.0,2026-02,Monday,Bumbu Naniura,288000.0,False
TRX000215,2026-01-15,Balige,Bumbu,26700.0,11,Tunai,3.0,2026-01,Thursday,Andaliman,293700.0,False
TRX001339,2026-03-28,Balige,Camilan,23700.0,9,QRIS,1.0,2026-03,Saturday,Ombus-ombus,213300.0,False
TRX002811,2026-06-30,Balige,Kerajinan,697100.0,3,Transfer Bank,5.0,2026-06,Tuesday,Ulos Sadum,2091300.0,False
TRX001823,2026-04-27,Laguboti,Kerajinan,938600.0,4,QRIS,,2026-04,Monday,Ulos Ragidup,3754400.0,False
TRX001194,2026-03-16,Laguboti,Minuman,55100.0,5,Transfer Bank,3.0,2026-03,Monday,Kopi Lintong,275500.0,False
TRX000416,2026-01-27,Siborongborong,Bumbu,25800.0,10,Transfer Bank,1.0,2026-01,Tuesday,Andaliman,258000.0,False
TRX001083,2026-03-09,Balige,Camilan,22800.0,4,QRIS,3.0,2026-03,Monday,Ombus-ombus,91200.0,False
TRX002130,2026-05-17,Balige,Bumbu,32500.0,8,Tunai,4.0,2026-05,Sunday,Bumbu Naniura,260000.0,False
TRX000052,2026-01-04,Laguboti,Bumbu,26800.0,4,Tunai,3.0,2026-01,Sunday,Andaliman,107200.0,False
TRX000214,2026-01-15,Balige,Kerajinan,914800.0,10,Transfer Bank,,2026-01,Thursday,Ulos Ragidup,9148000.0,False
TRX000988,2026-03-02,Laguboti,Camilan,24300.0,7,Tunai,5.0,2026-03,Monday,Ombus-ombus,170100.0,False
TRX002589,2026-06-15,Balige,Bumbu,34300.0,11,QRIS,4.0,2026-06,Monday,Bumbu Naniura,377300.0,False
TRX001023,2026-03-05,Siborongborong,Kerajinan,648100.0,10,Tunai,,2026-03,Thursday,Ulos Sadum,6481000.0,False
TRX000342,2026-01-23,Balige,Minuman,48400.0,1,QRIS,3.0,2026-01,Friday,Kopi Sidikalang,48400.0,False
TRX000148,2026-01-10,Siborongborong,Kerajinan,606200.0,10,QRIS,1.0,2026-01,Saturday,Ulos Sadum,6062000.0,False
TRX001024,2026-03-05,Siborongborong,Bumbu,29300.0,8,Transfer Bank,3.0,2026-03,Thursday,Bumbu Naniura,234400.0,False
TRX002300,2026-05-27,Siborongborong,Kerajinan,711500.0,3,Tunai,,2026-05,Wednesday,Ulos Sadum,2134500.0,False
TRX001085,2026-03-09,Laguboti,Kerajinan,704000.0,4,QRIS,4.0,2026-03,Monday,Ulos Sadum,2816000.0,False
TRX002581,2026-06-14,Parapat,Kerajinan,1038300.0,2,Tunai,2.0,2026-06,Sunday,Ulos Ragidup,2076600.0,False
TRX000639,2026-02-09,Siborongborong,Kerajinan,826000.0,3,Transfer Bank,1.0,2026-02,Monday,Ulos Ragidup,2478000.0,False
TRX000218,2026-01-15,Siborongborong,Bumbu,24500.0,9,QRIS,5.0,2026-01,Thursday,Andaliman,220500.0,False
TRX000485,2026-02-01,Balige,Bumbu,33100.0,6,Tunai,5.0,2026-02,Sunday,Bumbu Naniura,198600.0,False
TRX000451,2026-01-30,Laguboti,Camilan,27400.0,4,Tunai,4.0,2026-01,Friday,Kacang Sihobuk,109600.0,False
TRX001298,2026-03-24,Laguboti,Bumbu,26400.0,7,Tunai,2.0,2026-03,Tuesday,Andaliman,184800.0,False
TRX001990,2026-05-08,Siborongborong,Minuman,56500.0,9,Tunai,,2026-05,Friday,Kopi Lintong,508500.0,False
TRX001652,2026-04-17,Parapat,Bumbu,27700.0,2,Tunai,1.0,2026-04,Friday,Andaliman,55400.0,False
TRX001676,2026-04-19,Balige,Kerajinan,730000.0,3,Tunai,5.0,2026-04,Sunday,Ulos Sadum,2190000.0,False
TRX001163,2026-03-14,Parapat,Bumbu,26800.0,9,Transfer Bank,3.0,2026-03,Saturday,Andaliman,241200.0,False
TRX001546,2026-04-11,Laguboti,Kerajinan,881900.0,6,Transfer Bank,,2026-04,Saturday,Ulos Ragidup,5291400.0,False
TRX002347,2026-05-31,Balige,Bumbu,32700.0,4,Tunai,,2026-05,Sunday,Bumbu Naniura,130800.0,False
TRX000340,2026-01-23,Balige,Camilan,29900.0,3,QRIS,5.0,2026-01,Friday,Kacang Sihobuk,89700.0,False
TRX002362,2026-05-31,Parapat,Camilan,29700.0,10,Tunai,4.0,2026-05,Sunday,Kacang Sihobuk,297000.0,False
TRX000663,2026-02-11,Parapat,Minuman,44900.0,11,Transfer Bank,4.0,2026-02,Wednesday,Kopi Sidikalang,493900.0,False
TRX000659,2026-02-11,Siborongborong,Kerajinan,630400.0,7,Tunai,2.0,2026-02,Wednesday,Ulos Sadum,4412800.0,False
TRX000641,2026-02-09,Parapat,Kerajinan,863900.0,4,Tunai,3.0,2026-02,Monday,Ulos Ragidup,3455600.0,False
TRX000896,2026-02-26,Laguboti,Camilan,23400.0,7,QRIS,5.0,2026-02,Thursday,Ombus-ombus,163800.0,False
TRX000363,2026-01-24,Siborongborong,Minuman,51000.0,4,Tunai,2.0,2026-01,Saturday,Kopi Lintong,204000.0,False
TRX002053,2026-05-12,Parapat,Minuman,50800.0,9,Tunai,3.0,2026-05,Tuesday,Kopi Sidikalang,457200.0,False
TRX000771,2026-02-18,Siborongborong,Minuman,54300.0,6,Tunai,1.0,2026-02,Wednesday,Kopi Lintong,325800.0,False
TRX000644,2026-02-10,Balige,Bumbu,25600.0,3,Tunai,4.0,2026-02,Tuesday,Andaliman,76800.0,False
TRX002306,2026-05-28,Laguboti,Bumbu,36000.0,1,Tunai,2.0,2026-05,Thursday,Bumbu Naniura,36000.0,False
TRX001204,2026-03-17,Laguboti,Camilan,23300.0,1,QRIS,4.0,2026-03,Tuesday,Ombus-ombus,23300.0,False
TRX000122,2026-01-09,Balige,Kerajinan,691500.0,10,QRIS,3.0,2026-01,Friday,Ulos Sadum,6915000.0,False
TRX002115,2026-05-16,Siborongborong,Bumbu,34300.0,1,Tunai,5.0,2026-05,Saturday,Bumbu Naniura,34300.0,False
TRX001733,2026-04-22,Siborongborong,Kerajinan,691400.0,4,QRIS,4.0,2026-04,Wednesday,Ulos Sadum,2765600.0,False
TRX002373,2026-06-01,Siborongborong,Camilan,33700.0,1,Tunai,,2026-06,Monday,Kacang Sihobuk,33700.0,False
TRX001491,2026-04-06,Parapat,Camilan,25400.0,8,Transfer Bank,3.0,2026-04,Monday,Ombus-ombus,203200.0,False
TRX002629,2026-06-19,Laguboti,Camilan,32300.0,8,QRIS,,2026-06,Friday,Kacang Sihobuk,258400.0,False
TRX000741,2026-02-15,Parapat,Kerajinan,698700.0,8,Transfer Bank,1.0,2026-02,Sunday,Ulos Sadum,5589600.0,False
TRX000593,2026-02-07,Siborongborong,Camilan,30700.0,7,Tunai,3.0,2026-02,Saturday,Kacang Sihobuk,214900.0,False
TRX000373,2026-01-25,Balige,Bumbu,30100.0,11,Transfer Bank,1.0,2026-01,Sunday,Bumbu Naniura,331100.0,False
TRX002572,2026-06-14,Siborongborong,Kerajinan,701200.0,6,QRIS,1.0,2026-06,Sunday,Ulos Sadum,4207200.0,False
TRX001956,2026-05-06,Balige,Camilan,25900.0,1,Transfer Bank,3.0,2026-05,Wednesday,Ombus-ombus,25900.0,False
TRX000035,2026-01-03,Siborongborong,Kerajinan,895800.0,1,Transfer Bank,1.0,2026-01,Saturday,Ulos Ragidup,895800.0,False
TRX002784,2026-06-28,Parapat,Minuman,63100.0,5,Tunai,1.0,2026-06,Sunday,Kopi Lintong,315500.0,False
TRX000375,2026-01-25,Balige,Minuman,51000.0,9,Transfer Bank,5.0,2026-01,Sunday,Kopi Lintong,459000.0,False
TRX000151,2026-01-10,Siborongborong,Bumbu,32300.0,9,Tunai,2.0,2026-01,Saturday,Bumbu Naniura,290700.0,False
TRX002645,2026-06-20,Siborongborong,Kerajinan,713200.0,6,Tunai,4.0,2026-06,Saturday,Ulos Sadum,4279200.0,False
TRX000717,2026-02-15,Laguboti,Camilan,29600.0,6,Tunai,1.0,2026-02,Sunday,Kacang Sihobuk,177600.0,False
TRX001280,2026-03-22,Siborongborong,Kerajinan,871200.0,11,Transfer Bank,2.0,2026-03,Sunday,Ulos Ragidup,9583200.0,False
TRX000254,2026-01-17,Siborongborong,Minuman,52500.0,9,QRIS,4.0,2026-01,Saturday,Kopi Lintong,472500.0,False
TRX001124,2026-03-12,Parapat,Kerajinan,661800.0,1,QRIS,4.0,2026-03,Thursday,Ulos Sadum,661800.0,False
TRX002221,2026-05-23,Laguboti,Bumbu,26400.0,3,QRIS,,2026-05,Saturday,Andaliman,79200.0,False
TRX001059,2026-03-07,Parapat,Bumbu,32200.0,6,QRIS,4.0,2026-03,Saturday,Bumbu Naniura,193200.0,False
TRX002168,2026-05-18,Parapat,Camilan,23800.0,4,Transfer Bank,,2026-05,Monday,Ombus-ombus,95200.0,False
TRX001233,2026-03-20,Laguboti,Camilan,23200.0,3,QRIS,5.0,2026-03,Friday,Ombus-ombus,69600.0,False
TRX000059,2026-01-04,Siborongborong,Kerajinan,885600.0,3,Transfer Bank,5.0,2026-01,Sunday,Ulos Ragidup,2656800.0,False
TRX000545,2026-02-04,Siborongborong,Camilan,30700.0,6,Tunai,5.0,2026-02,Wednesday,Kacang Sihobuk,184200.0,False
TRX001243,2026-03-21,Balige,Kerajinan,720100.0,8,QRIS,5.0,2026-03,Saturday,Ulos Sadum,5760800.0,False
TRX002197,2026-05-22,Balige,Minuman,50100.0,9,QRIS,4.0,2026-05,Friday,Kopi Sidikalang,450900.0,False
TRX001468,2026-04-05,Siborongborong,Minuman,58900.0,5,Tunai,1.0,2026-04,Sunday,Kopi Lintong,294500.0,False
TRX001727,2026-04-22,Balige,Minuman,46300.0,1,Transfer Bank,3.0,2026-04,Wednesday,Kopi Sidikalang,46300.0,False
TRX001773,2026-04-25,Siborongborong,Bumbu,31300.0,4,Transfer Bank,4.0,2026-04,Saturday,Bumbu Naniura,125200.0,False
TRX002126,2026-05-16,Parapat,Minuman,53800.0,5,QRIS,4.0,2026-05,Saturday,Kopi Sidikalang,269000.0,False
TRX001068,2026-03-08,Laguboti,Minuman,44000.0,5,Tunai,1.0,2026-03,Sunday,Kopi Sidikalang,220000.0,False
TRX000513,2026-02-02,Balige,Camilan,24300.0,3,Transfer Bank,1.0,2026-02,Monday,Ombus-ombus,72900.0,False
TRX002593,2026-06-15,Parapat,Kerajinan,965000.0,11,QRIS,,2026-06,Monday,Ulos Ragidup,10615000.0,False
TRX001033,2026-03-06,Balige,Bumbu,24800.0,4,Transfer Bank,5.0,2026-03,Friday,Andaliman,99200.0,False
TRX000733,2026-02-15,Siborongborong,Minuman,55400.0,2,Tunai,5.0,2026-02,Sunday,Kopi Lintong,110800.0,False
TRX000833,2026-02-22,Laguboti,Minuman,57500.0,4,QRIS,4.0,2026-02,Sunday,Kopi Lintong,230000.0,False
TRX000193,2026-01-13,Siborongborong,Bumbu,30700.0,1,Tunai,,2026-01,Tuesday,Bumbu Naniura,30700.0,False
TRX000781,2026-02-19,Parapat,Camilan,23600.0,5,Transfer Bank,1.0,2026-02,Thursday,Ombus-ombus,118000.0,False
TRX002318,2026-05-29,Siborongborong,Bumbu,33100.0,1,Tunai,3.0,2026-05,Friday,Bumbu Naniura,33100.0,False
TRX000434,2026-01-29,Balige,Kerajinan,655200.0,8,Transfer Bank,2.0,2026-01,Thursday,Ulos Sadum,5241600.0,False
TRX002549,2026-06-13,Siborongborong,Camilan,31700.0,9,QRIS,2.0,2026-06,Saturday,Kacang Sihobuk,285300.0,False
TRX001583,2026-04-12,Siborongborong,Minuman,57100.0,1,Transfer Bank,2.0,2026-04,Sunday,Kopi Lintong,57100.0,False
TRX001926,2026-05-04,Balige,Bumbu,31400.0,7,QRIS,3.0,2026-05,Monday,Bumbu Naniura,219800.0,False
TRX000415,2026-01-27,Laguboti,Minuman,49900.0,1,Tunai,,2026-01,Tuesday,Kopi Lintong,49900.0,False
TRX002717,2026-06-25,Laguboti,Bumbu,33900.0,9,QRIS,4.0,2026-06,Thursday,Bumbu Naniura,305100.0,False
TRX001436,2026-04-03,Siborongborong,Kerajinan,748300.0,3,QRIS,,2026-04,Friday,Ulos Sadum,2244900.0,False
TRX000090,2026-01-06,Laguboti,Bumbu,24600.0,6,Transfer Bank,4.0,2026-01,Tuesday,Andaliman,147600.0,False
TRX002310,2026-05-28,Siborongborong,Bumbu,35100.0,6,Tunai,1.0,2026-05,Thursday,Bumbu Naniura,210600.0,False
TRX002602,2026-06-16,Laguboti,Kerajinan,790100.0,4,Tunai,3.0,2026-06,Tuesday,Ulos Sadum,3160400.0,False
TRX000018,2026-01-02,Parapat,Bumbu,25700.0,9,QRIS,3.0,2026-01,Friday,Andaliman,231300.0,False
TRX000297,2026-01-20,Laguboti,Camilan,28400.0,11,QRIS,3.0,2026-01,Tuesday,Kacang Sihobuk,312400.0,False
TRX002402,2026-06-04,Parapat,Kerajinan,713900.0,1,QRIS,3.0,2026-06,Thursday,Ulos Sadum,713900.0,False
TRX002623,2026-06-18,Laguboti,Camilan,33400.0,11,QRIS,5.0,2026-06,Thursday,Kacang Sihobuk,367400.0,False
TRX001172,2026-03-15,Laguboti,Minuman,53600.0,4,QRIS,4.0,2026-03,Sunday,Kopi Lintong,214400.0,False
TRX000743,2026-02-16,Balige,Kerajinan,655800.0,3,Tunai,1.0,2026-02,Monday,Ulos Sadum,1967400.0,False
TRX001807,2026-04-26,Siborongborong,Minuman,48500.0,1,QRIS,3.0,2026-04,Sunday,Kopi Sidikalang,48500.0,False
TRX000758,2026-02-17,Siborongborong,Bumbu,27000.0,9,Transfer Bank,2.0,2026-02,Tuesday,Andaliman,243000.0,False
TRX000515,2026-02-02,Laguboti,Minuman,50000.0,11,QRIS,2.0,2026-02,Monday,Kopi Lintong,550000.0,False
TRX000116,2026-01-08,Laguboti,Bumbu,25800.0,8,Tunai,4.0,2026-01,Thursday,Andaliman,206400.0,False
TRX001276,2026-03-22,Laguboti,Camilan,24000.0,11,Transfer Bank,5.0,2026-03,Sunday,Ombus-ombus,264000.0,False
TRX001516,2026-04-08,Parapat,Kerajinan,952100.0,8,QRIS,4.0,2026-04,Wednesday,Ulos Ragidup,7616800.0,False
TRX000682,2026-02-13,Siborongborong,Kerajinan,949200.0,2,QRIS,3.0,2026-02,Friday,Ulos Ragidup,1898400.0,False
TRX001817,2026-04-27,Balige,Minuman,54500.0,4,Transfer Bank,1.0,2026-04,Monday,Kopi Lintong,218000.0,False
TRX001142,2026-03-14,Balige,Bumbu,25500.0,1,QRIS,,2026-03,Saturday,Andaliman,25500.0,False
TRX001816,2026-04-26,Parapat,Camilan,22600.0,5,Tunai,2.0,2026-04,Sunday,Ombus-ombus,113000.0,False
TRX002491,2026-06-09,Siborongborong,Kerajinan,776600.0,9,Transfer Bank,2.0,2026-06,Tuesday,Ulos Sadum,6989400.0,False
TRX000263,2026-01-17,Parapat,Minuman,49400.0,8,Transfer Bank,4.0,2026-01,Saturday,Kopi Lintong,395200.0,False
TRX000638,2026-02-09,Siborongborong,Bumbu,27700.0,8,Tunai,1.0,2026-02,Monday,Andaliman,221600.0,False
TRX002705,2026-06-24,Balige,Camilan,24500.0,3,Transfer Bank,,2026-06,Wednesday,Ombus-ombus,73500.0,False
TRX001316,2026-03-26,Balige,Kerajinan,966700.0,10,QRIS,3.0,2026-03,Thursday,Ulos Ragidup,9667000.0,False
TRX000171,2026-01-11,Siborongborong,Camilan,22200.0,6,Tunai,4.0,2026-01,Sunday,Ombus-ombus,133200.0,False
TRX001190,2026-03-15,Parapat,Bumbu,25500.0,9,QRIS,1.0,2026-03,Sunday,Andaliman,229500.0,False
TRX001756,2026-04-24,Siborongborong,Kerajinan,700200.0,4,Transfer Bank,2.0,2026-04,Friday,Ulos Sadum,2800800.0,False
TRX002469,2026-06-08,Balige,Camilan,22900.0,1,Transfer Bank,3.0,2026-06,Monday,Ombus-ombus,22900.0,False
TRX000796,2026-02-20,Parapat,Bumbu,25000.0,5,Tunai,5.0,2026-02,Friday,Andaliman,125000.0,False
TRX000299,2026-01-20,Laguboti,Camilan,26700.0,7,Tunai,,2026-01,Tuesday,Kacang Sihobuk,186900.0,False
TRX002302,2026-05-27,Siborongborong,Kerajinan,880200.0,1,Tunai,3.0,2026-05,Wednesday,Ulos Ragidup,880200.0,False
TRX000841,2026-02-22,Parapat,Kerajinan,703600.0,3,Tunai,1.0,2026-02,Sunday,Ulos Sadum,2110800.0,False
TRX001759,2026-04-24,Parapat,Minuman,61200.0,11,Transfer Bank,2.0,2026-04,Friday,Kopi Lintong,673200.0,False
TRX000604,2026-02-08,Balige,Minuman,42800.0,11,QRIS,4.0,2026-02,Sunday,Kopi Sidikalang,470800.0,False
TRX002281,2026-05-26,Balige,Minuman,56000.0,11,Tunai,3.0,2026-05,Tuesday,Kopi Lintong,616000.0,False
TRX001385,2026-03-30,Balige,Kerajinan,960400.0,6,Tunai,3.0,2026-03,Monday,Ulos Ragidup,5762400.0,False
TRX002351,2026-05-31,Laguboti,Minuman,55300.0,11,Tunai,3.0,2026-05,Sunday,Kopi Lintong,608300.0,False
TRX000001,2026-01-01,Balige,Bumbu,26000.0,11,Transfer Bank,4.0,2026-01,Thursday,Andaliman,286000.0,False
TRX000038,2026-01-03,Parapat,Kerajinan,893300.0,10,Tunai,5.0,2026-01,Saturday,Ulos Ragidup,8933000.0,False
TRX002436,2026-06-06,Parapat,Kerajinan,998300.0,8,QRIS,4.0,2026-06,Saturday,Ulos Ragidup,7986400.0,False
TRX000537,2026-02-04,Balige,Bumbu,29400.0,8,Tunai,4.0,2026-02,Wednesday,Bumbu Naniura,235200.0,False
TRX000399,2026-01-26,Laguboti,Kerajinan,930900.0,9,Transfer Bank,,2026-01,Monday,Ulos Ragidup,8378100.0,False
TRX001694,2026-04-19,Siborongborong,Camilan,24500.0,9,QRIS,5.0,2026-04,Sunday,Ombus-ombus,220500.0,False
TRX000583,2026-02-07,Laguboti,Camilan,30100.0,5,Transfer Bank,5.0,2026-02,Saturday,Kacang Sihobuk,150500.0,False
TRX002745,2026-06-27,Laguboti,Minuman,62600.0,4,Transfer Bank,5.0,2026-06,Saturday,Kopi Lintong,250400.0,False
TRX000878,2026-02-25,Laguboti,Bumbu,29700.0,7,Transfer Bank,4.0,2026-02,Wednesday,Bumbu Naniura,207900.0,False
TRX002158,2026-05-18,Laguboti,Kerajinan,675100.0,5,QRIS,4.0,2026-05,Monday,Ulos Sadum,3375500.0,False
TRX001264,2026-03-21,Parapat,Bumbu,30400.0,8,Transfer Bank,,2026-03,Saturday,Bumbu Naniura,243200.0,False
TRX000396,2026-01-26,Balige,Kerajinan,635200.0,2,QRIS,,2026-01,Monday,Ulos Sadum,1270400.0,False
TRX000095,2026-01-06,Siborongborong,Bumbu,27100.0,2,Transfer Bank,1.0,2026-01,Tuesday,Andaliman,54200.0,False
TRX002297,2026-05-27,Laguboti,Kerajinan,991500.0,6,Tunai,1.0,2026-05,Wednesday,Ulos Ragidup,5949000.0,False
TRX002659,2026-06-21,Laguboti,Bumbu,33200.0,4,QRIS,5.0,2026-06,Sunday,Bumbu Naniura,132800.0,False
TRX002702,2026-06-23,Parapat,Bumbu,34000.0,6,QRIS,4.0,2026-06,Tuesday,Bumbu Naniura,204000.0,False
TRX001767,2026-04-25,Laguboti,Bumbu,28500.0,9,QRIS,4.0,2026-04,Saturday,Andaliman,256500.0,False
TRX001451,2026-04-04,Parapat,Bumbu,25600.0,8,Transfer Bank,1.0,2026-04,Saturday,Andaliman,204800.0,False
TRX000665,2026-02-11,Parapat,Camilan,22600.0,9,Tunai,2.0,2026-02,Wednesday,Ombus-ombus,203400.0,False
TRX002561,2026-06-14,Balige,Bumbu,33800.0,5,Tunai,,2026-06,Sunday,Bumbu Naniura,169000.0,False
TRX001915,2026-05-03,Siborongborong,Minuman,53400.0,10,QRIS,3.0,2026-05,Sunday,Kopi Lintong,534000.0,False
TRX002800,2026-06-29,Siborongborong,Bumbu,35400.0,9,Transfer Bank,5.0,2026-06,Monday,Bumbu Naniura,318600.0,False
TRX000706,2026-02-14,Siborongborong,Bumbu,29800.0,7,Transfer Bank,2.0,2026-02,Saturday,Bumbu Naniura,208600.0,False
TRX002165,2026-05-18,Parapat,Bumbu,31200.0,2,Tunai,1.0,2026-05,Monday,Bumbu Naniura,62400.0,False
TRX000318,2026-01-21,Laguboti,Bumbu,28200.0,10,QRIS,5.0,2026-01,Wednesday,Bumbu Naniura,282000.0,False
TRX001945,2026-05-05,Siborongborong,Camilan,29900.0,11,QRIS,3.0,2026-05,Tuesday,Kacang Sihobuk,328900.0,False
TRX002790,2026-06-29,Balige,Bumbu,29900.0,5,Tunai,1.0,2026-06,Monday,Andaliman,149500.0,False
TRX000869,2026-02-24,Parapat,Minuman,53600.0,9,Tunai,2.0,2026-02,Tuesday,Kopi Lintong,482400.0,False
TRX002095,2026-05-15,Laguboti,Camilan,24500.0,3,Tunai,5.0,2026-05,Friday,Ombus-ombus,73500.0,False
TRX000821,2026-02-22,Balige,Bumbu,30700.0,9,Transfer Bank,,2026-02,Sunday,Bumbu Naniura,276300.0,False
TRX001592,2026-04-13,Laguboti,Minuman,58200.0,4,QRIS,2.0,2026-04,Monday,Kopi Lintong,232800.0,False
TRX002701,2026-06-23,Parapat,Kerajinan,951200.0,6,QRIS,4.0,2026-06,Tuesday,Ulos Ragidup,5707200.0,False
TRX000858,2026-02-23,Parapat,Bumbu,30500.0,9,QRIS,2.0,2026-02,Monday,Bumbu Naniura,274500.0,False
TRX001063,2026-03-07,Parapat,Camilan,21700.0,2,Tunai,2.0,2026-03,Saturday,Ombus-ombus,43400.0,False
TRX001225,2026-03-19,Balige,Camilan,25000.0,1,Tunai,1.0,2026-03,Thursday,Ombus-ombus,25000.0,False
TRX002089,2026-05-14,Parapat,Kerajinan,971500.0,9,Transfer Bank,4.0,2026-05,Thursday,Ulos Ragidup,8743500.0,False
TRX002531,2026-06-13,Balige,Camilan,32300.0,6,Tunai,3.0,2026-06,Saturday,Kacang Sihobuk,193800.0,False
TRX001303,2026-03-25,Balige,Minuman,48900.0,11,Transfer Bank,4.0,2026-03,Wednesday,Kopi Sidikalang,537900.0,False
TRX000753,2026-02-17,Laguboti,Kerajinan,940800.0,11,QRIS,,2026-02,Tuesday,Ulos Ragidup,10348800.0,False
TRX001180,2026-03-15,Siborongborong,Minuman,49400.0,3,Tunai,4.0,2026-03,Sunday,Kopi Sidikalang,148200.0,False
TRX002654,2026-06-21,Balige,Kerajinan,793200.0,11,Transfer Bank,5.0,2026-06,Sunday,Ulos Sadum,8725200.0,False
TRX000846,2026-02-23,Balige,Kerajinan,717600.0,11,Transfer Bank,4.0,2026-02,Monday,Ulos Sadum,7893600.0,False
TRX001422,2026-04-02,Balige,Minuman,46200.0,10,Tunai,2.0,2026-04,Thursday,Kopi Sidikalang,462000.0,False
TRX000962,2026-03-01,Laguboti,Kerajinan,726800.0,6,QRIS,2.0,2026-03,Sunday,Ulos Sadum,4360800.0,False
TRX000802,2026-02-21,Balige,Bumbu,26500.0,3,Transfer Bank,,2026-02,Saturday,Andaliman,79500.0,False
TRX001299,2026-03-24,Siborongborong,Minuman,59400.0,3,Transfer Bank,5.0,2026-03,Tuesday,Kopi Lintong,178200.0,False
TRX001039,2026-03-06,Parapat,Bumbu,32900.0,3,QRIS,5.0,2026-03,Friday,Bumbu Naniura,98700.0,False
TRX001348,2026-03-28,Laguboti,Camilan,24100.0,7,Transfer Bank,1.0,2026-03,Saturday,Ombus-ombus,168700.0,False
TRX001197,2026-03-16,Siborongborong,Camilan,30200.0,11,Transfer Bank,3.0,2026-03,Monday,Kacang Sihobuk,332200.0,False
TRX000288,2026-01-19,Laguboti,Camilan,30200.0,2,QRIS,1.0,2026-01,Monday,Kacang Sihobuk,60400.0,False
TRX000787,2026-02-20,Laguboti,Bumbu,24100.0,2,Tunai,1.0,2026-02,Friday,Andaliman,48200.0,False
TRX001854,2026-04-30,Laguboti,Kerajinan,666700.0,11,Tunai,4.0,2026-04,Thursday,Ulos Sadum,7333700.0,False
TRX002535,2026-06-13,Balige,Camilan,26700.0,6,Tunai,1.0,2026-06,Saturday,Ombus-ombus,160200.0,False
TRX002146,2026-05-17,Siborongborong,Minuman,49300.0,9,QRIS,1.0,2026-05,Sunday,Kopi Sidikalang,443700.0,False
TRX001399,2026-03-31,Balige,Camilan,23400.0,4,QRIS,,2026-03,Tuesday,Ombus-ombus,93600.0,False
TRX002685,2026-06-23,Balige,Kerajinan,973800.0,6,QRIS,3.0,2026-06,Tuesday,Ulos Ragidup,5842800.0,False
TRX001449,2026-04-04,Parapat,Bumbu,26300.0,4,QRIS,5.0,2026-04,Saturday,Andaliman,105200.0,False
TRX001778,2026-04-25,Parapat,Camilan,25600.0,11,Tunai,4.0,2026-04,Saturday,Ombus-ombus,281600.0,False
TRX002761,2026-06-27,Parapat,Camilan,34300.0,8,QRIS,2.0,2026-06,Saturday,Kacang Sihobuk,274400.0,False
TRX000201,2026-01-14,Balige,Minuman,52300.0,3,Transfer Bank,5.0,2026-01,Wednesday,Kopi Lintong,156900.0,False
TRX001293,2026-03-23,Laguboti,Kerajinan,972300.0,3,Tunai,2.0,2026-03,Monday,Ulos Ragidup,2916900.0,False
TRX002394,2026-06-03,Siborongborong,Bumbu,30100.0,3,Tunai,4.0,2026-06,Wednesday,Andaliman,90300.0,False
TRX000770,2026-02-18,Siborongborong,Bumbu,32200.0,8,Transfer Bank,3.0,2026-02,Wednesday,Bumbu Naniura,257600.0,False
TRX000526,2026-02-03,Laguboti,Kerajinan,648000.0,2,QRIS,5.0,2026-02,Tuesday,Ulos Sadum,1296000.0,False
TRX001534,2026-04-10,Parapat,Bumbu,25600.0,5,Tunai,3.0,2026-04,Friday,Andaliman,128000.0,False
TRX001337,2026-03-27,Parapat,Minuman,48400.0,10,Tunai,1.0,2026-03,Friday,Kopi Sidikalang,484000.0,False
TRX000507,2026-02-01,Parapat,Kerajinan,839800.0,2,QRIS,5.0,2026-02,Sunday,Ulos Ragidup,1679600.0,False
TRX000480,2026-01-31,Parapat,Kerajinan,937400.0,11,Tunai,4.0,2026-01,Saturday,Ulos Ragidup,10311400.0,False
TRX002415,2026-06-05,Parapat,Minuman,57900.0,10,Transfer Bank,4.0,2026-06,Friday,Kopi Lintong,579000.0,False
TRX001123,2026-03-12,Parapat,Camilan,21700.0,1,QRIS,3.0,2026-03,Thursday,Ombus-ombus,21700.0,False
TRX000397,2026-01-26,Balige,Bumbu,31000.0,6,QRIS,5.0,2026-01,Monday,Bumbu Naniura,186000.0,False
TRX002066,2026-05-13,Parapat,Kerajinan,730200.0,6,Tunai,,2026-05,Wednesday,Ulos Sadum,4381200.0,False
TRX001214,2026-03-17,Parapat,Bumbu,26300.0,7,Tunai,1.0,2026-03,Tuesday,Andaliman,184100.0,False
TRX001410,2026-04-01,Laguboti,Bumbu,26800.0,1,QRIS,4.0,2026-04,Wednesday,Andaliman,26800.0,False
TRX001160,2026-03-14,Siborongborong,Kerajinan,868300.0,8,Transfer Bank,3.0,2026-03,Saturday,Ulos Ragidup,6946400.0,False
TRX001355,2026-03-28,Siborongborong,Camilan,24000.0,4,QRIS,4.0,2026-03,Saturday,Ombus-ombus,96000.0,False
TRX000241,2026-01-17,Balige,Camilan,23100.0,7,QRIS,3.0,2026-01,Saturday,Ombus-ombus,161700.0,False
TRX000708,2026-02-14,Parapat,Kerajinan,916800.0,10,Transfer Bank,,2026-02,Saturday,Ulos Ragidup,9168000.0,False
TRX000449,2026-01-30,Balige,Bumbu,27200.0,2,QRIS,2.0,2026-01,Friday,Andaliman,54400.0,False
TRX002462,2026-06-07,Parapat,Kerajinan,908800.0,1,QRIS,5.0,2026-06,Sunday,Ulos Ragidup,908800.0,False
TRX000014,2026-01-02,Laguboti,Kerajinan,647500.0,8,QRIS,5.0,2026-01,Friday,Ulos Sadum,5180000.0,False
TRX002786,2026-06-28,Parapat,Kerajinan,746400.0,7,Transfer Bank,3.0,2026-06,Sunday,Ulos Sadum,5224800.0,False
TRX000768,2026-02-18,Laguboti,Minuman,45500.0,6,Tunai,1.0,2026-02,Wednesday,Kopi Sidikalang,273000.0,False
TRX002423,2026-06-06,Laguboti,Minuman,62900.0,6,QRIS,,2026-06,Saturday,Kopi Lintong,377400.0,False
TRX000377,2026-01-25,Balige,Kerajinan,638800.0,3,Transfer Bank,2.0,2026-01,Sunday,Ulos Sadum,1916400.0,False
TRX001874,2026-05-02,Laguboti,Kerajinan,866000.0,10,QRIS,1.0,2026-05,Saturday,Ulos Ragidup,8660000.0,False
TRX000264,2026-01-17,Parapat,Bumbu,25000.0,2,QRIS,3.0,2026-01,Saturday,Andaliman,50000.0,False
TRX000504,2026-02-01,Siborongborong,Kerajinan,659100.0,10,Transfer Bank,1.0,2026-02,Sunday,Ulos Sadum,6591000.0,False
TRX002466,2026-06-07,Parapat,Bumbu,35900.0,5,Transfer Bank,4.0,2026-06,Sunday,Bumbu Naniura,179500.0,False
TRX001731,2026-04-22,Laguboti,Camilan,32500.0,9,Transfer Bank,5.0,2026-04,Wednesday,Kacang Sihobuk,292500.0,False
TRX002324,2026-05-30,Balige,Camilan,28900.0,6,Transfer Bank,4.0,2026-05,Saturday,Kacang Sihobuk,173400.0,False
TRX002512,2026-06-10,Parapat,Kerajinan,1016300.0,11,QRIS,3.0,2026-06,Wednesday,Ulos Ragidup,11179300.0,False
TRX000233,2026-01-16,Siborongborong,Camilan,30300.0,3,QRIS,3.0,2026-01,Friday,Kacang Sihobuk,90900.0,False
TRX002420,2026-06-06,Balige,Kerajinan,736900.0,7,Transfer Bank,2.0,2026-06,Saturday,Ulos Sadum,5158300.0,False
TRX001383,2026-03-29,Parapat,Kerajinan,746400.0,9,QRIS,2.0,2026-03,Sunday,Ulos Sadum,6717600.0,False
TRX001616,2026-04-15,Laguboti,Camilan,24400.0,1,QRIS,3.0,2026-04,Wednesday,Ombus-ombus,24400.0,False
TRX002278,2026-05-25,Parapat,Minuman,47700.0,5,Transfer Bank,3.0,2026-05,Monday,Kopi Sidikalang,238500.0,False
TRX001433,2026-04-03,Laguboti,Bumbu,25500.0,7,Transfer Bank,3.0,2026-04,Friday,Andaliman,178500.0,False
TRX000820,2026-02-22,Balige,Kerajinan,930200.0,2,Transfer Bank,,2026-02,Sunday,Ulos Ragidup,1860400.0,False
TRX000929,2026-02-28,Balige,Kerajinan,831300.0,3,Transfer Bank,5.0,2026-02,Saturday,Ulos Ragidup,2493900.0,False
TRX000174,2026-01-11,Siborongborong,Camilan,21800.0,4,QRIS,2.0,2026-01,Sunday,Ombus-ombus,87200.0,False
TRX000142,2026-01-10,Laguboti,Bumbu,27000.0,8,Transfer Bank,4.0,2026-01,Saturday,Andaliman,216000.0,False
TRX000205,2026-01-14,Laguboti,Camilan,23000.0,5,Transfer Bank,5.0,2026-01,Wednesday,Ombus-ombus,115000.0,False
TRX002105,2026-05-16,Balige,Bumbu,31900.0,7,QRIS,5.0,2026-05,Saturday,Bumbu Naniura,223300.0,False
TRX001099,2026-03-10,Laguboti,Camilan,24600.0,4,Tunai,4.0,2026-03,Tuesday,Ombus-ombus,98400.0,False
TRX001789,2026-04-26,Balige,Bumbu,28400.0,4,Tunai,,2026-04,Sunday,Andaliman,113600.0,False
TRX002054,2026-05-12,Parapat,Bumbu,31400.0,8,Transfer Bank,4.0,2026-05,Tuesday,Bumbu Naniura,251200.0,False
TRX002172,2026-05-19,Laguboti,Minuman,49900.0,4,Tunai,3.0,2026-05,Tuesday,Kopi Sidikalang,199600.0,False
TRX000673,2026-02-12,Siborongborong,Kerajinan,631400.0,5,QRIS,5.0,2026-02,Thursday,Ulos Sadum,3157000.0,False
TRX002046,2026-05-11,Siborongborong,Kerajinan,926400.0,6,Tunai,3.0,2026-05,Monday,Ulos Ragidup,5558400.0,False
TRX000611,2026-02-08,Siborongborong,Bumbu,26800.0,6,Tunai,3.0,2026-02,Sunday,Andaliman,160800.0,False
TRX001438,2026-04-03,Parapat,Bumbu,27600.0,5,QRIS,1.0,2026-04,Friday,Andaliman,138000.0,False
TRX001322,2026-03-26,Laguboti,Minuman,55400.0,7,QRIS,5.0,2026-03,Thursday,Kopi Lintong,387800.0,False
TRX001544,2026-04-11,Laguboti,Minuman,56000.0,2,Tunai,4.0,2026-04,Saturday,Kopi Lintong,112000.0,False
TRX002683,2026-06-23,Balige,Kerajinan,1027500.0,1,Tunai,4.0,2026-06,Tuesday,Ulos Ragidup,1027500.0,False
TRX000786,2026-02-20,Balige,Kerajinan,827900.0,2,QRIS,4.0,2026-02,Friday,Ulos Ragidup,1655800.0,False
TRX001796,2026-04-26,Laguboti,Kerajinan,901000.0,5,Transfer Bank,5.0,2026-04,Sunday,Ulos Ragidup,4505000.0,False
TRX002508,2026-06-10,Parapat,Minuman,47500.0,9,QRIS,3.0,2026-06,Wednesday,Kopi Sidikalang,427500.0,False
TRX000730,2026-02-15,Siborongborong,Bumbu,29500.0,8,Transfer Bank,1.0,2026-02,Sunday,Bumbu Naniura,236000.0,False
TRX000512,2026-02-02,Balige,Bumbu,25300.0,7,Transfer Bank,3.0,2026-02,Monday,Andaliman,177100.0,False
TRX002401,2026-06-04,Siborongborong,Kerajinan,755500.0,9,QRIS,4.0,2026-06,Thursday,Ulos Sadum,6799500.0,False
TRX002559,2026-06-13,Parapat,Camilan,30600.0,1,Tunai,1.0,2026-06,Saturday,Kacang Sihobuk,30600.0,False
TRX000101,2026-01-07,Laguboti,Bumbu,32200.0,9,Transfer Bank,1.0,2026-01,Wednesday,Bumbu Naniura,289800.0,False
TRX000013,2026-01-02,Balige,Kerajinan,679700.0,8,QRIS,3.0,2026-01,Friday,Ulos Sadum,5437600.0,False
TRX001418,2026-04-01,Siborongborong,Kerajinan,983200.0,1,Transfer Bank,2.0,2026-04,Wednesday,Ulos Ragidup,983200.0,False
TRX002565,2026-06-14,Balige,Camilan,26700.0,11,QRIS,5.0,2026-06,Sunday,Ombus-ombus,293700.0,False
TRX000751,2026-02-17,Balige,Kerajinan,815200.0,3,QRIS,2.0,2026-02,Tuesday,Ulos Ragidup,2445600.0,False
TRX001166,2026-03-14,Parapat,Bumbu,30400.0,3,Transfer Bank,3.0,2026-03,Saturday,Bumbu Naniura,91200.0,False
TRX001873,2026-05-02,Balige,Minuman,60700.0,9,Transfer Bank,5.0,2026-05,Saturday,Kopi Lintong,546300.0,False
TRX001011,2026-03-04,Laguboti,Kerajinan,831500.0,1,QRIS,4.0,2026-03,Wednesday,Ulos Ragidup,831500.0,False
TRX002238,2026-05-23,Parapat,Camilan,24800.0,1,QRIS,,2026-05,Saturday,Ombus-ombus,24800.0,False
TRX002532,2026-06-13,Balige,Camilan,26800.0,3,Transfer Bank,3.0,2026-06,Saturday,Ombus-ombus,80400.0,False
TRX000118,2026-01-08,Siborongborong,Minuman,52300.0,11,QRIS,4.0,2026-01,Thursday,Kopi Lintong,575300.0,False
TRX001813,2026-04-26,Parapat,Minuman,51700.0,6,Transfer Bank,4.0,2026-04,Sunday,Kopi Sidikalang,310200.0,False
TRX000842,2026-02-22,Parapat,Minuman,49100.0,9,QRIS,4.0,2026-02,Sunday,Kopi Sidikalang,441900.0,False
TRX000564,2026-02-06,Laguboti,Kerajinan,679000.0,7,Transfer Bank,2.0,2026-02,Friday,Ulos Sadum,4753000.0,False
TRX002481,2026-06-08,Parapat,Bumbu,29500.0,1,Transfer Bank,,2026-06,Monday,Andaliman,29500.0,False
TRX000491,2026-02-01,Laguboti,Bumbu,32500.0,4,QRIS,1.0,2026-02,Sunday,Bumbu Naniura,130000.0,False
TRX000047,2026-01-04,Balige,Kerajinan,852100.0,11,Tunai,3.0,2026-01,Sunday,Ulos Ragidup,9373100.0,False
TRX000493,2026-02-01,Laguboti,Bumbu,30700.0,1,Tunai,3.0,2026-02,Sunday,Bumbu Naniura,30700.0,False
TRX001459,2026-04-05,Balige,Kerajinan,928400.0,5,Tunai,5.0,2026-04,Sunday,Ulos Ragidup,4642000.0,False
TRX002052,2026-05-12,Parapat,Minuman,50000.0,4,QRIS,4.0,2026-05,Tuesday,Kopi Sidikalang,200000.0,False
TRX002207,2026-05-22,Parapat,Minuman,60100.0,3,Transfer Bank,2.0,2026-05,Friday,Kopi Lintong,180300.0,False
TRX000739,2026-02-15,Parapat,Minuman,45200.0,5,Tunai,3.0,2026-02,Sunday,Kopi Sidikalang,226000.0,False
TRX001210,2026-03-17,Parapat,Kerajinan,958100.0,10,QRIS,,2026-03,Tuesday,Ulos Ragidup,9581000.0,False
TRX001314,2026-03-25,Parapat,Kerajinan,725400.0,5,QRIS,2.0,2026-03,Wednesday,Ulos Sadum,3627000.0,False
TRX000692,2026-02-14,Balige,Camilan,22000.0,2,QRIS,4.0,2026-02,Saturday,Ombus-ombus,44000.0,False
TRX002031,2026-05-10,Laguboti,Minuman,55400.0,1,Transfer Bank,3.0,2026-05,Sunday,Kopi Lintong,55400.0,False
TRX000750,2026-02-16,Parapat,Camilan,23600.0,1,Transfer Bank,1.0,2026-02,Monday,Ombus-ombus,23600.0,False
TRX002604,2026-06-16,Laguboti,Bumbu,34800.0,9,Transfer Bank,5.0,2026-06,Tuesday,Bumbu Naniura,313200.0,False
TRX002160,2026-05-18,Siborongborong,Camilan,23500.0,6,QRIS,4.0,2026-05,Monday,Ombus-ombus,141000.0,False
TRX001852,2026-04-30,Laguboti,Bumbu,32300.0,4,Tunai,2.0,2026-04,Thursday,Bumbu Naniura,129200.0,False
TRX000610,2026-02-08,Laguboti,Bumbu,31700.0,10,Tunai,5.0,2026-02,Sunday,Bumbu Naniura,317000.0,False
TRX002718,2026-06-25,Siborongborong,Bumbu,32700.0,4,QRIS,1.0,2026-06,Thursday,Bumbu Naniura,130800.0,False
TRX000688,2026-02-14,Balige,Bumbu,26700.0,3,Transfer Bank,4.0,2026-02,Saturday,Andaliman,80100.0,False
TRX001097,2026-03-10,Balige,Camilan,21900.0,7,Transfer Bank,,2026-03,Tuesday,Ombus-ombus,153300.0,False
TRX001168,2026-03-15,Balige,Kerajinan,881000.0,1,Tunai,,2026-03,Sunday,Ulos Ragidup,881000.0,False
TRX000577,2026-02-07,Balige,Minuman,43400.0,7,Tunai,1.0,2026-02,Saturday,Kopi Sidikalang,303800.0,False
TRX001282,2026-03-22,Siborongborong,Minuman,48500.0,1,Transfer Bank,3.0,2026-03,Sunday,Kopi Sidikalang,48500.0,False
TRX001780,2026-04-25,Parapat,Bumbu,31000.0,10,Transfer Bank,5.0,2026-04,Saturday,Bumbu Naniura,310000.0,False
TRX001223,2026-03-19,Balige,Camilan,22100.0,3,Tunai,5.0,2026-03,Thursday,Ombus-ombus,66300.0,False
TRX001735,2026-04-22,Siborongborong,Minuman,57100.0,9,Tunai,4.0,2026-04,Wednesday,Kopi Lintong,513900.0,False
TRX002632,2026-06-19,Parapat,Kerajinan,738900.0,2,QRIS,5.0,2026-06,Friday,Ulos Sadum,1477800.0,False
TRX001359,2026-03-28,Parapat,Minuman,53300.0,10,Transfer Bank,1.0,2026-03,Saturday,Kopi Lintong,533000.0,False
TRX001667,2026-04-18,Parapat,Camilan,29200.0,4,QRIS,5.0,2026-04,Saturday,Kacang Sihobuk,116800.0,False
TRX002060,2026-05-13,Balige,Minuman,53600.0,9,QRIS,1.0,2026-05,Wednesday,Kopi Sidikalang,482400.0,False
TRX001415,2026-04-01,Laguboti,Bumbu,34600.0,11,Transfer Bank,3.0,2026-04,Wednesday,Bumbu Naniura,380600.0,False
TRX000640,2026-02-09,Parapat,Kerajinan,671600.0,7,Transfer Bank,5.0,2026-02,Monday,Ulos Sadum,4701200.0,False
TRX001708,2026-04-20,Siborongborong,Camilan,24700.0,3,Transfer Bank,2.0,2026-04,Monday,Ombus-ombus,74100.0,False
TRX000044,2026-01-04,Balige,Minuman,47500.0,2,Tunai,5.0,2026-01,Sunday,Kopi Sidikalang,95000.0,False
TRX000008,2026-01-01,Parapat,Kerajinan,647500.0,2,Tunai,2.0,2026-01,Thursday,Ulos Sadum,1295000.0,False
TRX002133,2026-05-17,Balige,Kerajinan,666600.0,8,QRIS,5.0,2026-05,Sunday,Ulos Sadum,5332800.0,False
TRX000033,2026-01-03,Siborongborong,Minuman,51900.0,7,Tunai,5.0,2026-01,Saturday,Kopi Lintong,363300.0,False
TRX000472,2026-01-31,Siborongborong,Bumbu,24100.0,4,QRIS,2.0,2026-01,Saturday,Andaliman,96400.0,False
TRX001746,2026-04-23,Siborongborong,Bumbu,30800.0,8,Tunai,5.0,2026-04,Thursday,Bumbu Naniura,246400.0,False
TRX002691,2026-06-23,Laguboti,Bumbu,30300.0,1,Tunai,4.0,2026-06,Tuesday,Andaliman,30300.0,False
TRX001309,2026-03-25,Siborongborong,Bumbu,25200.0,10,Tunai,,2026-03,Wednesday,Andaliman,252000.0,False
TRX002077,2026-05-14,Balige,Kerajinan,955300.0,2,Transfer Bank,2.0,2026-05,Thursday,Ulos Ragidup,1910600.0,False
TRX001454,2026-04-04,Parapat,Camilan,23600.0,3,Tunai,4.0,2026-04,Saturday,Ombus-ombus,70800.0,False
TRX002434,2026-06-06,Parapat,Minuman,54600.0,6,Tunai,4.0,2026-06,Saturday,Kopi Sidikalang,327600.0,False
TRX001429,2026-04-02,Parapat,Minuman,45100.0,7,Tunai,,2026-04,Thursday,Kopi Sidikalang,315700.0,False
TRX001082,2026-03-09,Balige,Minuman,54200.0,11,Tunai,,2026-03,Monday,Kopi Lintong,596200.0,False
TRX000465,2026-01-31,Balige,Minuman,48700.0,3,QRIS,4.0,2026-01,Saturday,Kopi Sidikalang,146100.0,False
TRX001687,2026-04-19,Laguboti,Camilan,31300.0,5,QRIS,2.0,2026-04,Sunday,Kacang Sihobuk,156500.0,False
TRX000668,2026-02-12,Balige,Bumbu,27000.0,1,QRIS,2.0,2026-02,Thursday,Andaliman,27000.0,False
TRX000804,2026-02-21,Balige,Kerajinan,693700.0,4,QRIS,1.0,2026-02,Saturday,Ulos Sadum,2774800.0,False
TRX002308,2026-05-28,Laguboti,Minuman,52900.0,10,Transfer Bank,5.0,2026-05,Thursday,Kopi Sidikalang,529000.0,False
TRX001529,2026-04-10,Balige,Camilan,31400.0,2,Tunai,2.0,2026-04,Friday,Kacang Sihobuk,62800.0,False
TRX000922,2026-02-28,Balige,Kerajinan,894700.0,7,Transfer Bank,4.0,2026-02,Saturday,Ulos Ragidup,6262900.0,False
TRX000773,2026-02-18,Parapat,Camilan,29700.0,8,QRIS,1.0,2026-02,Wednesday,Kacang Sihobuk,237600.0,False
TRX000721,2026-02-15,Laguboti,Bumbu,32200.0,3,QRIS,1.0,2026-02,Sunday,Bumbu Naniura,96600.0,False
TRX001578,2026-04-12,Laguboti,Kerajinan,729500.0,10,Transfer Bank,3.0,2026-04,Sunday,Ulos Sadum,7295000.0,False
TRX000779,2026-02-19,Laguboti,Camilan,29300.0,11,QRIS,4.0,2026-02,Thursday,Kacang Sihobuk,322300.0,False
TRX000718,2026-02-15,Laguboti,Camilan,27900.0,3,QRIS,2.0,2026-02,Sunday,Kacang Sihobuk,83700.0,False
TRX002594,2026-06-15,Parapat,Minuman,62100.0,7,Transfer Bank,3.0,2026-06,Monday,Kopi Lintong,434700.0,False
TRX001262,2026-03-21,Siborongborong,Kerajinan,683100.0,11,Transfer Bank,2.0,2026-03,Saturday,Ulos Sadum,7514100.0,False
TRX001784,2026-04-25,Parapat,Minuman,48400.0,9,Transfer Bank,5.0,2026-04,Saturday,Kopi Sidikalang,435600.0,False
TRX002728,2026-06-26,Laguboti,Kerajinan,936600.0,2,Tunai,3.0,2026-06,Friday,Ulos Ragidup,1873200.0,False
TRX001674,2026-04-19,Balige,Kerajinan,664400.0,8,QRIS,5.0,2026-04,Sunday,Ulos Sadum,5315200.0,False
TRX002213,2026-05-23,Balige,Kerajinan,735900.0,3,Transfer Bank,5.0,2026-05,Saturday,Ulos Sadum,2207700.0,False
TRX000433,2026-01-28,Parapat,Minuman,50200.0,7,Transfer Bank,,2026-01,Wednesday,Kopi Lintong,351400.0,False
TRX002332,2026-05-30,Laguboti,Minuman,59700.0,11,Tunai,,2026-05,Saturday,Kopi Lintong,656700.0,False
TRX000125,2026-01-09,Laguboti,Bumbu,30300.0,3,Tunai,3.0,2026-01,Friday,Bumbu Naniura,90900.0,False
TRX000066,2026-01-04,Parapat,Kerajinan,624100.0,2,Tunai,2.0,2026-01,Sunday,Ulos Sadum,1248200.0,False
TRX001645,2026-04-17,Siborongborong,Bumbu,25300.0,6,Transfer Bank,5.0,2026-04,Friday,Andaliman,151800.0,False
TRX002814,2026-06-30,Laguboti,Camilan,23500.0,3,QRIS,5.0,2026-06,Tuesday,Ombus-ombus,70500.0,False
TRX001356,2026-03-28,Siborongborong,Camilan,31400.0,9,Transfer Bank,1.0,2026-03,Saturday,Kacang Sihobuk,282600.0,False
TRX000130,2026-01-09,Siborongborong,Minuman,48500.0,10,Tunai,,2026-01,Friday,Kopi Lintong,485000.0,False
TRX001052,2026-03-07,Siborongborong,Camilan,23700.0,6,QRIS,2.0,2026-03,Saturday,Ombus-ombus,142200.0,False
TRX002638,2026-06-20,Laguboti,Bumbu,28800.0,9,QRIS,,2026-06,Saturday,Andaliman,259200.0,False
TRX002355,2026-05-31,Laguboti,Bumbu,26500.0,8,Tunai,5.0,2026-05,Sunday,Andaliman,212000.0,False
TRX001707,2026-04-20,Laguboti,Minuman,57100.0,1,Tunai,1.0,2026-04,Monday,Kopi Lintong,57100.0,False
TRX000834,2026-02-22,Siborongborong,Minuman,57300.0,10,QRIS,4.0,2026-02,Sunday,Kopi Lintong,573000.0,False
TRX002091,2026-05-15,Balige,Camilan,29500.0,2,Transfer Bank,3.0,2026-05,Friday,Kacang Sihobuk,59000.0,False
TRX000238,2026-01-17,Balige,Bumbu,32300.0,9,QRIS,3.0,2026-01,Saturday,Bumbu Naniura,290700.0,False
TRX000752,2026-02-17,Laguboti,Bumbu,27700.0,2,Transfer Bank,3.0,2026-02,Tuesday,Andaliman,55400.0,False
TRX001313,2026-03-25,Parapat,Minuman,47900.0,4,QRIS,5.0,2026-03,Wednesday,Kopi Sidikalang,191600.0,False
TRX002280,2026-05-26,Balige,Kerajinan,882500.0,3,Tunai,4.0,2026-05,Tuesday,Ulos Ragidup,2647500.0,False
TRX001353,2026-03-28,Siborongborong,Bumbu,34200.0,1,Transfer Bank,,2026-03,Saturday,Bumbu Naniura,34200.0,False
TRX001545,2026-04-11,Laguboti,Bumbu,29000.0,1,Transfer Bank,,2026-04,Saturday,Andaliman,29000.0,False
TRX000370,2026-01-24,Parapat,Camilan,21400.0,2,Transfer Bank,1.0,2026-01,Saturday,Ombus-ombus,42800.0,False
TRX000523,2026-02-03,Balige,Kerajinan,928000.0,3,Tunai,5.0,2026-02,Tuesday,Ulos Ragidup,2784000.0,False
TRX001058,2026-03-07,Siborongborong,Minuman,51300.0,11,Tunai,,2026-03,Saturday,Kopi Lintong,564300.0,False
TRX000076,2026-01-05,Laguboti,Kerajinan,688400.0,6,QRIS,,2026-01,Monday,Ulos Sadum,4130400.0,False
TRX002734,2026-06-26,Parapat,Minuman,60200.0,7,Tunai,2.0,2026-06,Friday,Kopi Lintong,421400.0,False
TRX000055,2026-01-04,Laguboti,Minuman,55700.0,7,Transfer Bank,,2026-01,Sunday,Kopi Lintong,389900.0,False
TRX000267,2026-01-18,Balige,Kerajinan,841300.0,8,Transfer Bank,2.0,2026-01,Sunday,Ulos Ragidup,6730400.0,False
TRX001442,2026-04-04,Laguboti,Camilan,30800.0,2,QRIS,2.0,2026-04,Saturday,Kacang Sihobuk,61600.0,False
TRX001580,2026-04-12,Siborongborong,Kerajinan,955700.0,4,QRIS,1.0,2026-04,Sunday,Ulos Ragidup,3822800.0,False
TRX002533,2026-06-13,Balige,Bumbu,31900.0,9,Tunai,1.0,2026-06,Saturday,Bumbu Naniura,287100.0,False
TRX002730,2026-06-26,Laguboti,Camilan,26400.0,8,Tunai,1.0,2026-06,Friday,Ombus-ombus,211200.0,False
TRX001890,2026-05-02,Siborongborong,Minuman,57500.0,11,Transfer Bank,,2026-05,Saturday,Kopi Lintong,632500.0,False
TRX001923,2026-05-03,Parapat,Camilan,22300.0,6,QRIS,3.0,2026-05,Sunday,Ombus-ombus,133800.0,False
TRX002818,2026-06-30,Parapat,Kerajinan,691200.0,9,QRIS,5.0,2026-06,Tuesday,Ulos Sadum,6220800.0,False
TRX001689,2026-04-19,Laguboti,Bumbu,30800.0,4,QRIS,3.0,2026-04,Sunday,Bumbu Naniura,123200.0,False
TRX001904,2026-05-03,Laguboti,Camilan,32400.0,3,QRIS,,2026-05,Sunday,Kacang Sihobuk,97200.0,False
TRX002635,2026-06-20,Balige,Bumbu,29100.0,5,Tunai,5.0,2026-06,Saturday,Andaliman,145500.0,False
TRX002202,2026-05-22,Laguboti,Minuman,53800.0,8,QRIS,3.0,2026-05,Friday,Kopi Sidikalang,430400.0,False
TRX001510,2026-04-08,Laguboti,Minuman,55700.0,5,Tunai,5.0,2026-04,Wednesday,Kopi Lintong,278500.0,False
TRX002729,2026-06-26,Laguboti,Camilan,24500.0,9,QRIS,4.0,2026-06,Friday,Ombus-ombus,220500.0,False
TRX000464,2026-01-31,Balige,Bumbu,32900.0,6,Transfer Bank,3.0,2026-01,Saturday,Bumbu Naniura,197400.0,False
TRX000740,2026-02-15,Parapat,Kerajinan,626400.0,11,Transfer Bank,,2026-02,Sunday,Ulos Sadum,6890400.0,False
TRX001306,2026-03-25,Balige,Kerajinan,877800.0,10,Tunai,3.0,2026-03,Wednesday,Ulos Ragidup,8778000.0,False
TRX000276,2026-01-18,Siborongborong,Kerajinan,862100.0,9,Transfer Bank,3.0,2026-01,Sunday,Ulos Ragidup,7758900.0,False
TRX002590,2026-06-15,Laguboti,Bumbu,30300.0,5,Transfer Bank,,2026-06,Monday,Andaliman,151500.0,False
TRX002617,2026-06-17,Siborongborong,Bumbu,36200.0,10,QRIS,2.0,2026-06,Wednesday,Bumbu Naniura,362000.0,False
TRX001181,2026-03-15,Parapat,Kerajinan,698100.0,4,Tunai,3.0,2026-03,Sunday,Ulos Sadum,2792400.0,False
TRX001274,2026-03-22,Balige,Kerajinan,836600.0,6,Transfer Bank,1.0,2026-03,Sunday,Ulos Ragidup,5019600.0,False
TRX000613,2026-02-08,Siborongborong,Camilan,28200.0,8,Transfer Bank,2.0,2026-02,Sunday,Kacang Sihobuk,225600.0,False
TRX001938,2026-05-05,Balige,Camilan,30200.0,1,Tunai,1.0,2026-05,Tuesday,Kacang Sihobuk,30200.0,False
TRX000985,2026-03-02,Laguboti,Kerajinan,950500.0,6,Transfer Bank,5.0,2026-03,Monday,Ulos Ragidup,5703000.0,False
TRX001229,2026-03-19,Siborongborong,Kerajinan,683700.0,6,Tunai,5.0,2026-03,Thursday,Ulos Sadum,4102200.0,False
TRX000936,2026-02-28,Laguboti,Bumbu,31400.0,2,QRIS,5.0,2026-02,Saturday,Bumbu Naniura,62800.0,False
TRX000596,2026-02-07,Siborongborong,Bumbu,23700.0,8,Transfer Bank,1.0,2026-02,Saturday,Andaliman,189600.0,False
TRX001633,2026-04-16,Siborongborong,Kerajinan,702000.0,8,Tunai,2.0,2026-04,Thursday,Ulos Sadum,5616000.0,False
TRX000940,2026-02-28,Siborongborong,Camilan,28500.0,5,Tunai,,2026-02,Saturday,Kacang Sihobuk,142500.0,False
TRX002643,2026-06-20,Siborongborong,Camilan,31100.0,3,QRIS,1.0,2026-06,Saturday,Kacang Sihobuk,93300.0,False
TRX002266,2026-05-25,Laguboti,Camilan,23000.0,10,Transfer Bank,5.0,2026-05,Monday,Ombus-ombus,230000.0,False
TRX002562,2026-06-14,Balige,Minuman,60500.0,1,Tunai,4.0,2026-06,Sunday,Kopi Lintong,60500.0,False
TRX001074,2026-03-08,Siborongborong,Camilan,21900.0,9,QRIS,3.0,2026-03,Sunday,Ombus-ombus,197100.0,False
TRX000368,2026-01-24,Parapat,Bumbu,25400.0,6,QRIS,,2026-01,Saturday,Andaliman,152400.0,False
TRX001901,2026-05-03,Balige,Minuman,53300.0,3,Tunai,3.0,2026-05,Sunday,Kopi Sidikalang,159900.0,False
TRX002418,2026-06-06,Balige,Kerajinan,722200.0,9,QRIS,2.0,2026-06,Saturday,Ulos Sadum,6499800.0,False
TRX001962,2026-05-06,Siborongborong,Kerajinan,750200.0,10,Tunai,4.0,2026-05,Wednesday,Ulos Sadum,7502000.0,False
TRX002796,2026-06-29,Laguboti,Bumbu,28200.0,2,QRIS,2.0,2026-06,Monday,Andaliman,56400.0,False
TRX002735,2026-06-26,Parapat,Kerajinan,946400.0,7,QRIS,2.0,2026-06,Friday,Ulos Ragidup,6624800.0,False
TRX000098,2026-01-06,Siborongborong,Bumbu,26700.0,1,Tunai,,2026-01,Tuesday,Andaliman,26700.0,False
TRX001630,2026-04-16,Laguboti,Camilan,24000.0,6,QRIS,2.0,2026-04,Thursday,Ombus-ombus,144000.0,False
TRX001222,2026-03-19,Balige,Kerajinan,938900.0,4,QRIS,2.0,2026-03,Thursday,Ulos Ragidup,3755600.0,False
TRX000382,2026-01-25,Laguboti,Camilan,28100.0,1,Transfer Bank,2.0,2026-01,Sunday,Kacang Sihobuk,28100.0,False
TRX002733,2026-06-26,Siborongborong,Minuman,61300.0,9,Transfer Bank,2.0,2026-06,Friday,Kopi Lintong,551700.0,False
TRX000417,2026-01-27,Siborongborong,Minuman,48700.0,7,QRIS,2.0,2026-01,Tuesday,Kopi Sidikalang,340900.0,False
TRX001531,2026-04-10,Balige,Camilan,29300.0,3,Transfer Bank,,2026-04,Friday,Kacang Sihobuk,87900.0,False
TRX000029,2026-01-03,Laguboti,Minuman,50700.0,6,Tunai,4.0,2026-01,Saturday,Kopi Lintong,304200.0,False
TRX000963,2026-03-01,Laguboti,Minuman,43900.0,7,Tunai,4.0,2026-03,Sunday,Kopi Sidikalang,307300.0,False
TRX000934,2026-02-28,Laguboti,Bumbu,26300.0,2,Tunai,4.0,2026-02,Saturday,Andaliman,52600.0,False
TRX001419,2026-04-01,Siborongborong,Kerajinan,672800.0,11,Tunai,,2026-04,Wednesday,Ulos Sadum,7400800.0,False
TRX002055,2026-05-13,Balige,Kerajinan,751900.0,5,Transfer Bank,2.0,2026-05,Wednesday,Ulos Sadum,3759500.0,False
TRX002381,2026-06-02,Laguboti,Kerajinan,769300.0,6,QRIS,2.0,2026-06,Tuesday,Ulos Sadum,4615800.0,False
TRX001627,2026-04-16,Balige,Kerajinan,982200.0,3,Tunai,1.0,2026-04,Thursday,Ulos Ragidup,2946600.0,False
TRX001609,2026-04-14,Siborongborong,Kerajinan,759300.0,11,QRIS,5.0,2026-04,Tuesday,Ulos Sadum,8352300.0,False
TRX000192,2026-01-13,Siborongborong,Kerajinan,669000.0,6,Tunai,1.0,2026-01,Tuesday,Ulos Sadum,4014000.0,False
TRX002155,2026-05-18,Balige,Camilan,23600.0,2,Tunai,,2026-05,Monday,Ombus-ombus,47200.0,False
TRX001507,2026-04-08,Balige,Bumbu,25500.0,6,QRIS,1.0,2026-04,Wednesday,Andaliman,153000.0,False
TRX001277,2026-03-22,Laguboti,Kerajinan,966300.0,9,QRIS,1.0,2026-03,Sunday,Ulos Ragidup,8696700.0,False
TRX000855,2026-02-23,Parapat,Bumbu,24900.0,10,Transfer Bank,2.0,2026-02,Monday,Andaliman,249000.0,False
TRX002384,2026-06-02,Parapat,Minuman,49800.0,1,Transfer Bank,4.0,2026-06,Tuesday,Kopi Sidikalang,49800.0,False
TRX000805,2026-02-21,Balige,Kerajinan,888700.0,2,Tunai,,2026-02,Saturday,Ulos Ragidup,1777400.0,False
TRX000722,2026-02-15,Laguboti,Kerajinan,946000.0,1,Transfer Bank,,2026-02,Sunday,Ulos Ragidup,946000.0,False
TRX002446,2026-06-07,Balige,Camilan,29100.0,6,Tunai,1.0,2026-06,Sunday,Kacang Sihobuk,174600.0,False
TRX001003,2026-03-03,Parapat,Bumbu,28100.0,6,Tunai,,2026-03,Tuesday,Andaliman,168600.0,False
TRX002208,2026-05-23,Balige,Kerajinan,740700.0,8,QRIS,,2026-05,Saturday,Ulos Sadum,5925600.0,False
TRX001435,2026-04-03,Siborongborong,Camilan,22100.0,7,QRIS,3.0,2026-04,Friday,Ombus-ombus,154700.0,False
TRX001648,2026-04-17,Siborongborong,Bumbu,27400.0,1,Transfer Bank,3.0,2026-04,Friday,Andaliman,27400.0,False
TRX002277,2026-05-25,Parapat,Bumbu,31300.0,10,Tunai,1.0,2026-05,Monday,Bumbu Naniura,313000.0,False
TRX000780,2026-02-19,Siborongborong,Minuman,50600.0,9,Tunai,1.0,2026-02,Thursday,Kopi Lintong,455400.0,False
TRX002360,2026-05-31,Siborongborong,Camilan,24600.0,1,QRIS,2.0,2026-05,Sunday,Ombus-ombus,24600.0,False
TRX001145,2026-03-14,Balige,Kerajinan,681100.0,3,QRIS,5.0,2026-03,Saturday,Ulos Sadum,2043300.0,False
TRX001618,2026-04-15,Siborongborong,Kerajinan,908800.0,7,Tunai,5.0,2026-04,Wednesday,Ulos Ragidup,6361600.0,False
TRX000005,2026-01-01,Laguboti,Minuman,50800.0,9,Transfer Bank,1.0,2026-01,Thursday,Kopi Lintong,457200.0,False
TRX002798,2026-06-29,Siborongborong,Kerajinan,1020900.0,11,Transfer Bank,3.0,2026-06,Monday,Ulos Ragidup,11229900.0,False
TRX002509,2026-06-10,Parapat,Bumbu,35600.0,6,Transfer Bank,3.0,2026-06,Wednesday,Bumbu Naniura,213600.0,False
TRX002350,2026-05-31,Laguboti,Bumbu,31800.0,4,QRIS,2.0,2026-05,Sunday,Bumbu Naniura,127200.0,False
TRX001978,2026-05-07,Laguboti,Kerajinan,1002000.0,10,Transfer Bank,5.0,2026-05,Thursday,Ulos Ragidup,10020000.0,False
TRX001555,2026-04-11,Siborongborong,Minuman,55500.0,1,Tunai,,2026-04,Saturday,Kopi Lintong,55500.0,False
TRX000351,2026-01-24,Balige,Camilan,21900.0,11,QRIS,,2026-01,Saturday,Ombus-ombus,240900.0,False
TRX001924,2026-05-03,Parapat,Minuman,48400.0,11,QRIS,,2026-05,Sunday,Kopi Sidikalang,532400.0,False
TRX002397,2026-06-03,Parapat,Minuman,58300.0,5,Transfer Bank,4.0,2026-06,Wednesday,Kopi Lintong,291500.0,False
TRX001750,2026-04-24,Balige,Bumbu,32300.0,4,QRIS,1.0,2026-04,Friday,Bumbu Naniura,129200.0,False
TRX002577,2026-06-14,Parapat,Kerajinan,709300.0,7,QRIS,4.0,2026-06,Sunday,Ulos Sadum,4965100.0,False
TRX000037,2026-01-03,Parapat,Minuman,52500.0,1,QRIS,,2026-01,Saturday,Kopi Lintong,52500.0,False
TRX001532,2026-04-10,Laguboti,Camilan,23100.0,3,Transfer Bank,1.0,2026-04,Friday,Ombus-ombus,69300.0,False
TRX002450,2026-06-07,Laguboti,Kerajinan,744600.0,5,Tunai,2.0,2026-06,Sunday,Ulos Sadum,3723000.0,False
TRX002001,2026-05-09,Laguboti,Minuman,61600.0,5,QRIS,3.0,2026-05,Saturday,Kopi Lintong,308000.0,False
TRX000159,2026-01-11,Balige,Kerajinan,654900.0,11,Tunai,,2026-01,Sunday,Ulos Sadum,7203900.0,False
TRX001147,2026-03-14,Laguboti,Camilan,23600.0,7,QRIS,2.0,2026-03,Saturday,Ombus-ombus,165200.0,False
TRX002305,2026-05-28,Laguboti,Camilan,30700.0,4,QRIS,,2026-05,Thursday,Kacang Sihobuk,122800.0,False
TRX001304,2026-03-25,Balige,Minuman,53600.0,6,Tunai,5.0,2026-03,Wednesday,Kopi Lintong,321600.0,False
TRX001932,2026-05-04,Parapat,Kerajinan,736600.0,2,Tunai,1.0,2026-05,Monday,Ulos Sadum,1473200.0,False
TRX000141,2026-01-10,Laguboti,Camilan,23100.0,6,Transfer Bank,,2026-01,Saturday,Ombus-ombus,138600.0,False
TRX001907,2026-05-03,Laguboti,Bumbu,33400.0,11,QRIS,4.0,2026-05,Sunday,Bumbu Naniura,367400.0,False
TRX000466,2026-01-31,Balige,Minuman,51000.0,10,QRIS,3.0,2026-01,Saturday,Kopi Lintong,510000.0,False
TRX000109,2026-01-07,Parapat,Bumbu,25400.0,4,Transfer Bank,,2026-01,Wednesday,Andaliman,101600.0,False
TRX000300,2026-01-20,Laguboti,Minuman,49400.0,3,Transfer Bank,4.0,2026-01,Tuesday,Kopi Lintong,148200.0,False
TRX001833,2026-04-28,Balige,Minuman,47400.0,5,Tunai,5.0,2026-04,Tuesday,Kopi Sidikalang,237000.0,False
TRX000398,2026-01-26,Balige,Camilan,30400.0,9,Tunai,,2026-01,Monday,Kacang Sihobuk,273600.0,False
TRX001692,2026-04-19,Siborongborong,Camilan,24100.0,5,Tunai,,2026-04,Sunday,Ombus-ombus,120500.0,False
TRX001556,2026-04-11,Siborongborong,Minuman,57400.0,11,QRIS,3.0,2026-04,Saturday,Kopi Lintong,631400.0,False
TRX001465,2026-04-05,Laguboti,Minuman,47800.0,1,Transfer Bank,,2026-04,Sunday,Kopi Sidikalang,47800.0,False
TRX000540,2026-02-04,Laguboti,Bumbu,23600.0,1,Transfer Bank,5.0,2026-02,Wednesday,Andaliman,23600.0,False
TRX002550,2026-06-13,Parapat,Camilan,30200.0,4,QRIS,3.0,2026-06,Saturday,Kacang Sihobuk,120800.0,False
TRX000071,2026-01-05,Balige,Camilan,28200.0,6,Transfer Bank,5.0,2026-01,Monday,Kacang Sihobuk,169200.0,False
TRX002256,2026-05-24,Siborongborong,Minuman,55100.0,6,Transfer Bank,2.0,2026-05,Sunday,Kopi Lintong,330600.0,False
TRX001725,2026-04-21,Siborongborong,Minuman,54600.0,7,Transfer Bank,4.0,2026-04,Tuesday,Kopi Lintong,382200.0,False
TRX000025,2026-01-03,Balige,Camilan,27000.0,5,Tunai,1.0,2026-01,Saturday,Kacang Sihobuk,135000.0,False
TRX001494,2026-04-07,Balige,Minuman,56200.0,8,Tunai,3.0,2026-04,Tuesday,Kopi Lintong,449600.0,False
TRX002519,2026-06-11,Parapat,Bumbu,32100.0,1,Transfer Bank,3.0,2026-06,Thursday,Bumbu Naniura,32100.0,False
TRX001049,2026-03-07,Laguboti,Bumbu,29300.0,7,Transfer Bank,4.0,2026-03,Saturday,Bumbu Naniura,205100.0,False
TRX002229,2026-05-23,Siborongborong,Minuman,58700.0,10,Tunai,4.0,2026-05,Saturday,Kopi Lintong,587000.0,False
TRX001968,2026-05-06,Parapat,Camilan,24700.0,5,QRIS,3.0,2026-05,Wednesday,Ombus-ombus,123500.0,False
TRX000252,2026-01-17,Siborongborong,Kerajinan,703000.0,11,Transfer Bank,,2026-01,Saturday,Ulos Sadum,7733000.0,False
TRX002665,2026-06-21,Siborongborong,Minuman,47500.0,9,QRIS,3.0,2026-06,Sunday,Kopi Sidikalang,427500.0,False
TRX002614,2026-06-17,Laguboti,Minuman,57200.0,11,QRIS,1.0,2026-06,Wednesday,Kopi Lintong,629200.0,False
TRX000807,2026-02-21,Balige,Bumbu,31500.0,7,Transfer Bank,5.0,2026-02,Saturday,Bumbu Naniura,220500.0,False
TRX001395,2026-03-30,Parapat,Bumbu,25800.0,3,QRIS,2.0,2026-03,Monday,Andaliman,77400.0,False
TRX002726,2026-06-25,Parapat,Camilan,30200.0,2,QRIS,1.0,2026-06,Thursday,Kacang Sihobuk,60400.0,False
TRX000716,2026-02-15,Balige,Bumbu,30800.0,9,Transfer Bank,,2026-02,Sunday,Bumbu Naniura,277200.0,False
TRX002651,2026-06-20,Parapat,Camilan,34200.0,4,Transfer Bank,4.0,2026-06,Saturday,Kacang Sihobuk,136800.0,False
TRX000893,2026-02-26,Balige,Bumbu,26700.0,8,QRIS,4.0,2026-02,Thursday,Andaliman,213600.0,False
TRX002382,2026-06-02,Laguboti,Kerajinan,989300.0,3,Transfer Bank,3.0,2026-06,Tuesday,Ulos Ragidup,2967900.0,False
TRX001964,2026-05-06,Siborongborong,Camilan,32700.0,2,Tunai,1.0,2026-05,Wednesday,Kacang Sihobuk,65400.0,False
TRX001825,2026-04-27,Laguboti,Kerajinan,653900.0,7,Transfer Bank,5.0,2026-04,Monday,Ulos Sadum,4577300.0,False
TRX002741,2026-06-27,Balige,Minuman,59100.0,8,Transfer Bank,,2026-06,Saturday,Kopi Lintong,472800.0,False
TRX001253,2026-03-21,Laguboti,Bumbu,27600.0,9,Tunai,,2026-03,Saturday,Andaliman,248400.0,False
TRX000021,2026-01-03,Balige,Minuman,53200.0,4,QRIS,4.0,2026-01,Saturday,Kopi Lintong,212800.0,False
TRX000280,2026-01-18,Parapat,Camilan,22100.0,8,QRIS,5.0,2026-01,Sunday,Ombus-ombus,176800.0,False
TRX000736,2026-02-15,Siborongborong,Bumbu,31300.0,3,Tunai,2.0,2026-02,Sunday,Bumbu Naniura,93900.0,False
TRX000097,2026-01-06,Siborongborong,Bumbu,30900.0,11,QRIS,1.0,2026-01,Tuesday,Bumbu Naniura,339900.0,False
TRX002163,2026-05-18,Siborongborong,Bumbu,27500.0,11,QRIS,2.0,2026-05,Monday,Andaliman,302500.0,False
TRX000442,2026-01-29,Siborongborong,Bumbu,29900.0,9,Tunai,,2026-01,Thursday,Bumbu Naniura,269100.0,False
TRX000173,2026-01-11,Siborongborong,Camilan,29100.0,1,Tunai,3.0,2026-01,Sunday,Kacang Sihobuk,29100.0,False
TRX001252,2026-03-21,Laguboti,Kerajinan,894700.0,11,QRIS,1.0,2026-03,Saturday,Ulos Ragidup,9841700.0,False
TRX001993,2026-05-08,Siborongborong,Minuman,47000.0,1,Transfer Bank,3.0,2026-05,Friday,Kopi Sidikalang,47000.0,False
TRX002714,2026-06-25,Balige,Bumbu,32600.0,5,Transfer Bank,2.0,2026-06,Thursday,Bumbu Naniura,163000.0,False
TRX002212,2026-05-23,Balige,Minuman,46400.0,1,QRIS,2.0,2026-05,Saturday,Kopi Sidikalang,46400.0,False
TRX002294,2026-05-27,Balige,Bumbu,35600.0,3,Tunai,3.0,2026-05,Wednesday,Bumbu Naniura,106800.0,False
TRX002526,2026-06-12,Siborongborong,Bumbu,28900.0,2,QRIS,3.0,2026-06,Friday,Andaliman,57800.0,False
TRX002547,2026-06-13,Siborongborong,Minuman,61700.0,3,Tunai,1.0,2026-06,Saturday,Kopi Lintong,185100.0,False
TRX001865,2026-05-01,Laguboti,Minuman,46700.0,7,QRIS,4.0,2026-05,Friday,Kopi Sidikalang,326900.0,False
TRX001228,2026-03-19,Siborongborong,Kerajinan,844400.0,7,Tunai,3.0,2026-03,Thursday,Ulos Ragidup,5910800.0,False
TRX001043,2026-03-07,Balige,Camilan,28900.0,10,QRIS,4.0,2026-03,Saturday,Kacang Sihobuk,289000.0,False
TRX001295,2026-03-24,Balige,Camilan,30300.0,9,Tunai,3.0,2026-03,Tuesday,Kacang Sihobuk,272700.0,False
TRX001685,2026-04-19,Laguboti,Minuman,53000.0,1,Transfer Bank,,2026-04,Sunday,Kopi Lintong,53000.0,False
TRX002262,2026-05-24,Parapat,Bumbu,35800.0,9,Transfer Bank,5.0,2026-05,Sunday,Bumbu Naniura,322200.0,False
TRX000862,2026-02-24,Laguboti,Kerajinan,869700.0,2,QRIS,1.0,2026-02,Tuesday,Ulos Ragidup,1739400.0,False
TRX000746,2026-02-16,Siborongborong,Bumbu,26400.0,1,Transfer Bank,,2026-02,Monday,Andaliman,26400.0,False
TRX002513,2026-06-11,Balige,Minuman,47600.0,9,QRIS,,2026-06,Thursday,Kopi Sidikalang,428400.0,False
TRX002440,2026-06-06,Parapat,Minuman,51400.0,7,Tunai,,2026-06,Saturday,Kopi Sidikalang,359800.0,False
TRX000088,2026-01-06,Balige,Bumbu,29500.0,3,Tunai,3.0,2026-01,Tuesday,Bumbu Naniura,88500.0,False
TRX001672,2026-04-19,Balige,Camilan,23200.0,11,QRIS,5.0,2026-04,Sunday,Ombus-ombus,255200.0,False
TRX000096,2026-01-06,Siborongborong,Bumbu,31700.0,4,Tunai,1.0,2026-01,Tuesday,Bumbu Naniura,126800.0,False
TRX000880,2026-02-25,Laguboti,Camilan,27900.0,5,Tunai,3.0,2026-02,Wednesday,Kacang Sihobuk,139500.0,False
TRX001125,2026-03-13,Balige,Bumbu,29900.0,9,Transfer Bank,1.0,2026-03,Friday,Bumbu Naniura,269100.0,False
TRX002789,2026-06-29,Balige,Bumbu,26300.0,8,QRIS,4.0,2026-06,Monday,Andaliman,210400.0,False
TRX002345,2026-05-31,Balige,Kerajinan,967000.0,11,QRIS,5.0,2026-05,Sunday,Ulos Ragidup,10637000.0,False
TRX000986,2026-03-02,Laguboti,Bumbu,29600.0,2,Tunai,1.0,2026-03,Monday,Bumbu Naniura,59200.0,False
TRX001878,2026-05-02,Laguboti,Minuman,49700.0,8,Transfer Bank,2.0,2026-05,Saturday,Kopi Sidikalang,397600.0,False
TRX002656,2026-06-21,Balige,Camilan,23100.0,10,Tunai,1.0,2026-06,Sunday,Ombus-ombus,231000.0,False
TRX001765,2026-04-25,Laguboti,Camilan,23400.0,1,QRIS,1.0,2026-04,Saturday,Ombus-ombus,23400.0,False
TRX000972,2026-03-01,Parapat,Minuman,54500.0,6,Tunai,2.0,2026-03,Sunday,Kopi Lintong,327000.0,False
TRX000595,2026-02-07,Siborongborong,Kerajinan,892000.0,7,QRIS,4.0,2026-02,Saturday,Ulos Ragidup,6244000.0,False
TRX000653,2026-02-11,Balige,Bumbu,24800.0,6,Tunai,3.0,2026-02,Wednesday,Andaliman,148800.0,False
TRX002438,2026-06-06,Parapat,Kerajinan,744500.0,8,Tunai,5.0,2026-06,Saturday,Ulos Sadum,5956000.0,False
TRX000756,2026-02-17,Siborongborong,Camilan,28400.0,9,Tunai,4.0,2026-02,Tuesday,Kacang Sihobuk,255600.0,False
TRX001972,2026-05-07,Balige,Minuman,49100.0,5,Transfer Bank,1.0,2026-05,Thursday,Kopi Sidikalang,245500.0,False
TRX002448,2026-06-07,Laguboti,Minuman,48700.0,5,QRIS,,2026-06,Sunday,Kopi Sidikalang,243500.0,False
TRX001087,2026-03-09,Laguboti,Kerajinan,679000.0,7,QRIS,4.0,2026-03,Monday,Ulos Sadum,4753000.0,False
TRX000550,2026-02-04,Parapat,Camilan,29100.0,5,Tunai,4.0,2026-02,Wednesday,Kacang Sihobuk,145500.0,False
TRX000557,2026-02-05,Siborongborong,Kerajinan,868500.0,6,Tunai,3.0,2026-02,Thursday,Ulos Ragidup,5211000.0,False
TRX001577,2026-04-12,Laguboti,Camilan,24300.0,4,QRIS,1.0,2026-04,Sunday,Ombus-ombus,97200.0,False
TRX002376,2026-06-01,Parapat,Camilan,33200.0,4,Tunai,3.0,2026-06,Monday,Kacang Sihobuk,132800.0,False
TRX000542,2026-02-04,Laguboti,Minuman,52900.0,6,Tunai,,2026-02,Wednesday,Kopi Lintong,317400.0,False
TRX002613,2026-06-17,Balige,Minuman,52400.0,5,Transfer Bank,4.0,2026-06,Wednesday,Kopi Sidikalang,262000.0,False
TRX001514,2026-04-08,Parapat,Minuman,50500.0,8,Tunai,1.0,2026-04,Wednesday,Kopi Sidikalang,404000.0,False
TRX000265,2026-01-17,Parapat,Minuman,54200.0,6,QRIS,,2026-01,Saturday,Kopi Lintong,325200.0,False
TRX001241,2026-03-21,Balige,Bumbu,25800.0,7,QRIS,3.0,2026-03,Saturday,Andaliman,180600.0,False
TRX002301,2026-05-27,Siborongborong,Bumbu,32100.0,10,Tunai,5.0,2026-05,Wednesday,Bumbu Naniura,321000.0,False
TRX000448,2026-01-30,Balige,Kerajinan,706900.0,9,Tunai,1.0,2026-01,Friday,Ulos Sadum,6362100.0,False
TRX000211,2026-01-14,Parapat,Camilan,22300.0,3,QRIS,1.0,2026-01,Wednesday,Ombus-ombus,66900.0,False
TRX002752,2026-06-27,Laguboti,Camilan,31000.0,10,Transfer Bank,3.0,2026-06,Saturday,Kacang Sihobuk,310000.0,False
TRX000378,2026-01-25,Balige,Bumbu,25200.0,3,QRIS,5.0,2026-01,Sunday,Andaliman,75600.0,False
TRX001976,2026-05-07,Laguboti,Bumbu,34000.0,8,QRIS,1.0,2026-05,Thursday,Bumbu Naniura,272000.0,False
TRX002430,2026-06-06,Siborongborong,Kerajinan,693350.0,6,QRIS,4.0,2026-06,Saturday,Ulos Sadum,4160100.0,False
TRX002575,2026-06-14,Siborongborong,Bumbu,28200.0,7,Transfer Bank,,2026-06,Sunday,Andaliman,197400.0,False
TRX002253,2026-05-24,Laguboti,Camilan,25900.0,9,Tunai,1.0,2026-05,Sunday,Ombus-ombus,233100.0,False
TRX002154,2026-05-17,Parapat,Camilan,31900.0,10,QRIS,5.0,2026-05,Sunday,Kacang Sihobuk,319000.0,False
TRX001217,2026-03-18,Balige,Bumbu,32500.0,8,Transfer Bank,4.0,2026-03,Wednesday,Bumbu Naniura,260000.0,False
TRX001697,2026-04-19,Siborongborong,Kerajinan,878800.0,3,QRIS,1.0,2026-04,Sunday,Ulos Ragidup,2636400.0,False
TRX002338,2026-05-30,Siborongborong,Bumbu,29400.0,11,QRIS,5.0,2026-05,Saturday,Andaliman,323400.0,False
TRX000301,2026-01-20,Laguboti,Minuman,44700.0,7,QRIS,4.0,2026-01,Tuesday,Kopi Sidikalang,312900.0,False
TRX001565,2026-04-12,Balige,Camilan,23300.0,10,Tunai,,2026-04,Sunday,Ombus-ombus,233000.0,False
TRX001396,2026-03-31,Balige,Bumbu,30300.0,7,Transfer Bank,2.0,2026-03,Tuesday,Bumbu Naniura,212100.0,False
TRX001542,2026-04-11,Laguboti,Camilan,25500.0,9,Transfer Bank,1.0,2026-04,Saturday,Ombus-ombus,229500.0,False
TRX000554,2026-02-05,Siborongborong,Bumbu,23900.0,10,QRIS,2.0,2026-02,Thursday,Andaliman,239000.0,False
TRX000489,2026-02-01,Balige,Bumbu,28400.0,4,QRIS,3.0,2026-02,Sunday,Bumbu Naniura,113600.0,False
TRX001782,2026-04-25,Parapat,Bumbu,27800.0,11,QRIS,2.0,2026-04,Saturday,Andaliman,305800.0,False
TRX000468,2026-01-31,Laguboti,Kerajinan,692600.0,6,Tunai,,2026-01,Saturday,Ulos Sadum,4155600.0,False
TRX002132,2026-05-17,Balige,Minuman,54200.0,9,Transfer Bank,2.0,2026-05,Sunday,Kopi Lintong,487800.0,False
TRX001434,2026-04-03,Laguboti,Kerajinan,902300.0,10,Transfer Bank,5.0,2026-04,Friday,Ulos Ragidup,9023000.0,False
TRX000469,2026-01-31,Laguboti,Bumbu,27000.0,4,QRIS,4.0,2026-01,Saturday,Andaliman,108000.0,False
TRX001963,2026-05-06,Siborongborong,Bumbu,28800.0,6,Transfer Bank,1.0,2026-05,Wednesday,Andaliman,172800.0,False
TRX001587,2026-04-12,Parapat,Bumbu,26800.0,11,Tunai,5.0,2026-04,Sunday,Andaliman,294800.0,False
TRX002764,2026-06-28,Balige,Bumbu,28000.0,3,QRIS,2.0,2026-06,Sunday,Andaliman,84000.0,False
TRX001992,2026-05-08,Siborongborong,Kerajinan,690900.0,5,Transfer Bank,5.0,2026-05,Friday,Ulos Sadum,3454500.0,False
TRX001594,2026-04-13,Laguboti,Bumbu,27100.0,8,QRIS,1.0,2026-04,Monday,Andaliman,216800.0,False
TRX001203,2026-03-17,Laguboti,Minuman,48500.0,11,Transfer Bank,5.0,2026-03,Tuesday,Kopi Sidikalang,533500.0,False
TRX002457,2026-06-07,Siborongborong,Camilan,33900.0,7,QRIS,,2026-06,Sunday,Kacang Sihobuk,237300.0,False
TRX001579,2026-04-12,Siborongborong,Kerajinan,902400.0,5,Tunai,2.0,2026-04,Sunday,Ulos Ragidup,4512000.0,False
TRX002425,2026-06-06,Laguboti,Camilan,30100.0,7,Tunai,3.0,2026-06,Saturday,Kacang Sihobuk,210700.0,False
TRX000315,2026-01-21,Balige,Camilan,21900.0,10,Tunai,1.0,2026-01,Wednesday,Ombus-ombus,219000.0,False
TRX001668,2026-04-18,Parapat,Camilan,29300.0,1,Tunai,2.0,2026-04,Saturday,Kacang Sihobuk,29300.0,False
TRX000865,2026-02-24,Laguboti,Kerajinan,896900.0,4,Tunai,2.0,2026-02,Tuesday,Ulos Ragidup,3587600.0,False
TRX002246,2026-05-24,Balige,Kerajinan,950500.0,8,Transfer Bank,3.0,2026-05,Sunday,Ulos Ragidup,7604000.0,False
TRX002159,2026-05-18,Laguboti,Bumbu,34600.0,11,Transfer Bank,1.0,2026-05,Monday,Bumbu Naniura,380600.0,False
TRX002442,2026-06-07,Balige,Bumbu,29500.0,10,Transfer Bank,3.0,2026-06,Sunday,Andaliman,295000.0,False
TRX001169,2026-03-15,Balige,Bumbu,27000.0,1,QRIS,3.0,2026-03,Sunday,Andaliman,27000.0,False
TRX000440,2026-01-29,Siborongborong,Minuman,46400.0,4,QRIS,1.0,2026-01,Thursday,Kopi Sidikalang,185600.0,False
TRX000998,2026-03-03,Laguboti,Kerajinan,721900.0,5,QRIS,3.0,2026-03,Tuesday,Ulos Sadum,3609500.0,False
TRX000022,2026-01-03,Balige,Camilan,20700.0,1,Transfer Bank,2.0,2026-01,Saturday,Ombus-ombus,20700.0,False
TRX000181,2026-01-12,Parapat,Bumbu,29000.0,7,QRIS,1.0,2026-01,Monday,Bumbu Naniura,203000.0,False
TRX001999,2026-05-09,Balige,Kerajinan,898100.0,7,Transfer Bank,2.0,2026-05,Saturday,Ulos Ragidup,6286700.0,False
TRX001041,2026-03-07,Balige,Bumbu,24800.0,3,Tunai,1.0,2026-03,Saturday,Andaliman,74400.0,False
TRX001112,2026-03-11,Parapat,Camilan,31000.0,4,Tunai,,2026-03,Wednesday,Kacang Sihobuk,124000.0,False
TRX001211,2026-03-17,Parapat,Bumbu,25600.0,10,QRIS,,2026-03,Tuesday,Andaliman,256000.0,False
TRX001065,2026-03-08,Balige,Kerajinan,690700.0,9,Transfer Bank,1.0,2026-03,Sunday,Ulos Sadum,6216300.0,False
TRX001206,2026-03-17,Laguboti,Camilan,27500.0,7,QRIS,4.0,2026-03,Tuesday,Kacang Sihobuk,192500.0,False
TRX002388,2026-06-03,Balige,Minuman,54200.0,2,Transfer Bank,5.0,2026-06,Wednesday,Kopi Sidikalang,108400.0,False
TRX001226,2026-03-19,Laguboti,Camilan,31900.0,3,Transfer Bank,4.0,2026-03,Thursday,Kacang Sihobuk,95700.0,False
TRX000204,2026-01-14,Laguboti,Kerajinan,606700.0,9,Transfer Bank,2.0,2026-01,Wednesday,Ulos Sadum,5460300.0,False
TRX001292,2026-03-23,Laguboti,Camilan,22800.0,3,Transfer Bank,3.0,2026-03,Monday,Ombus-ombus,68400.0,False
TRX000627,2026-02-09,Balige,Bumbu,27400.0,9,Tunai,,2026-02,Monday,Andaliman,246600.0,False
TRX001855,2026-04-30,Siborongborong,Camilan,29700.0,11,QRIS,2.0,2026-04,Thursday,Kacang Sihobuk,326700.0,False
TRX001398,2026-03-31,Balige,Bumbu,26200.0,8,QRIS,,2026-03,Tuesday,Andaliman,209600.0,False
TRX002196,2026-05-22,Balige,Kerajinan,975900.0,10,Tunai,4.0,2026-05,Friday,Ulos Ragidup,9759000.0,False
TRX002668,2026-06-21,Parapat,Camilan,31600.0,10,Transfer Bank,4.0,2026-06,Sunday,Kacang Sihobuk,316000.0,False
TRX002791,2026-06-29,Balige,Minuman,60600.0,1,QRIS,3.0,2026-06,Monday,Kopi Lintong,60600.0,False
TRX000488,2026-02-01,Balige,Kerajinan,937500.0,6,Tunai,2.0,2026-02,Sunday,Ulos Ragidup,5625000.0,False
TRX000230,2026-01-16,Siborongborong,Camilan,30200.0,2,QRIS,4.0,2026-01,Friday,Kacang Sihobuk,60400.0,False
TRX002748,2026-06-27,Laguboti,Camilan,23600.0,6,QRIS,4.0,2026-06,Saturday,Ombus-ombus,141600.0,False
TRX001377,2026-03-29,Siborongborong,Kerajinan,667700.0,7,QRIS,3.0,2026-03,Sunday,Ulos Sadum,4673900.0,False
TRX002719,2026-06-25,Siborongborong,Bumbu,28500.0,7,Transfer Bank,,2026-06,Thursday,Andaliman,199500.0,False
TRX001839,2026-04-28,Siborongborong,Camilan,22700.0,9,Transfer Bank,,2026-04,Tuesday,Ombus-ombus,204300.0,False
TRX002554,2026-06-13,Parapat,Bumbu,28500.0,11,Tunai,1.0,2026-06,Saturday,Andaliman,313500.0,False
TRX000287,2026-01-19,Laguboti,Minuman,48500.0,3,QRIS,4.0,2026-01,Monday,Kopi Sidikalang,145500.0,False
TRX001258,2026-03-21,Siborongborong,Bumbu,34000.0,8,Transfer Bank,2.0,2026-03,Saturday,Bumbu Naniura,272000.0,False
TRX000675,2026-02-12,Siborongborong,Camilan,28700.0,7,Tunai,1.0,2026-02,Thursday,Kacang Sihobuk,200900.0,False
TRX002586,2026-06-14,Parapat,Bumbu,30000.0,1,Transfer Bank,2.0,2026-06,Sunday,Andaliman,30000.0,False
TRX000455,2026-01-30,Laguboti,Minuman,45900.0,2,QRIS,4.0,2026-01,Friday,Kopi Sidikalang,91800.0,False
TRX002756,2026-06-27,Siborongborong,Minuman,63200.0,10,Transfer Bank,1.0,2026-06,Saturday,Kopi Lintong,632000.0,False
TRX001903,2026-05-03,Balige,Kerajinan,997400.0,5,Tunai,4.0,2026-05,Sunday,Ulos Ragidup,4987000.0,False
TRX001103,2026-03-11,Laguboti,Kerajinan,711000.0,10,QRIS,1.0,2026-03,Wednesday,Ulos Sadum,7110000.0,False
TRX000811,2026-02-21,Laguboti,Bumbu,30400.0,9,Transfer Bank,5.0,2026-02,Saturday,Bumbu Naniura,273600.0,False
TRX000670,2026-02-12,Laguboti,Minuman,45600.0,9,QRIS,4.0,2026-02,Thursday,Kopi Sidikalang,410400.0,False
TRX002113,2026-05-16,Laguboti,Camilan,30400.0,2,QRIS,1.0,2026-05,Saturday,Kacang Sihobuk,60800.0,False
TRX000432,2026-01-28,Siborongborong,Bumbu,25300.0,1,Transfer Bank,2.0,2026-01,Wednesday,Andaliman,25300.0,False
TRX001513,2026-04-08,Parapat,Minuman,50000.0,2,QRIS,3.0,2026-04,Wednesday,Kopi Sidikalang,100000.0,False
TRX002249,2026-05-24,Balige,Kerajinan,760400.0,3,Tunai,2.0,2026-05,Sunday,Ulos Sadum,2281200.0,False
TRX002015,2026-05-09,Siborongborong,Minuman,52900.0,6,Tunai,4.0,2026-05,Saturday,Kopi Lintong,317400.0,False
TRX002783,2026-06-28,Parapat,Kerajinan,913000.0,1,Tunai,2.0,2026-06,Sunday,Ulos Ragidup,913000.0,False
TRX000345,2026-01-23,Laguboti,Camilan,29500.0,3,Tunai,5.0,2026-01,Friday,Kacang Sihobuk,88500.0,False
TRX000621,2026-02-08,Parapat,Bumbu,32200.0,8,QRIS,5.0,2026-02,Sunday,Bumbu Naniura,257600.0,False
TRX002145,2026-05-17,Siborongborong,Kerajinan,738000.0,4,Tunai,1.0,2026-05,Sunday,Ulos Sadum,2952000.0,False
TRX002506,2026-06-10,Laguboti,Minuman,56100.0,9,QRIS,5.0,2026-06,Wednesday,Kopi Lintong,504900.0,False
TRX000960,2026-03-01,Laguboti,Minuman,46800.0,2,QRIS,1.0,2026-03,Sunday,Kopi Sidikalang,93600.0,False
TRX000803,2026-02-21,Balige,Bumbu,33000.0,1,Transfer Bank,2.0,2026-02,Saturday,Bumbu Naniura,33000.0,False
TRX000937,2026-02-28,Laguboti,Kerajinan,881000.0,1,QRIS,1.0,2026-02,Saturday,Ulos Ragidup,881000.0,False
TRX002432,2026-06-06,Siborongborong,Kerajinan,993200.0,7,QRIS,2.0,2026-06,Saturday,Ulos Ragidup,6952400.0,False
TRX001482,2026-04-06,Laguboti,Minuman,50000.0,4,Tunai,5.0,2026-04,Monday,Kopi Sidikalang,200000.0,False
TRX000131,2026-01-09,Siborongborong,Minuman,52300.0,4,QRIS,5.0,2026-01,Friday,Kopi Lintong,209200.0,False
TRX001321,2026-03-26,Laguboti,Bumbu,31100.0,5,QRIS,3.0,2026-03,Thursday,Bumbu Naniura,155500.0,False
TRX000956,2026-03-01,Balige,Kerajinan,693350.0,11,Tunai,4.0,2026-03,Sunday,Ulos Sadum,7626850.0,False
TRX000914,2026-02-27,Parapat,Kerajinan,640800.0,3,QRIS,5.0,2026-02,Friday,Ulos Sadum,1922400.0,False
TRX001889,2026-05-02,Siborongborong,Kerajinan,679800.0,11,Transfer Bank,4.0,2026-05,Saturday,Ulos Sadum,7477800.0,False
TRX002443,2026-06-07,Balige,Camilan,24800.0,2,QRIS,5.0,2026-06,Sunday,Ombus-ombus,49600.0,False
TRX000128,2026-01-09,Laguboti,Bumbu,29900.0,2,QRIS,5.0,2026-01,Friday,Bumbu Naniura,59800.0,False
TRX000285,2026-01-19,Laguboti,Minuman,51200.0,6,QRIS,,2026-01,Monday,Kopi Lintong,307200.0,False
TRX001954,2026-05-06,Balige,Kerajinan,990400.0,11,Tunai,4.0,2026-05,Wednesday,Ulos Ragidup,10894400.0,False
TRX000624,2026-02-08,Parapat,Minuman,57800.0,10,QRIS,1.0,2026-02,Sunday,Kopi Lintong,578000.0,False
TRX000689,2026-02-14,Balige,Camilan,22700.0,8,Tunai,4.0,2026-02,Saturday,Ombus-ombus,181600.0,False
TRX002788,2026-06-29,Balige,Camilan,29600.0,3,QRIS,,2026-06,Monday,Kacang Sihobuk,88800.0,False
TRX000996,2026-03-03,Laguboti,Bumbu,29100.0,11,Transfer Bank,3.0,2026-03,Tuesday,Bumbu Naniura,320100.0,False
TRX002259,2026-05-24,Siborongborong,Minuman,62100.0,5,Transfer Bank,2.0,2026-05,Sunday,Kopi Lintong,310500.0,False
TRX001445,2026-04-04,Laguboti,Kerajinan,892600.0,8,Tunai,5.0,2026-04,Saturday,Ulos Ragidup,7140800.0,False
TRX000459,2026-01-30,Parapat,Bumbu,32700.0,11,Transfer Bank,2.0,2026-01,Friday,Bumbu Naniura,359700.0,False
TRX000463,2026-01-31,Balige,Minuman,43700.0,5,Tunai,2.0,2026-01,Saturday,Kopi Sidikalang,218500.0,False
TRX000793,2026-02-20,Siborongborong,Minuman,46900.0,2,QRIS,4.0,2026-02,Friday,Kopi Sidikalang,93800.0,False
TRX000505,2026-02-01,Parapat,Kerajinan,806200.0,8,Transfer Bank,4.0,2026-02,Sunday,Ulos Ragidup,6449600.0,False
TRX000309,2026-01-20,Parapat,Camilan,22600.0,8,Tunai,1.0,2026-01,Tuesday,Ombus-ombus,180800.0,False
TRX001724,2026-04-21,Siborongborong,Camilan,22500.0,6,Transfer Bank,4.0,2026-04,Tuesday,Ombus-ombus,135000.0,False
TRX000364,2026-01-24,Siborongborong,Minuman,44400.0,5,QRIS,5.0,2026-01,Saturday,Kopi Sidikalang,222000.0,False
TRX000580,2026-02-07,Laguboti,Camilan,27400.0,2,QRIS,1.0,2026-02,Saturday,Kacang Sihobuk,54800.0,False
TRX002016,2026-05-09,Siborongborong,Kerajinan,885600.0,7,QRIS,3.0,2026-05,Saturday,Ulos Ragidup,6199200.0,False
TRX002162,2026-05-18,Siborongborong,Kerajinan,943000.0,4,Tunai,3.0,2026-05,Monday,Ulos Ragidup,3772000.0,False
TRX000508,2026-02-01,Parapat,Camilan,28500.0,1,Tunai,3.0,2026-02,Sunday,Kacang Sihobuk,28500.0,False
TRX001012,2026-03-04,Siborongborong,Kerajinan,888100.0,8,Transfer Bank,2.0,2026-03,Wednesday,Ulos Ragidup,7104800.0,False
TRX001376,2026-03-29,Siborongborong,Bumbu,27100.0,10,QRIS,4.0,2026-03,Sunday,Andaliman,271000.0,False
TRX000947,2026-02-28,Parapat,Bumbu,33600.0,9,QRIS,3.0,2026-02,Saturday,Bumbu Naniura,302400.0,False
TRX002621,2026-06-18,Balige,Camilan,29400.0,3,Transfer Bank,5.0,2026-06,Thursday,Kacang Sihobuk,88200.0,False
TRX002419,2026-06-06,Balige,Camilan,30200.0,11,QRIS,2.0,2026-06,Saturday,Kacang Sihobuk,332200.0,False
TRX002566,2026-06-14,Laguboti,Minuman,60300.0,6,Transfer Bank,1.0,2026-06,Sunday,Kopi Lintong,361800.0,False
TRX002775,2026-06-28,Siborongborong,Kerajinan,930200.0,8,Tunai,5.0,2026-06,Sunday,Ulos Ragidup,7441600.0,False
TRX001939,2026-05-05,Balige,Bumbu,25900.0,5,Transfer Bank,5.0,2026-05,Tuesday,Andaliman,129500.0,False
TRX000189,2026-01-13,Laguboti,Minuman,49400.0,7,Tunai,4.0,2026-01,Tuesday,Kopi Lintong,345800.0,False
TRX001437,2026-04-03,Parapat,Bumbu,24700.0,10,Tunai,2.0,2026-04,Friday,Andaliman,247000.0,False
TRX001966,2026-05-06,Parapat,Kerajinan,910200.0,9,Tunai,2.0,2026-05,Wednesday,Ulos Ragidup,8191800.0,False
TRX001998,2026-05-09,Balige,Camilan,25000.0,7,Tunai,2.0,2026-05,Saturday,Ombus-ombus,175000.0,False
TRX002731,2026-06-26,Siborongborong,Bumbu,28600.0,8,Tunai,2.0,2026-06,Friday,Andaliman,228800.0,False
TRX001793,2026-04-26,Balige,Camilan,24300.0,10,Tunai,2.0,2026-04,Sunday,Ombus-ombus,243000.0,False
TRX001349,2026-03-28,Laguboti,Minuman,57500.0,5,QRIS,1.0,2026-03,Saturday,Kopi Lintong,287500.0,False
TRX001135,2026-03-13,Siborongborong,Camilan,24300.0,5,Transfer Bank,4.0,2026-03,Friday,Ombus-ombus,121500.0,False
TRX001898,2026-05-02,Parapat,Bumbu,31400.0,11,QRIS,4.0,2026-05,Saturday,Bumbu Naniura,345400.0,False
TRX002247,2026-05-24,Balige,Bumbu,26300.0,8,Tunai,3.0,2026-05,Sunday,Andaliman,210400.0,False
TRX001424,2026-04-02,Balige,Minuman,59200.0,9,QRIS,4.0,2026-04,Thursday,Kopi Lintong,532800.0,False
TRX000863,2026-02-24,Laguboti,Camilan,23400.0,4,Tunai,,2026-02,Tuesday,Ombus-ombus,93600.0,False
TRX002383,2026-06-02,Siborongborong,Camilan,26000.0,1,Tunai,4.0,2026-06,Tuesday,Ombus-ombus,26000.0,False
TRX002298,2026-05-27,Laguboti,Kerajinan,744200.0,2,Transfer Bank,5.0,2026-05,Wednesday,Ulos Sadum,1488400.0,False
TRX000354,2026-01-24,Balige,Kerajinan,823900.0,2,QRIS,2.0,2026-01,Saturday,Ulos Ragidup,1647800.0,False
TRX001035,2026-03-06,Laguboti,Bumbu,27400.0,2,Tunai,2.0,2026-03,Friday,Andaliman,54800.0,False
TRX001885,2026-05-02,Laguboti,Bumbu,34100.0,5,Transfer Bank,2.0,2026-05,Saturday,Bumbu Naniura,170500.0,False
TRX000732,2026-02-15,Siborongborong,Bumbu,25700.0,8,QRIS,3.0,2026-02,Sunday,Andaliman,205600.0,False
TRX000703,2026-02-14,Siborongborong,Minuman,54300.0,4,QRIS,5.0,2026-02,Saturday,Kopi Lintong,217200.0,False
TRX001783,2026-04-25,Parapat,Minuman,52300.0,5,Transfer Bank,5.0,2026-04,Saturday,Kopi Sidikalang,261500.0,False
TRX002241,2026-05-23,Parapat,Kerajinan,1009800.0,6,QRIS,5.0,2026-05,Saturday,Ulos Ragidup,6058800.0,False
TRX002400,2026-06-04,Balige,Minuman,59000.0,8,Transfer Bank,1.0,2026-06,Thursday,Kopi Lintong,472000.0,False
TRX000161,2026-01-11,Balige,Bumbu,25000.0,1,QRIS,5.0,2026-01,Sunday,Andaliman,25000.0,False
TRX002370,2026-06-01,Laguboti,Minuman,51700.0,11,Transfer Bank,3.0,2026-06,Monday,Kopi Sidikalang,568700.0,False
TRX002391,2026-06-03,Laguboti,Bumbu,31500.0,8,Transfer Bank,3.0,2026-06,Wednesday,Bumbu Naniura,252000.0,False
TRX002004,2026-05-09,Laguboti,Bumbu,25500.0,8,Tunai,,2026-05,Saturday,Andaliman,204000.0,False
TRX001338,2026-03-28,Balige,Kerajinan,849900.0,10,Tunai,5.0,2026-03,Saturday,Ulos Ragidup,8499000.0,False
TRX000163,2026-01-11,Laguboti,Minuman,53700.0,7,Tunai,1.0,2026-01,Sunday,Kopi Lintong,375900.0,False
TRX001287,2026-03-22,Parapat,Bumbu,32600.0,2,Tunai,4.0,2026-03,Sunday,Bumbu Naniura,65200.0,False
TRX001754,2026-04-24,Laguboti,Minuman,51300.0,2,QRIS,,2026-04,Friday,Kopi Sidikalang,102600.0,False
TRX000186,2026-01-13,Laguboti,Camilan,27600.0,1,Tunai,2.0,2026-01,Tuesday,Kacang Sihobuk,27600.0,False
TRX002520,2026-06-11,Parapat,Bumbu,35100.0,11,QRIS,1.0,2026-06,Thursday,Bumbu Naniura,386100.0,False
TRX001189,2026-03-15,Parapat,Camilan,23500.0,5,Tunai,4.0,2026-03,Sunday,Ombus-ombus,117500.0,False
TRX001597,2026-04-13,Siborongborong,Minuman,46000.0,7,QRIS,3.0,2026-04,Monday,Kopi Sidikalang,322000.0,False
TRX001008,2026-03-04,Balige,Bumbu,24200.0,8,QRIS,5.0,2026-03,Wednesday,Andaliman,193600.0,False
TRX001671,2026-04-19,Balige,Kerajinan,977900.0,11,Tunai,2.0,2026-04,Sunday,Ulos Ragidup,10756900.0,False
TRX002642,2026-06-20,Siborongborong,Camilan,31700.0,3,Tunai,4.0,2026-06,Saturday,Kacang Sihobuk,95100.0,False
TRX000369,2026-01-24,Parapat,Kerajinan,667500.0,7,Transfer Bank,4.0,2026-01,Saturday,Ulos Sadum,4672500.0,False
TRX001850,2026-04-30,Balige,Kerajinan,669000.0,6,QRIS,,2026-04,Thursday,Ulos Sadum,4014000.0,False
TRX000494,2026-02-01,Laguboti,Camilan,23400.0,3,Tunai,2.0,2026-02,Sunday,Ombus-ombus,70200.0,False
TRX001921,2026-05-03,Parapat,Bumbu,33300.0,7,QRIS,4.0,2026-05,Sunday,Bumbu Naniura,233100.0,False
TRX001922,2026-05-03,Parapat,Kerajinan,896300.0,5,Transfer Bank,5.0,2026-05,Sunday,Ulos Ragidup,4481500.0,False
TRX000334,2026-01-22,Parapat,Minuman,42700.0,1,Transfer Bank,3.0,2026-01,Thursday,Kopi Sidikalang,42700.0,False
TRX002177,2026-05-19,Siborongborong,Kerajinan,677100.0,11,Transfer Bank,4.0,2026-05,Tuesday,Ulos Sadum,7448100.0,False
TRX000789,2026-02-20,Laguboti,Camilan,23500.0,6,Transfer Bank,1.0,2026-02,Friday,Ombus-ombus,141000.0,False
TRX002166,2026-05-18,Parapat,Camilan,33500.0,9,Transfer Bank,5.0,2026-05,Monday,Kacang Sihobuk,301500.0,False
TRX000381,2026-01-25,Laguboti,Minuman,53200.0,3,Transfer Bank,4.0,2026-01,Sunday,Kopi Lintong,159600.0,False
TRX002396,2026-06-03,Parapat,Minuman,51700.0,9,Transfer Bank,5.0,2026-06,Wednesday,Kopi Sidikalang,465300.0,False
TRX001991,2026-05-08,Siborongborong,Minuman,54800.0,4,Transfer Bank,3.0,2026-05,Friday,Kopi Lintong,219200.0,False
TRX001448,2026-04-04,Siborongborong,Kerajinan,935500.0,10,QRIS,4.0,2026-04,Saturday,Ulos Ragidup,9355000.0,False
TRX001728,2026-04-22,Laguboti,Minuman,50200.0,4,QRIS,,2026-04,Wednesday,Kopi Sidikalang,200800.0,False
TRX002389,2026-06-03,Balige,Kerajinan,775400.0,10,Tunai,1.0,2026-06,Wednesday,Ulos Sadum,7754000.0,False
TRX001601,2026-04-13,Parapat,Kerajinan,718100.0,3,Tunai,3.0,2026-04,Monday,Ulos Sadum,2154300.0,False
TRX002319,2026-05-29,Parapat,Camilan,25200.0,10,Tunai,2.0,2026-05,Friday,Ombus-ombus,252000.0,False
TRX002036,2026-05-10,Parapat,Camilan,31700.0,1,QRIS,3.0,2026-05,Sunday,Kacang Sihobuk,31700.0,False
TRX000208,2026-01-14,Siborongborong,Kerajinan,808100.0,5,Tunai,2.0,2026-01,Wednesday,Ulos Ragidup,4040500.0,False
TRX002695,2026-06-23,Siborongborong,Kerajinan,894000.0,1,Tunai,4.0,2026-06,Tuesday,Ulos Ragidup,894000.0,False
TRX002757,2026-06-27,Siborongborong,Minuman,50200.0,9,Transfer Bank,,2026-06,Saturday,Kopi Sidikalang,451800.0,False
TRX001136,2026-03-13,Siborongborong,Minuman,53200.0,7,Transfer Bank,1.0,2026-03,Friday,Kopi Lintong,372400.0,False
TRX000882,2026-02-25,Siborongborong,Camilan,27800.0,4,Tunai,5.0,2026-02,Wednesday,Kacang Sihobuk,111200.0,False
TRX000144,2026-01-10,Siborongborong,Kerajinan,894100.0,1,QRIS,5.0,2026-01,Saturday,Ulos Ragidup,894100.0,False
TRX000250,2026-01-17,Laguboti,Minuman,49000.0,4,QRIS,,2026-01,Saturday,Kopi Sidikalang,196000.0,False
TRX001603,2026-04-13,Parapat,Camilan,23800.0,11,Tunai,3.0,2026-04,Monday,Ombus-ombus,261800.0,False
TRX002773,2026-06-28,Siborongborong,Bumbu,28400.0,11,Transfer Bank,5.0,2026-06,Sunday,Andaliman,312400.0,False
TRX002414,2026-06-05,Parapat,Kerajinan,787200.0,1,Transfer Bank,4.0,2026-06,Friday,Ulos Sadum,787200.0,False
TRX002682,2026-06-23,Balige,Kerajinan,1019500.0,8,Tunai,5.0,2026-06,Tuesday,Ulos Ragidup,8156000.0,False
TRX001986,2026-05-08,Balige,Camilan,22600.0,11,Tunai,5.0,2026-05,Friday,Ombus-ombus,248600.0,False
TRX001554,2026-04-11,Siborongborong,Minuman,48400.0,3,Tunai,2.0,2026-04,Saturday,Kopi Sidikalang,145200.0,False
TRX002005,2026-05-09,Laguboti,Camilan,25200.0,11,Tunai,4.0,2026-05,Saturday,Ombus-ombus,277200.0,False
TRX002242,2026-05-24,Balige,Minuman,51500.0,4,Transfer Bank,,2026-05,Sunday,Kopi Sidikalang,206000.0,False
TRX002428,2026-06-06,Siborongborong,Kerajinan,786800.0,9,Tunai,4.0,2026-06,Saturday,Ulos Sadum,7081200.0,False
TRX002123,2026-05-16,Parapat,Camilan,22600.0,4,Tunai,5.0,2026-05,Saturday,Ombus-ombus,90400.0,False
TRX001129,2026-03-13,Balige,Bumbu,26200.0,9,Tunai,1.0,2026-03,Friday,Andaliman,235800.0,False
TRX002354,2026-05-31,Laguboti,Camilan,25800.0,7,Tunai,3.0,2026-05,Sunday,Ombus-ombus,180600.0,False
TRX002495,2026-06-09,Parapat,Kerajinan,765200.0,11,QRIS,5.0,2026-06,Tuesday,Ulos Sadum,8417200.0,False
TRX001869,2026-05-01,Siborongborong,Kerajinan,684600.0,4,Tunai,3.0,2026-05,Friday,Ulos Sadum,2738400.0,False
TRX001764,2026-04-25,Balige,Minuman,57200.0,7,Tunai,,2026-04,Saturday,Kopi Lintong,400400.0,False
TRX000766,2026-02-18,Balige,Bumbu,32700.0,1,Tunai,1.0,2026-02,Wednesday,Bumbu Naniura,32700.0,False
TRX001847,2026-04-29,Balige,Minuman,50100.0,9,Tunai,5.0,2026-04,Wednesday,Kopi Sidikalang,450900.0,False
TRX000147,2026-01-10,Siborongborong,Minuman,54900.0,7,Transfer Bank,2.0,2026-01,Saturday,Kopi Lintong,384300.0,False
TRX001779,2026-04-25,Parapat,Bumbu,32000.0,1,Tunai,1.0,2026-04,Saturday,Bumbu Naniura,32000.0,False
TRX002100,2026-05-15,Parapat,Bumbu,29600.0,5,Tunai,4.0,2026-05,Friday,Andaliman,148000.0,False
TRX002675,2026-06-22,Laguboti,Bumbu,32300.0,8,Tunai,3.0,2026-06,Monday,Bumbu Naniura,258400.0,False
TRX001158,2026-03-14,Siborongborong,Bumbu,33700.0,4,QRIS,4.0,2026-03,Saturday,Bumbu Naniura,134800.0,False
TRX000322,2026-01-21,Siborongborong,Bumbu,24800.0,3,Tunai,1.0,2026-01,Wednesday,Andaliman,74400.0,False
TRX000112,2026-01-08,Balige,Camilan,21400.0,4,QRIS,4.0,2026-01,Thursday,Ombus-ombus,85600.0,False
TRX000589,2026-02-07,Laguboti,Kerajinan,645400.0,10,Tunai,5.0,2026-02,Saturday,Ulos Sadum,6454000.0,False
TRX001334,2026-03-27,Parapat,Camilan,29300.0,10,Tunai,5.0,2026-03,Friday,Kacang Sihobuk,293000.0,False
TRX002181,2026-05-20,Balige,Kerajinan,771500.0,4,Transfer Bank,3.0,2026-05,Wednesday,Ulos Sadum,3086000.0,False
TRX000137,2026-01-10,Balige,Minuman,48400.0,5,QRIS,,2026-01,Saturday,Kopi Sidikalang,242000.0,False
TRX001417,2026-04-01,Siborongborong,Kerajinan,693350.0,5,Tunai,,2026-04,Wednesday,Ulos Sadum,3466750.0,False
TRX000654,2026-02-11,Balige,Kerajinan,628700.0,2,QRIS,1.0,2026-02,Wednesday,Ulos Sadum,1257400.0,False
TRX001804,2026-04-26,Siborongborong,Bumbu,32500.0,8,Transfer Bank,,2026-04,Sunday,Bumbu Naniura,260000.0,False
TRX001446,2026-04-04,Siborongborong,Kerajinan,976300.0,1,Transfer Bank,1.0,2026-04,Saturday,Ulos Ragidup,976300.0,False
TRX001048,2026-03-07,Laguboti,Kerajinan,870500.0,6,Tunai,4.0,2026-03,Saturday,Ulos Ragidup,5223000.0,False
TRX001975,2026-05-07,Laguboti,Kerajinan,967500.0,3,Transfer Bank,5.0,2026-05,Thursday,Ulos Ragidup,2902500.0,False
TRX000931,2026-02-28,Laguboti,Minuman,52400.0,8,QRIS,,2026-02,Saturday,Kopi Lintong,419200.0,False
TRX000221,2026-01-15,Parapat,Minuman,49900.0,10,QRIS,4.0,2026-01,Thursday,Kopi Lintong,499000.0,False
TRX000928,2026-02-28,Balige,Kerajinan,843600.0,7,Transfer Bank,2.0,2026-02,Saturday,Ulos Ragidup,5905200.0,False
TRX002191,2026-05-21,Laguboti,Kerajinan,940600.0,8,QRIS,4.0,2026-05,Thursday,Ulos Ragidup,7524800.0,False
TRX002107,2026-05-16,Laguboti,Minuman,53700.0,4,Tunai,1.0,2026-05,Saturday,Kopi Lintong,214800.0,False
TRX001982,2026-05-07,Parapat,Camilan,30200.0,9,QRIS,,2026-05,Thursday,Kacang Sihobuk,271800.0,False
TRX002771,2026-06-28,Laguboti,Camilan,25100.0,9,QRIS,1.0,2026-06,Sunday,Ombus-ombus,225900.0,False
TRX000607,2026-02-08,Balige,Camilan,24200.0,2,Tunai,2.0,2026-02,Sunday,Ombus-ombus,48400.0,False
TRX002090,2026-05-14,Parapat,Minuman,56600.0,3,Tunai,3.0,2026-05,Thursday,Kopi Lintong,169800.0,False
TRX001988,2026-05-08,Laguboti,Bumbu,35300.0,7,QRIS,3.0,2026-05,Friday,Bumbu Naniura,247100.0,False
TRX001366,2026-03-29,Balige,Camilan,30800.0,1,Transfer Bank,3.0,2026-03,Sunday,Kacang Sihobuk,30800.0,False
TRX000114,2026-01-08,Laguboti,Kerajinan,851200.0,5,Tunai,1.0,2026-01,Thursday,Ulos Ragidup,4256000.0,False
TRX000987,2026-03-02,Laguboti,Camilan,21500.0,6,Transfer Bank,3.0,2026-03,Monday,Ombus-ombus,129000.0,False
TRX001696,2026-04-19,Siborongborong,Camilan,23000.0,8,Tunai,1.0,2026-04,Sunday,Ombus-ombus,184000.0,False
TRX002135,2026-05-17,Balige,Camilan,22500.0,3,Tunai,1.0,2026-05,Sunday,Ombus-ombus,67500.0,False
TRX000223,2026-01-16,Balige,Kerajinan,920800.0,2,Transfer Bank,1.0,2026-01,Friday,Ulos Ragidup,1841600.0,False
TRX000519,2026-02-02,Siborongborong,Kerajinan,884000.0,4,Transfer Bank,2.0,2026-02,Monday,Ulos Ragidup,3536000.0,False
TRX001120,2026-03-12,Parapat,Bumbu,32500.0,3,QRIS,1.0,2026-03,Thursday,Bumbu Naniura,97500.0,False
TRX000036,2026-01-03,Siborongborong,Bumbu,25300.0,2,Tunai,2.0,2026-01,Saturday,Andaliman,50600.0,False
TRX000831,2026-02-22,Laguboti,Minuman,48400.0,2,Transfer Bank,2.0,2026-02,Sunday,Kopi Sidikalang,96800.0,False
TRX001612,2026-04-14,Parapat,Camilan,28300.0,10,Tunai,1.0,2026-04,Tuesday,Kacang Sihobuk,283000.0,False
TRX002626,2026-06-18,Parapat,Camilan,33900.0,8,QRIS,5.0,2026-06,Thursday,Kacang Sihobuk,271200.0,False
TRX000348,2026-01-23,Parapat,Bumbu,29200.0,7,QRIS,4.0,2026-01,Friday,Bumbu Naniura,204400.0,False
TRX000168,2026-01-11,Laguboti,Kerajinan,912000.0,9,Transfer Bank,2.0,2026-01,Sunday,Ulos Ragidup,8208000.0,False
TRX002671,2026-06-21,Parapat,Bumbu,26900.0,9,QRIS,4.0,2026-06,Sunday,Andaliman,242100.0,False
TRX000117,2026-01-08,Siborongborong,Camilan,23000.0,6,Transfer Bank,3.0,2026-01,Thursday,Ombus-ombus,138000.0,False
TRX000531,2026-02-03,Parapat,Camilan,26900.0,6,QRIS,3.0,2026-02,Tuesday,Kacang Sihobuk,161400.0,False
TRX002356,2026-05-31,Siborongborong,Camilan,32100.0,10,QRIS,3.0,2026-05,Sunday,Kacang Sihobuk,321000.0,False
TRX000321,2026-01-21,Laguboti,Minuman,52500.0,1,QRIS,5.0,2026-01,Wednesday,Kopi Lintong,52500.0,False
TRX001029,2026-03-05,Parapat,Minuman,44400.0,4,QRIS,3.0,2026-03,Thursday,Kopi Sidikalang,177600.0,False
TRX000474,2026-01-31,Siborongborong,Kerajinan,677800.0,1,QRIS,2.0,2026-01,Saturday,Ulos Sadum,677800.0,False
TRX001673,2026-04-19,Balige,Camilan,29500.0,10,QRIS,5.0,2026-04,Sunday,Kacang Sihobuk,295000.0,False
TRX002222,2026-05-23,Laguboti,Kerajinan,767500.0,11,Tunai,2.0,2026-05,Saturday,Ulos Sadum,8442500.0,False
TRX001602,2026-04-13,Parapat,Minuman,52300.0,2,QRIS,2.0,2026-04,Monday,Kopi Sidikalang,104600.0,False
TRX002339,2026-05-30,Siborongborong,Kerajinan,947800.0,8,Transfer Bank,1.0,2026-05,Saturday,Ulos Ragidup,7582400.0,False
TRX000228,2026-01-16,Laguboti,Kerajinan,701700.0,2,Tunai,1.0,2026-01,Friday,Ulos Sadum,1403400.0,False
TRX002215,2026-05-23,Balige,Kerajinan,946000.0,10,Tunai,4.0,2026-05,Saturday,Ulos Ragidup,9460000.0,False
TRX001026,2026-03-05,Siborongborong,Bumbu,32700.0,6,Tunai,,2026-03,Thursday,Bumbu Naniura,196200.0,False
TRX002487,2026-06-09,Laguboti,Kerajinan,974800.0,8,Transfer Bank,1.0,2026-06,Tuesday,Ulos Ragidup,7798400.0,False
TRX001512,2026-04-08,Siborongborong,Minuman,47100.0,6,Transfer Bank,5.0,2026-04,Wednesday,Kopi Sidikalang,282600.0,False
TRX000082,2026-01-05,Siborongborong,Kerajinan,682900.0,9,Transfer Bank,5.0,2026-01,Monday,Ulos Sadum,6146100.0,False
TRX002529,2026-06-12,Parapat,Bumbu,27900.0,3,Transfer Bank,3.0,2026-06,Friday,Andaliman,83700.0,False
TRX001497,2026-04-07,Balige,Kerajinan,649700.0,10,Transfer Bank,2.0,2026-04,Tuesday,Ulos Sadum,6497000.0,False
TRX000669,2026-02-12,Balige,Bumbu,24800.0,5,Tunai,4.0,2026-02,Thursday,Andaliman,124000.0,False
TRX002121,2026-05-16,Parapat,Kerajinan,764900.0,5,QRIS,2.0,2026-05,Saturday,Ulos Sadum,3824500.0,False
TRX000850,2026-02-23,Siborongborong,Kerajinan,640700.0,5,Tunai,5.0,2026-02,Monday,Ulos Sadum,3203500.0,False
TRX002458,2026-06-07,Siborongborong,Minuman,60500.0,1,Tunai,4.0,2026-06,Sunday,Kopi Lintong,60500.0,False
TRX001757,2026-04-24,Siborongborong,Bumbu,29100.0,6,QRIS,1.0,2026-04,Friday,Andaliman,174600.0,False
TRX002188,2026-05-21,Balige,Minuman,50600.0,3,Tunai,4.0,2026-05,Thursday,Kopi Sidikalang,151800.0,False
TRX000516,2026-02-02,Laguboti,Kerajinan,619600.0,8,QRIS,,2026-02,Monday,Ulos Sadum,4956800.0,False
TRX000110,2026-01-07,Parapat,Kerajinan,914300.0,8,Tunai,1.0,2026-01,Wednesday,Ulos Ragidup,7314400.0,False
TRX002431,2026-06-06,Siborongborong,Kerajinan,920000.0,10,QRIS,2.0,2026-06,Saturday,Ulos Ragidup,9200000.0,False
TRX002272,2026-05-25,Siborongborong,Bumbu,29000.0,1,Transfer Bank,,2026-05,Monday,Andaliman,29000.0,False
TRX002558,2026-06-13,Parapat,Minuman,53700.0,6,QRIS,1.0,2026-06,Saturday,Kopi Sidikalang,322200.0,False
TRX001126,2026-03-13,Balige,Kerajinan,633800.0,6,Tunai,4.0,2026-03,Friday,Ulos Sadum,3802800.0,False
TRX000312,2026-01-21,Balige,Bumbu,31800.0,2,QRIS,1.0,2026-01,Wednesday,Bumbu Naniura,63600.0,False
TRX001794,2026-04-26,Balige,Bumbu,32700.0,1,Transfer Bank,4.0,2026-04,Sunday,Bumbu Naniura,32700.0,False
TRX000020,2026-01-02,Parapat,Minuman,46600.0,1,QRIS,4.0,2026-01,Friday,Kopi Sidikalang,46600.0,False
TRX000358,2026-01-24,Balige,Minuman,55200.0,10,Transfer Bank,1.0,2026-01,Saturday,Kopi Lintong,552000.0,False
TRX000361,2026-01-24,Laguboti,Minuman,55100.0,9,Transfer Bank,1.0,2026-01,Saturday,Kopi Lintong,495900.0,False
TRX002612,2026-06-17,Balige,Minuman,55800.0,6,QRIS,5.0,2026-06,Wednesday,Kopi Lintong,334800.0,False
TRX001786,2026-04-26,Balige,Minuman,50500.0,9,QRIS,2.0,2026-04,Sunday,Kopi Sidikalang,454500.0,False
TRX000393,2026-01-25,Parapat,Camilan,27700.0,10,QRIS,1.0,2026-01,Sunday,Kacang Sihobuk,277000.0,False
TRX001477,2026-04-06,Balige,Minuman,54500.0,11,Transfer Bank,2.0,2026-04,Monday,Kopi Lintong,599500.0,False
TRX001476,2026-04-06,Balige,Camilan,23900.0,10,QRIS,4.0,2026-04,Monday,Ombus-ombus,239000.0,False
TRX000658,2026-02-11,Laguboti,Minuman,47400.0,7,QRIS,5.0,2026-02,Wednesday,Kopi Sidikalang,331800.0,False
TRX002611,2026-06-17,Balige,Bumbu,33600.0,2,QRIS,,2026-06,Wednesday,Bumbu Naniura,67200.0,False
TRX002504,2026-06-10,Laguboti,Minuman,58200.0,9,QRIS,1.0,2026-06,Wednesday,Kopi Lintong,523800.0,False
TRX002024,2026-05-09,Parapat,Camilan,29200.0,2,Transfer Bank,1.0,2026-05,Saturday,Kacang Sihobuk,58400.0,False
TRX001662,2026-04-18,Siborongborong,Camilan,32000.0,9,Transfer Bank,2.0,2026-04,Saturday,Kacang Sihobuk,288000.0,False
TRX001908,2026-05-03,Siborongborong,Camilan,31300.0,8,QRIS,5.0,2026-05,Sunday,Kacang Sihobuk,250400.0,False
TRX002709,2026-06-24,Siborongborong,Minuman,61400.0,1,Tunai,1.0,2026-06,Wednesday,Kopi Lintong,61400.0,False
TRX000371,2026-01-24,Parapat,Minuman,49500.0,10,Transfer Bank,,2026-01,Saturday,Kopi Sidikalang,495000.0,False
TRX001458,2026-04-05,Balige,Minuman,51700.0,10,Transfer Bank,3.0,2026-04,Sunday,Kopi Lintong,517000.0,False
TRX000314,2026-01-21,Balige,Camilan,27000.0,10,QRIS,5.0,2026-01,Wednesday,Kacang Sihobuk,270000.0,False
TRX001319,2026-03-26,Balige,Kerajinan,670000.0,8,QRIS,5.0,2026-03,Thursday,Ulos Sadum,5360000.0,False
TRX000594,2026-02-07,Siborongborong,Camilan,24100.0,11,Transfer Bank,5.0,2026-02,Saturday,Ombus-ombus,265100.0,False
TRX000971,2026-03-01,Parapat,Bumbu,32100.0,9,QRIS,1.0,2026-03,Sunday,Bumbu Naniura,288900.0,False
TRX000203,2026-01-14,Laguboti,Camilan,26500.0,9,Tunai,1.0,2026-01,Wednesday,Kacang Sihobuk,238500.0,False
TRX002136,2026-05-17,Balige,Bumbu,29100.0,3,QRIS,1.0,2026-05,Sunday,Andaliman,87300.0,False
TRX001588,2026-04-13,Balige,Kerajinan,979700.0,7,Transfer Bank,5.0,2026-04,Monday,Ulos Ragidup,6857900.0,False
TRX001421,2026-04-01,Parapat,Kerajinan,684800.0,5,Tunai,3.0,2026-04,Wednesday,Ulos Sadum,3424000.0,False
TRX001715,2026-04-20,Parapat,Minuman,52100.0,1,QRIS,2.0,2026-04,Monday,Kopi Sidikalang,52100.0,False
TRX000439,2026-01-29,Laguboti,Kerajinan,873000.0,3,Transfer Bank,4.0,2026-01,Thursday,Ulos Ragidup,2619000.0,False
TRX000327,2026-01-22,Balige,Kerajinan,910900.0,11,Tunai,5.0,2026-01,Thursday,Ulos Ragidup,10019900.0,False
TRX001981,2026-05-07,Parapat,Minuman,60700.0,1,QRIS,3.0,2026-05,Thursday,Kopi Lintong,60700.0,False
TRX002521,2026-06-12,Balige,Kerajinan,1034600.0,8,Tunai,3.0,2026-06,Friday,Ulos Ragidup,8276800.0,False
TRX000388,2026-01-25,Parapat,Minuman,45100.0,11,Tunai,,2026-01,Sunday,Kopi Sidikalang,496100.0,False
TRX001042,2026-03-07,Balige,Kerajinan,866700.0,1,Transfer Bank,5.0,2026-03,Saturday,Ulos Ragidup,866700.0,False
TRX001525,2026-04-09,Siborongborong,Minuman,48100.0,1,QRIS,2.0,2026-04,Thursday,Kopi Sidikalang,48100.0,False
TRX001188,2026-03-15,Parapat,Camilan,25100.0,2,Tunai,5.0,2026-03,Sunday,Ombus-ombus,50200.0,False
TRX000282,2026-01-19,Balige,Minuman,46000.0,7,Transfer Bank,2.0,2026-01,Monday,Kopi Sidikalang,322000.0,False
TRX001388,2026-03-30,Siborongborong,Bumbu,27300.0,7,Tunai,3.0,2026-03,Monday,Andaliman,191100.0,False
TRX000352,2026-01-24,Balige,Bumbu,30600.0,9,Transfer Bank,,2026-01,Saturday,Bumbu Naniura,275400.0,False
TRX000043,2026-01-03,Parapat,Minuman,52200.0,10,Tunai,3.0,2026-01,Saturday,Kopi Lintong,522000.0,False
TRX002284,2026-05-26,Laguboti,Minuman,54200.0,3,Transfer Bank,,2026-05,Tuesday,Kopi Lintong,162600.0,False
TRX000102,2026-01-07,Laguboti,Camilan,29700.0,8,Tunai,3.0,2026-01,Wednesday,Kacang Sihobuk,237600.0,False
TRX000447,2026-01-29,Parapat,Camilan,30200.0,1,Tunai,1.0,2026-01,Thursday,Kacang Sihobuk,30200.0,False
TRX001402,2026-03-31,Siborongborong,Camilan,22600.0,8,Transfer Bank,1.0,2026-03,Tuesday,Ombus-ombus,180800.0,False
TRX000135,2026-01-10,Balige,Kerajinan,904100.0,7,QRIS,2.0,2026-01,Saturday,Ulos Ragidup,6328700.0,False
TRX000575,2026-02-07,Balige,Kerajinan,906000.0,8,QRIS,1.0,2026-02,Saturday,Ulos Ragidup,7248000.0,False
TRX000877,2026-02-25,Laguboti,Bumbu,26700.0,11,QRIS,3.0,2026-02,Wednesday,Andaliman,293700.0,False
TRX002490,2026-06-09,Siborongborong,Minuman,54000.0,1,Transfer Bank,2.0,2026-06,Tuesday,Kopi Sidikalang,54000.0,False
TRX000857,2026-02-23,Parapat,Minuman,44500.0,9,Tunai,,2026-02,Monday,Kopi Sidikalang,400500.0,False
TRX000129,2026-01-09,Laguboti,Kerajinan,890400.0,1,QRIS,1.0,2026-01,Friday,Ulos Ragidup,890400.0,False
TRX000748,2026-02-16,Parapat,Minuman,49900.0,6,Tunai,4.0,2026-02,Monday,Kopi Sidikalang,299400.0,False
TRX000573,2026-02-07,Balige,Kerajinan,885200.0,6,Tunai,1.0,2026-02,Saturday,Ulos Ragidup,5311200.0,False
TRX002348,2026-05-31,Balige,Kerajinan,712800.0,4,Tunai,3.0,2026-05,Sunday,Ulos Sadum,2851200.0,False
TRX002541,2026-06-13,Laguboti,Bumbu,35100.0,9,Tunai,,2026-06,Saturday,Bumbu Naniura,315900.0,False
TRX000876,2026-02-25,Laguboti,Bumbu,27000.0,3,Transfer Bank,1.0,2026-02,Wednesday,Andaliman,81000.0,False
TRX000104,2026-01-07,Siborongborong,Minuman,43600.0,3,Transfer Bank,1.0,2026-01,Wednesday,Kopi Sidikalang,130800.0,False
TRX001460,2026-04-05,Balige,Kerajinan,918800.0,2,Transfer Bank,2.0,2026-04,Sunday,Ulos Ragidup,1837600.0,False
TRX000411,2026-01-27,Balige,Camilan,22400.0,6,QRIS,1.0,2026-01,Tuesday,Ombus-ombus,134400.0,False
TRX001752,2026-04-24,Laguboti,Minuman,52500.0,7,Transfer Bank,3.0,2026-04,Friday,Kopi Lintong,367500.0,False
TRX001179,2026-03-15,Siborongborong,Camilan,28400.0,5,QRIS,4.0,2026-03,Sunday,Kacang Sihobuk,142000.0,False
TRX000605,2026-02-08,Balige,Bumbu,32500.0,9,QRIS,2.0,2026-02,Sunday,Bumbu Naniura,292500.0,False
TRX002708,2026-06-24,Laguboti,Minuman,61800.0,8,QRIS,3.0,2026-06,Wednesday,Kopi Lintong,494400.0,False
TRX002511,2026-06-10,Parapat,Minuman,62200.0,10,QRIS,,2026-06,Wednesday,Kopi Lintong,622000.0,False
TRX002236,2026-05-23,Siborongborong,Minuman,47500.0,9,Transfer Bank,3.0,2026-05,Saturday,Kopi Sidikalang,427500.0,False
TRX000385,2026-01-25,Siborongborong,Minuman,47600.0,3,Transfer Bank,1.0,2026-01,Sunday,Kopi Sidikalang,142800.0,False
TRX001636,2026-04-16,Parapat,Camilan,24000.0,7,Tunai,5.0,2026-04,Thursday,Ombus-ombus,168000.0,False
TRX001946,2026-05-05,Siborongborong,Minuman,48600.0,7,QRIS,1.0,2026-05,Tuesday,Kopi Sidikalang,340200.0,False
TRX000712,2026-02-15,Balige,Kerajinan,626500.0,9,Tunai,2.0,2026-02,Sunday,Ulos Sadum,5638500.0,False
TRX000325,2026-01-21,Parapat,Minuman,57000.0,6,Transfer Bank,3.0,2026-01,Wednesday,Kopi Lintong,342000.0,False
TRX000079,2026-01-05,Laguboti,Bumbu,26500.0,8,Tunai,5.0,2026-01,Monday,Andaliman,212000.0,False
TRX000541,2026-02-04,Laguboti,Camilan,23500.0,11,QRIS,2.0,2026-02,Wednesday,Ombus-ombus,258500.0,False
TRX000356,2026-01-24,Balige,Bumbu,27300.0,2,Tunai,5.0,2026-01,Saturday,Andaliman,54600.0,False
TRX000360,2026-01-24,Laguboti,Camilan,26600.0,8,QRIS,3.0,2026-01,Saturday,Kacang Sihobuk,212800.0,False
TRX001019,2026-03-05,Balige,Minuman,49800.0,9,Transfer Bank,2.0,2026-03,Thursday,Kopi Sidikalang,448200.0,False
TRX002793,2026-06-29,Laguboti,Minuman,60400.0,2,Transfer Bank,3.0,2026-06,Monday,Kopi Lintong,120800.0,False
TRX000916,2026-02-27,Parapat,Camilan,22300.0,7,QRIS,1.0,2026-02,Friday,Ombus-ombus,156100.0,False
TRX000308,2026-01-20,Parapat,Camilan,20600.0,7,Tunai,4.0,2026-01,Tuesday,Ombus-ombus,144200.0,False
TRX002329,2026-05-30,Laguboti,Kerajinan,717300.0,7,Tunai,2.0,2026-05,Saturday,Ulos Sadum,5021100.0,False
TRX001800,2026-04-26,Laguboti,Kerajinan,701000.0,7,Transfer Bank,1.0,2026-04,Sunday,Ulos Sadum,4907000.0,False
TRX001620,2026-04-15,Siborongborong,Camilan,28000.0,11,QRIS,5.0,2026-04,Wednesday,Kacang Sihobuk,308000.0,False
TRX001364,2026-03-29,Balige,Kerajinan,939000.0,8,Transfer Bank,,2026-03,Sunday,Ulos Ragidup,7512000.0,False
TRX000883,2026-02-25,Parapat,Kerajinan,654500.0,3,Transfer Bank,1.0,2026-02,Wednesday,Ulos Sadum,1963500.0,False
TRX000699,2026-02-14,Laguboti,Minuman,50600.0,8,Transfer Bank,2.0,2026-02,Saturday,Kopi Lintong,404800.0,False
TRX001574,2026-04-12,Laguboti,Minuman,48300.0,2,QRIS,5.0,2026-04,Sunday,Kopi Sidikalang,96600.0,False
TRX000004,2026-01-01,Balige,Bumbu,23900.0,5,QRIS,1.0,2026-01,Thursday,Andaliman,119500.0,False
TRX000216,2026-01-15,Laguboti,Minuman,49200.0,7,Transfer Bank,5.0,2026-01,Thursday,Kopi Lintong,344400.0,False
TRX000977,2026-03-01,Parapat,Camilan,28900.0,5,Tunai,,2026-03,Sunday,Kacang Sihobuk,144500.0,False
TRX000099,2026-01-06,Parapat,Camilan,26800.0,9,Transfer Bank,1.0,2026-01,Tuesday,Kacang Sihobuk,241200.0,False
TRX001444,2026-04-04,Laguboti,Bumbu,33400.0,11,Transfer Bank,4.0,2026-04,Saturday,Bumbu Naniura,367400.0,False
TRX002117,2026-05-16,Siborongborong,Bumbu,34200.0,5,Transfer Bank,1.0,2026-05,Saturday,Bumbu Naniura,171000.0,False
TRX002528,2026-06-12,Parapat,Camilan,23400.0,10,Tunai,,2026-06,Friday,Ombus-ombus,234000.0,False
TRX002422,2026-06-06,Laguboti,Minuman,61800.0,8,QRIS,2.0,2026-06,Saturday,Kopi Lintong,494400.0,False
TRX002336,2026-05-30,Siborongborong,Minuman,61200.0,1,Tunai,4.0,2026-05,Saturday,Kopi Lintong,61200.0,False
TRX001192,2026-03-16,Balige,Camilan,22000.0,4,Transfer Bank,,2026-03,Monday,Ombus-ombus,88000.0,False
TRX002366,2026-05-31,Parapat,Minuman,54100.0,5,Tunai,1.0,2026-05,Sunday,Kopi Sidikalang,270500.0,False
TRX001893,2026-05-02,Siborongborong,Minuman,47800.0,7,Transfer Bank,5.0,2026-05,Saturday,Kopi Sidikalang,334600.0,False
TRX000701,2026-02-14,Siborongborong,Kerajinan,678100.0,1,Tunai,5.0,2026-02,Saturday,Ulos Sadum,678100.0,False
TRX000456,2026-01-30,Siborongborong,Camilan,28400.0,3,QRIS,,2026-01,Friday,Kacang Sihobuk,85200.0,False
TRX002237,2026-05-23,Siborongborong,Camilan,30500.0,10,Tunai,2.0,2026-05,Saturday,Kacang Sihobuk,305000.0,False
TRX002096,2026-05-15,Siborongborong,Minuman,49300.0,4,QRIS,4.0,2026-05,Friday,Kopi Sidikalang,197200.0,False
TRX000522,2026-02-03,Balige,Kerajinan,865800.0,4,QRIS,4.0,2026-02,Tuesday,Ulos Ragidup,3463200.0,False
TRX001261,2026-03-21,Siborongborong,Camilan,31700.0,2,Transfer Bank,3.0,2026-03,Saturday,Kacang Sihobuk,63400.0,False
TRX001038,2026-03-06,Parapat,Bumbu,32800.0,1,Tunai,2.0,2026-03,Friday,Bumbu Naniura,32800.0,False
TRX000390,2026-01-25,Parapat,Minuman,46900.0,2,Transfer Bank,3.0,2026-01,Sunday,Kopi Sidikalang,93800.0,False
TRX000952,2026-03-01,Balige,Kerajinan,921100.0,5,Transfer Bank,3.0,2026-03,Sunday,Ulos Ragidup,4605500.0,False
TRX000412,2026-01-27,Balige,Minuman,43700.0,8,Transfer Bank,,2026-01,Tuesday,Kopi Sidikalang,349600.0,False
TRX001899,2026-05-02,Parapat,Kerajinan,943800.0,1,Tunai,4.0,2026-05,Saturday,Ulos Ragidup,943800.0,False
TRX001427,2026-04-02,Siborongborong,Kerajinan,693350.0,1,Transfer Bank,1.0,2026-04,Thursday,Ulos Sadum,693350.0,False
TRX001302,2026-03-24,Siborongborong,Kerajinan,704500.0,4,QRIS,3.0,2026-03,Tuesday,Ulos Sadum,2818000.0,False
TRX002409,2026-06-05,Siborongborong,Camilan,33200.0,11,Transfer Bank,,2026-06,Friday,Kacang Sihobuk,365200.0,False
TRX001297,2026-03-24,Balige,Kerajinan,975500.0,2,Tunai,,2026-03,Tuesday,Ulos Ragidup,1951000.0,False
TRX001472,2026-04-05,Parapat,Kerajinan,646100.0,1,QRIS,5.0,2026-04,Sunday,Ulos Sadum,646100.0,False
TRX001269,2026-03-22,Balige,Bumbu,25300.0,8,QRIS,,2026-03,Sunday,Andaliman,202400.0,False
TRX002472,2026-06-08,Laguboti,Kerajinan,995700.0,10,Tunai,1.0,2026-06,Monday,Ulos Ragidup,9957000.0,False
TRX001768,2026-04-25,Laguboti,Camilan,22500.0,2,Tunai,4.0,2026-04,Saturday,Ombus-ombus,45000.0,False
TRX001022,2026-03-05,Laguboti,Bumbu,24700.0,9,Tunai,1.0,2026-03,Thursday,Andaliman,222300.0,False
TRX000502,2026-02-01,Siborongborong,Minuman,46400.0,6,Tunai,5.0,2026-02,Sunday,Kopi Sidikalang,278400.0,False
TRX002680,2026-06-22,Parapat,Minuman,48400.0,3,Tunai,1.0,2026-06,Monday,Kopi Sidikalang,145200.0,False
TRX000759,2026-02-17,Siborongborong,Minuman,56600.0,2,Transfer Bank,5.0,2026-02,Tuesday,Kopi Lintong,113200.0,False
TRX002088,2026-05-14,Parapat,Kerajinan,982100.0,7,Tunai,3.0,2026-05,Thursday,Ulos Ragidup,6874700.0,False
TRX000429,2026-01-28,Siborongborong,Bumbu,32700.0,6,QRIS,,2026-01,Wednesday,Bumbu Naniura,196200.0,False
TRX001369,2026-03-29,Laguboti,Bumbu,32200.0,3,Transfer Bank,3.0,2026-03,Sunday,Bumbu Naniura,96600.0,False
TRX001318,2026-03-26,Balige,Bumbu,27600.0,5,Tunai,,2026-03,Thursday,Andaliman,138000.0,False
TRX001137,2026-03-13,Siborongborong,Bumbu,25700.0,9,Transfer Bank,4.0,2026-03,Friday,Andaliman,231300.0,False
TRX000074,2026-01-05,Balige,Minuman,49900.0,5,QRIS,2.0,2026-01,Monday,Kopi Lintong,249500.0,False
TRX000026,2026-01-03,Laguboti,Minuman,46700.0,9,QRIS,,2026-01,Saturday,Kopi Sidikalang,420300.0,False
TRX001345,2026-03-28,Laguboti,Camilan,25000.0,4,Tunai,2.0,2026-03,Saturday,Ombus-ombus,100000.0,False
TRX001127,2026-03-13,Balige,Camilan,22600.0,11,Tunai,2.0,2026-03,Friday,Ombus-ombus,248600.0,False
TRX001140,2026-03-13,Parapat,Bumbu,27100.0,2,Tunai,3.0,2026-03,Friday,Andaliman,54200.0,False
TRX000506,2026-02-01,Parapat,Bumbu,31200.0,9,Transfer Bank,3.0,2026-02,Sunday,Bumbu Naniura,280800.0,False
TRX001858,2026-04-30,Parapat,Bumbu,34800.0,5,Transfer Bank,5.0,2026-04,Thursday,Bumbu Naniura,174000.0,False
TRX002647,2026-06-20,Siborongborong,Minuman,56100.0,1,Tunai,2.0,2026-06,Saturday,Kopi Lintong,56100.0,False
TRX001390,2026-03-30,Siborongborong,Bumbu,25800.0,6,Tunai,,2026-03,Monday,Andaliman,154800.0,False
TRX001121,2026-03-12,Parapat,Bumbu,32700.0,3,QRIS,1.0,2026-03,Thursday,Bumbu Naniura,98100.0,False
TRX002386,2026-06-02,Parapat,Minuman,56900.0,4,QRIS,1.0,2026-06,Tuesday,Kopi Lintong,227600.0,False
TRX000587,2026-02-07,Laguboti,Bumbu,32500.0,3,QRIS,4.0,2026-02,Saturday,Bumbu Naniura,97500.0,False
TRX002399,2026-06-04,Balige,Kerajinan,672000.0,5,QRIS,1.0,2026-06,Thursday,Ulos Sadum,3360000.0,False
TRX000612,2026-02-08,Siborongborong,Minuman,47200.0,2,Tunai,5.0,2026-02,Sunday,Kopi Sidikalang,94400.0,False
TRX001139,2026-03-13,Parapat,Bumbu,31200.0,5,Tunai,1.0,2026-03,Friday,Bumbu Naniura,156000.0,False
TRX000426,2026-01-28,Laguboti,Kerajinan,902100.0,5,Tunai,4.0,2026-01,Wednesday,Ulos Ragidup,4510500.0,False
TRX000649,2026-02-10,Siborongborong,Bumbu,26500.0,8,QRIS,3.0,2026-02,Tuesday,Andaliman,212000.0,False
TRX001803,2026-04-26,Siborongborong,Minuman,61100.0,11,Transfer Bank,2.0,2026-04,Sunday,Kopi Lintong,672100.0,False
TRX002312,2026-05-29,Balige,Camilan,29700.0,3,QRIS,5.0,2026-05,Friday,Kacang Sihobuk,89100.0,False
TRX000566,2026-02-06,Siborongborong,Camilan,22300.0,11,QRIS,1.0,2026-02,Friday,Ombus-ombus,245300.0,False
TRX002502,2026-06-10,Laguboti,Kerajinan,1007400.0,5,Tunai,3.0,2026-06,Wednesday,Ulos Ragidup,5037000.0,False
TRX000886,2026-02-25,Parapat,Kerajinan,680000.0,9,QRIS,2.0,2026-02,Wednesday,Ulos Sadum,6120000.0,False
TRX002746,2026-06-27,Laguboti,Camilan,26400.0,6,Transfer Bank,2.0,2026-06,Saturday,Ombus-ombus,158400.0,False
TRX002320,2026-05-29,Parapat,Bumbu,32800.0,3,Transfer Bank,1.0,2026-05,Friday,Bumbu Naniura,98400.0,False
TRX001772,2026-04-25,Siborongborong,Bumbu,34700.0,1,Transfer Bank,,2026-04,Saturday,Bumbu Naniura,34700.0,False
TRX002441,2026-06-06,Parapat,Camilan,25500.0,3,Transfer Bank,5.0,2026-06,Saturday,Ombus-ombus,76500.0,False
TRX000630,2026-02-09,Balige,Kerajinan,876700.0,7,QRIS,1.0,2026-02,Monday,Ulos Ragidup,6136900.0,False
TRX002073,2026-05-14,Balige,Minuman,50200.0,1,Tunai,3.0,2026-05,Thursday,Kopi Sidikalang,50200.0,False
TRX002101,2026-05-15,Parapat,Minuman,53600.0,2,Transfer Bank,2.0,2026-05,Friday,Kopi Lintong,107200.0,False
TRX000501,2026-02-01,Siborongborong,Kerajinan,939500.0,9,Transfer Bank,2.0,2026-02,Sunday,Ulos Ragidup,8455500.0,False
TRX002333,2026-05-30,Laguboti,Minuman,58300.0,9,Tunai,4.0,2026-05,Saturday,Kopi Lintong,524700.0,False
TRX002579,2026-06-14,Parapat,Minuman,49000.0,4,Tunai,2.0,2026-06,Sunday,Kopi Sidikalang,196000.0,False
TRX001959,2026-05-06,Laguboti,Kerajinan,876600.0,10,QRIS,1.0,2026-05,Wednesday,Ulos Ragidup,8766000.0,False
TRX001344,2026-03-28,Balige,Minuman,52000.0,2,Transfer Bank,4.0,2026-03,Saturday,Kopi Lintong,104000.0,False
TRX000165,2026-01-11,Laguboti,Kerajinan,827100.0,10,QRIS,1.0,2026-01,Sunday,Ulos Ragidup,8271000.0,False
TRX002325,2026-05-30,Balige,Kerajinan,1000800.0,6,QRIS,3.0,2026-05,Saturday,Ulos Ragidup,6004800.0,False
TRX000244,2026-01-17,Balige,Kerajinan,804600.0,2,Transfer Bank,,2026-01,Saturday,Ulos Ragidup,1609200.0,False
TRX002677,2026-06-22,Siborongborong,Kerajinan,912600.0,8,Transfer Bank,2.0,2026-06,Monday,Ulos Ragidup,7300800.0,False
TRX000379,2026-01-25,Balige,Bumbu,31900.0,3,Transfer Bank,,2026-01,Sunday,Bumbu Naniura,95700.0,False
TRX001088,2026-03-09,Laguboti,Kerajinan,958400.0,3,QRIS,4.0,2026-03,Monday,Ulos Ragidup,2875200.0,False
TRX001809,2026-04-26,Siborongborong,Kerajinan,977200.0,4,Tunai,2.0,2026-04,Sunday,Ulos Ragidup,3908800.0,False
TRX002416,2026-06-06,Balige,Minuman,60900.0,4,Transfer Bank,3.0,2026-06,Saturday,Kopi Lintong,243600.0,False
TRX000295,2026-01-20,Balige,Minuman,54900.0,10,Transfer Bank,,2026-01,Tuesday,Kopi Lintong,549000.0,False
TRX001683,2026-04-19,Laguboti,Kerajinan,706600.0,1,QRIS,2.0,2026-04,Sunday,Ulos Sadum,706600.0,False
TRX001658,2026-04-18,Balige,Camilan,23500.0,7,Tunai,,2026-04,Saturday,Ombus-ombus,164500.0,False
TRX002028,2026-05-10,Balige,Camilan,30200.0,4,QRIS,2.0,2026-05,Sunday,Kacang Sihobuk,120800.0,False
TRX002223,2026-05-23,Laguboti,Minuman,47400.0,4,Transfer Bank,2.0,2026-05,Saturday,Kopi Sidikalang,189600.0,False
TRX002167,2026-05-18,Parapat,Minuman,47200.0,9,Transfer Bank,1.0,2026-05,Monday,Kopi Sidikalang,424800.0,False
TRX000316,2026-01-21,Laguboti,Minuman,49600.0,5,Transfer Bank,5.0,2026-01,Wednesday,Kopi Lintong,248000.0,False
TRX000529,2026-02-03,Siborongborong,Kerajinan,850900.0,5,QRIS,4.0,2026-02,Tuesday,Ulos Ragidup,4254500.0,False
TRX002776,2026-06-28,Siborongborong,Camilan,26300.0,5,Tunai,1.0,2026-06,Sunday,Ombus-ombus,131500.0,False
TRX001178,2026-03-15,Siborongborong,Bumbu,32500.0,9,Transfer Bank,5.0,2026-03,Sunday,Bumbu Naniura,292500.0,False
TRX000190,2026-01-13,Siborongborong,Camilan,24000.0,1,QRIS,3.0,2026-01,Tuesday,Ombus-ombus,24000.0,False
TRX000028,2026-01-03,Laguboti,Bumbu,29600.0,1,Tunai,4.0,2026-01,Saturday,Bumbu Naniura,29600.0,False
TRX002699,2026-06-23,Parapat,Camilan,30200.0,1,Transfer Bank,3.0,2026-06,Tuesday,Kacang Sihobuk,30200.0,False
TRX002085,2026-05-14,Siborongborong,Minuman,46000.0,9,Tunai,5.0,2026-05,Thursday,Kopi Sidikalang,414000.0,False
TRX001075,2026-03-08,Siborongborong,Camilan,21400.0,9,QRIS,4.0,2026-03,Sunday,Ombus-ombus,192600.0,False
TRX002346,2026-05-31,Balige,Camilan,33000.0,11,Transfer Bank,,2026-05,Sunday,Kacang Sihobuk,363000.0,False
TRX002042,2026-05-11,Balige,Camilan,28600.0,3,Transfer Bank,,2026-05,Monday,Kacang Sihobuk,85800.0,False
TRX001626,2026-04-16,Balige,Kerajinan,685900.0,6,Tunai,,2026-04,Thursday,Ulos Sadum,4115400.0,False
TRX001996,2026-05-08,Parapat,Camilan,24300.0,7,Tunai,,2026-05,Friday,Ombus-ombus,170100.0,False
TRX002498,2026-06-10,Balige,Camilan,26800.0,4,QRIS,2.0,2026-06,Wednesday,Ombus-ombus,107200.0,False
TRX001335,2026-03-27,Parapat,Bumbu,31600.0,7,Tunai,5.0,2026-03,Friday,Bumbu Naniura,221200.0,False
TRX002040,2026-05-11,Balige,Kerajinan,749400.0,7,Transfer Bank,2.0,2026-05,Monday,Ulos Sadum,5245800.0,False
TRX002093,2026-05-15,Laguboti,Bumbu,32500.0,3,QRIS,2.0,2026-05,Friday,Bumbu Naniura,97500.0,False
TRX000586,2026-02-07,Laguboti,Camilan,22700.0,10,QRIS,5.0,2026-02,Saturday,Ombus-ombus,227000.0,False
TRX000838,2026-02-22,Siborongborong,Bumbu,27700.0,6,Tunai,,2026-02,Sunday,Andaliman,166200.0,False
TRX000711,2026-02-15,Balige,Camilan,29500.0,10,QRIS,4.0,2026-02,Sunday,Kacang Sihobuk,295000.0,False
TRX002131,2026-05-17,Balige,Minuman,51200.0,4,Transfer Bank,1.0,2026-05,Sunday,Kopi Sidikalang,204800.0,False
TRX002322,2026-05-30,Balige,Bumbu,29100.0,10,Transfer Bank,3.0,2026-05,Saturday,Andaliman,291000.0,False
TRX001251,2026-03-21,Laguboti,Kerajinan,852600.0,2,QRIS,5.0,2026-03,Saturday,Ulos Ragidup,1705200.0,False
TRX002032,2026-05-10,Siborongborong,Bumbu,31800.0,8,QRIS,3.0,2026-05,Sunday,Bumbu Naniura,254400.0,False
TRX002410,2026-06-05,Siborongborong,Minuman,48500.0,1,Tunai,5.0,2026-06,Friday,Kopi Sidikalang,48500.0,False
TRX001771,2026-04-25,Siborongborong,Kerajinan,658700.0,6,Tunai,,2026-04,Saturday,Ulos Sadum,3952200.0,False
TRX000817,2026-02-22,Balige,Minuman,55700.0,9,Transfer Bank,2.0,2026-02,Sunday,Kopi Lintong,501300.0,False
TRX001934,2026-05-04,Parapat,Bumbu,26700.0,3,QRIS,,2026-05,Monday,Andaliman,80100.0,False
TRX002673,2026-06-22,Balige,Minuman,57100.0,7,QRIS,2.0,2026-06,Monday,Kopi Lintong,399700.0,False
TRX000958,2026-03-01,Balige,Bumbu,32400.0,4,Transfer Bank,5.0,2026-03,Sunday,Bumbu Naniura,129600.0,False
TRX000303,2026-01-20,Siborongborong,Kerajinan,870400.0,8,Tunai,2.0,2026-01,Tuesday,Ulos Ragidup,6963200.0,False
TRX001706,2026-04-20,Laguboti,Camilan,30200.0,10,QRIS,,2026-04,Monday,Kacang Sihobuk,302000.0,False
TRX000631,2026-02-09,Laguboti,Minuman,44800.0,7,Transfer Bank,4.0,2026-02,Monday,Kopi Sidikalang,313600.0,False
TRX002293,2026-05-26,Parapat,Camilan,31800.0,1,QRIS,4.0,2026-05,Tuesday,Kacang Sihobuk,31800.0,False
TRX002740,2026-06-27,Balige,Kerajinan,996700.0,6,QRIS,3.0,2026-06,Saturday,Ulos Ragidup,5980200.0,False
TRX002044,2026-05-11,Siborongborong,Bumbu,25900.0,2,Tunai,3.0,2026-05,Monday,Andaliman,51800.0,False
TRX001064,2026-03-08,Balige,Bumbu,27500.0,5,Transfer Bank,5.0,2026-03,Sunday,Andaliman,137500.0,False
TRX001581,2026-04-12,Siborongborong,Bumbu,32600.0,9,Transfer Bank,4.0,2026-04,Sunday,Bumbu Naniura,293400.0,False
TRX002303,2026-05-27,Parapat,Minuman,54000.0,4,QRIS,1.0,2026-05,Wednesday,Kopi Lintong,216000.0,False
TRX002444,2026-06-07,Balige,Minuman,48200.0,3,Transfer Bank,1.0,2026-06,Sunday,Kopi Sidikalang,144600.0,False
TRX002706,2026-06-24,Laguboti,Bumbu,36100.0,1,Tunai,4.0,2026-06,Wednesday,Bumbu Naniura,36100.0,False
TRX002461,2026-06-07,Parapat,Bumbu,35900.0,3,Transfer Bank,1.0,2026-06,Sunday,Bumbu Naniura,107700.0,False
TRX001716,2026-04-21,Balige,Minuman,51200.0,1,Tunai,4.0,2026-04,Tuesday,Kopi Sidikalang,51200.0,False
TRX001585,2026-04-12,Parapat,Minuman,48300.0,6,Transfer Bank,1.0,2026-04,Sunday,Kopi Sidikalang,289800.0,False
TRX000924,2026-02-28,Balige,Camilan,29300.0,7,Tunai,4.0,2026-02,Saturday,Kacang Sihobuk,205100.0,False
TRX000723,2026-02-15,Laguboti,Bumbu,27400.0,8,Transfer Bank,1.0,2026-02,Sunday,Andaliman,219200.0,False
TRX000060,2026-01-04,Siborongborong,Camilan,23400.0,2,QRIS,3.0,2026-01,Sunday,Ombus-ombus,46800.0,False
TRX002408,2026-06-05,Siborongborong,Minuman,49900.0,10,QRIS,3.0,2026-06,Friday,Kopi Sidikalang,499000.0,False
TRX002269,2026-05-25,Laguboti,Camilan,23200.0,9,Transfer Bank,3.0,2026-05,Monday,Ombus-ombus,208800.0,False
TRX001590,2026-04-13,Balige,Kerajinan,966400.0,6,QRIS,,2026-04,Monday,Ulos Ragidup,5798400.0,False
TRX000024,2026-01-03,Balige,Camilan,29300.0,11,Transfer Bank,2.0,2026-01,Saturday,Kacang Sihobuk,322300.0,False
TRX000578,2026-02-07,Balige,Camilan,30500.0,6,Transfer Bank,3.0,2026-02,Saturday,Kacang Sihobuk,183000.0,False
TRX000684,2026-02-13,Siborongborong,Kerajinan,679700.0,11,Transfer Bank,,2026-02,Friday,Ulos Sadum,7476700.0,False
TRX001016,2026-03-04,Parapat,Kerajinan,729700.0,7,Transfer Bank,5.0,2026-03,Wednesday,Ulos Sadum,5107900.0,False
TRX000347,2026-01-23,Siborongborong,Camilan,24200.0,5,QRIS,1.0,2026-01,Friday,Ombus-ombus,121000.0,False
TRX002119,2026-05-16,Siborongborong,Minuman,56600.0,8,Transfer Bank,4.0,2026-05,Saturday,Kopi Lintong,452800.0,False
TRX002795,2026-06-29,Laguboti,Bumbu,33700.0,3,Transfer Bank,5.0,2026-06,Monday,Bumbu Naniura,101100.0,False
TRX000009,2026-01-01,Parapat,Bumbu,24700.0,8,Transfer Bank,1.0,2026-01,Thursday,Andaliman,197600.0,False
TRX002760,2026-06-27,Parapat,Bumbu,32300.0,7,Transfer Bank,3.0,2026-06,Saturday,Bumbu Naniura,226100.0,False
TRX000229,2026-01-16,Laguboti,Camilan,22100.0,7,QRIS,5.0,2026-01,Friday,Ombus-ombus,154700.0,False
TRX000490,2026-02-01,Laguboti,Kerajinan,689200.0,4,QRIS,3.0,2026-02,Sunday,Ulos Sadum,2756800.0,False
TRX002404,2026-06-04,Parapat,Camilan,23700.0,9,Transfer Bank,,2026-06,Thursday,Ombus-ombus,213300.0,False
TRX000830,2026-02-22,Laguboti,Kerajinan,624700.0,1,QRIS,1.0,2026-02,Sunday,Ulos Sadum,624700.0,False
TRX001797,2026-04-26,Laguboti,Bumbu,31300.0,10,QRIS,3.0,2026-04,Sunday,Bumbu Naniura,313000.0,False
TRX001479,2026-04-06,Laguboti,Kerajinan,666300.0,11,QRIS,5.0,2026-04,Monday,Ulos Sadum,7329300.0,False
TRX000450,2026-01-30,Balige,Bumbu,29200.0,2,QRIS,,2026-01,Friday,Bumbu Naniura,58400.0,False
TRX002326,2026-05-30,Laguboti,Camilan,23900.0,9,Transfer Bank,5.0,2026-05,Saturday,Ombus-ombus,215100.0,False
TRX000016,2026-01-02,Siborongborong,Kerajinan,811800.0,5,QRIS,2.0,2026-01,Friday,Ulos Ragidup,4059000.0,False
TRX001115,2026-03-12,Balige,Kerajinan,855900.0,8,Tunai,1.0,2026-03,Thursday,Ulos Ragidup,6847200.0,False
TRX002662,2026-06-21,Siborongborong,Bumbu,28500.0,6,Tunai,5.0,2026-06,Sunday,Andaliman,171000.0,False
TRX001876,2026-05-02,Laguboti,Bumbu,33200.0,11,Transfer Bank,1.0,2026-05,Saturday,Bumbu Naniura,365200.0,False
TRX002288,2026-05-26,Siborongborong,Kerajinan,676300.0,2,QRIS,4.0,2026-05,Tuesday,Ulos Sadum,1352600.0,False
TRX000824,2026-02-22,Balige,Bumbu,32800.0,6,Transfer Bank,4.0,2026-02,Sunday,Bumbu Naniura,196800.0,False
TRX001970,2026-05-07,Balige,Kerajinan,1006500.0,5,QRIS,2.0,2026-05,Thursday,Ulos Ragidup,5032500.0,False
TRX001227,2026-03-19,Siborongborong,Kerajinan,847900.0,4,Tunai,3.0,2026-03,Thursday,Ulos Ragidup,3391600.0,False
TRX002615,2026-06-17,Laguboti,Minuman,47600.0,3,Transfer Bank,5.0,2026-06,Wednesday,Kopi Sidikalang,142800.0,False
TRX001701,2026-04-20,Balige,Kerajinan,742900.0,8,QRIS,,2026-04,Monday,Ulos Sadum,5943200.0,False
TRX001232,2026-03-20,Laguboti,Kerajinan,873200.0,2,Tunai,1.0,2026-03,Friday,Ulos Ragidup,1746400.0,False
TRX001553,2026-04-11,Siborongborong,Kerajinan,969700.0,5,Tunai,,2026-04,Saturday,Ulos Ragidup,4848500.0,False
TRX001010,2026-03-04,Laguboti,Bumbu,26700.0,11,Tunai,1.0,2026-03,Wednesday,Andaliman,293700.0,False
TRX001691,2026-04-19,Siborongborong,Camilan,25700.0,1,QRIS,5.0,2026-04,Sunday,Ombus-ombus,25700.0,False
TRX002564,2026-06-14,Balige,Kerajinan,753800.0,7,QRIS,5.0,2026-06,Sunday,Ulos Sadum,5276600.0,False
TRX002608,2026-06-16,Parapat,Bumbu,28000.0,2,Transfer Bank,4.0,2026-06,Tuesday,Andaliman,56000.0,False
TRX002264,2026-05-25,Balige,Bumbu,32000.0,11,Tunai,4.0,2026-05,Monday,Bumbu Naniura,352000.0,False
TRX001107,2026-03-11,Siborongborong,Camilan,27600.0,4,QRIS,3.0,2026-03,Wednesday,Kacang Sihobuk,110400.0,False
TRX000498,2026-02-01,Siborongborong,Kerajinan,828300.0,4,QRIS,5.0,2026-02,Sunday,Ulos Ragidup,3313200.0,False
TRX000353,2026-01-24,Balige,Kerajinan,631800.0,6,Transfer Bank,3.0,2026-01,Saturday,Ulos Sadum,3790800.0,False
TRX001644,2026-04-17,Siborongborong,Camilan,28200.0,9,Tunai,2.0,2026-04,Friday,Kacang Sihobuk,253800.0,False
TRX000443,2026-01-29,Siborongborong,Bumbu,24300.0,2,Transfer Bank,3.0,2026-01,Thursday,Andaliman,48600.0,False
TRX000002,2026-01-01,Balige,Bumbu,24800.0,2,QRIS,3.0,2026-01,Thursday,Andaliman,49600.0,False
TRX000286,2026-01-19,Laguboti,Bumbu,28300.0,8,Tunai,,2026-01,Monday,Bumbu Naniura,226400.0,False
TRX000784,2026-02-20,Balige,Kerajinan,938200.0,6,Tunai,5.0,2026-02,Friday,Ulos Ragidup,5629200.0,False
TRX000861,2026-02-24,Balige,Bumbu,29100.0,10,Tunai,,2026-02,Tuesday,Bumbu Naniura,291000.0,False
TRX001762,2026-04-25,Balige,Camilan,24900.0,6,Transfer Bank,2.0,2026-04,Saturday,Ombus-ombus,149400.0,False
TRX002496,2026-06-09,Parapat,Bumbu,36000.0,5,QRIS,3.0,2026-06,Tuesday,Bumbu Naniura,180000.0,False
TRX000349,2026-01-23,Parapat,Bumbu,27400.0,1,QRIS,1.0,2026-01,Friday,Andaliman,27400.0,False
TRX000069,2026-01-04,Parapat,Minuman,41900.0,10,Transfer Bank,3.0,2026-01,Sunday,Kopi Sidikalang,419000.0,False
TRX000404,2026-01-26,Parapat,Camilan,21400.0,1,Transfer Bank,5.0,2026-01,Monday,Ombus-ombus,21400.0,False
TRX002201,2026-05-22,Laguboti,Minuman,48400.0,9,Tunai,5.0,2026-05,Friday,Kopi Sidikalang,435600.0,False
TRX000755,2026-02-17,Laguboti,Minuman,50600.0,1,Tunai,5.0,2026-02,Tuesday,Kopi Lintong,50600.0,False
TRX000798,2026-02-20,Parapat,Minuman,57800.0,9,Tunai,,2026-02,Friday,Kopi Lintong,520200.0,False
TRX001051,2026-03-07,Laguboti,Minuman,51900.0,11,Tunai,5.0,2026-03,Saturday,Kopi Lintong,570900.0,False
TRX002812,2026-06-30,Balige,Camilan,25200.0,4,Tunai,1.0,2026-06,Tuesday,Ombus-ombus,100800.0,False
TRX002273,2026-05-25,Parapat,Bumbu,28300.0,2,Transfer Bank,2.0,2026-05,Monday,Andaliman,56600.0,False
TRX000178,2026-01-12,Balige,Camilan,27000.0,8,Tunai,4.0,2026-01,Monday,Kacang Sihobuk,216000.0,False
TRX000954,2026-03-01,Balige,Bumbu,33200.0,10,Tunai,1.0,2026-03,Sunday,Bumbu Naniura,332000.0,False
TRX001381,2026-03-29,Parapat,Bumbu,26700.0,7,Transfer Bank,1.0,2026-03,Sunday,Andaliman,186900.0,False
TRX001842,2026-04-28,Parapat,Kerajinan,985500.0,4,Tunai,,2026-04,Tuesday,Ulos Ragidup,3942000.0,False
TRX001862,2026-05-01,Balige,Bumbu,30300.0,5,Transfer Bank,2.0,2026-05,Friday,Bumbu Naniura,151500.0,False
TRX001883,2026-05-02,Laguboti,Bumbu,31700.0,3,Transfer Bank,2.0,2026-05,Saturday,Bumbu Naniura,95100.0,False
TRX002076,2026-05-14,Balige,Bumbu,26200.0,8,Tunai,2.0,2026-05,Thursday,Andaliman,209600.0,False
TRX000253,2026-01-17,Siborongborong,Camilan,23200.0,11,Transfer Bank,5.0,2026-01,Saturday,Ombus-ombus,255200.0,False
TRX001439,2026-04-04,Balige,Camilan,22200.0,6,Tunai,,2026-04,Saturday,Ombus-ombus,133200.0,False
TRX000559,2026-02-05,Parapat,Kerajinan,705400.0,8,Tunai,1.0,2026-02,Thursday,Ulos Sadum,5643200.0,False
TRX001637,2026-04-17,Balige,Camilan,30700.0,11,Tunai,5.0,2026-04,Friday,Kacang Sihobuk,337700.0,False
TRX000194,2026-01-13,Parapat,Minuman,43500.0,7,Transfer Bank,5.0,2026-01,Tuesday,Kopi Sidikalang,304500.0,False
TRX002725,2026-06-25,Parapat,Camilan,27100.0,3,Tunai,4.0,2026-06,Thursday,Ombus-ombus,81300.0,False
TRX001508,2026-04-08,Laguboti,Bumbu,27700.0,6,Transfer Bank,3.0,2026-04,Wednesday,Andaliman,166200.0,False
TRX001647,2026-04-17,Siborongborong,Camilan,29800.0,11,Tunai,3.0,2026-04,Friday,Kacang Sihobuk,327800.0,False
TRX002010,2026-05-09,Siborongborong,Camilan,23300.0,4,Transfer Bank,5.0,2026-05,Saturday,Ombus-ombus,93200.0,False
TRX000446,2026-01-29,Parapat,Bumbu,28500.0,1,QRIS,5.0,2026-01,Thursday,Bumbu Naniura,28500.0,False
TRX002019,2026-05-09,Parapat,Minuman,59800.0,1,QRIS,5.0,2026-05,Saturday,Kopi Lintong,59800.0,False
TRX000539,2026-02-04,Laguboti,Bumbu,23800.0,4,Transfer Bank,1.0,2026-02,Wednesday,Andaliman,95200.0,False
TRX001331,2026-03-27,Siborongborong,Camilan,22600.0,8,Transfer Bank,,2026-03,Friday,Ombus-ombus,180800.0,False
TRX000256,2026-01-17,Siborongborong,Kerajinan,872700.0,3,QRIS,2.0,2026-01,Saturday,Ulos Ragidup,2618100.0,False
TRX000452,2026-01-30,Laguboti,Minuman,47600.0,4,Tunai,2.0,2026-01,Friday,Kopi Sidikalang,190400.0,False
TRX001489,2026-04-06,Parapat,Bumbu,28500.0,8,Transfer Bank,,2026-04,Monday,Andaliman,228000.0,False
TRX001741,2026-04-23,Laguboti,Minuman,58100.0,7,Transfer Bank,2.0,2026-04,Thursday,Kopi Lintong,406700.0,False
TRX002268,2026-05-25,Laguboti,Minuman,57600.0,3,Transfer Bank,1.0,2026-05,Monday,Kopi Lintong,172800.0,False
TRX002335,2026-05-30,Siborongborong,Bumbu,28300.0,9,Tunai,3.0,2026-05,Saturday,Andaliman,254700.0,False
TRX002137,2026-05-17,Laguboti,Camilan,30900.0,7,QRIS,1.0,2026-05,Sunday,Kacang Sihobuk,216300.0,False
TRX002707,2026-06-24,Laguboti,Bumbu,29800.0,10,Tunai,,2026-06,Wednesday,Andaliman,298000.0,False
TRX000949,2026-02-28,Parapat,Kerajinan,693350.0,6,QRIS,4.0,2026-02,Saturday,Ulos Sadum,4160100.0,False
TRX000511,2026-02-02,Balige,Kerajinan,823200.0,6,QRIS,4.0,2026-02,Monday,Ulos Ragidup,4939200.0,False
TRX001394,2026-03-30,Parapat,Minuman,46200.0,11,Tunai,,2026-03,Monday,Kopi Sidikalang,508200.0,False
TRX001509,2026-04-08,Laguboti,Kerajinan,846000.0,1,Tunai,2.0,2026-04,Wednesday,Ulos Ragidup,846000.0,False
TRX001615,2026-04-15,Balige,Minuman,56300.0,3,Tunai,5.0,2026-04,Wednesday,Kopi Lintong,168900.0,False
TRX002124,2026-05-16,Parapat,Minuman,56400.0,2,QRIS,4.0,2026-05,Saturday,Kopi Lintong,112800.0,False
TRX001332,2026-03-27,Siborongborong,Kerajinan,956100.0,8,QRIS,5.0,2026-03,Friday,Ulos Ragidup,7648800.0,False
TRX001310,2026-03-25,Siborongborong,Bumbu,33800.0,6,Tunai,5.0,2026-03,Wednesday,Bumbu Naniura,202800.0,False
TRX001628,2026-04-16,Laguboti,Minuman,51900.0,8,QRIS,5.0,2026-04,Thursday,Kopi Sidikalang,415200.0,False
TRX002285,2026-05-26,Laguboti,Minuman,52100.0,1,Transfer Bank,5.0,2026-05,Tuesday,Kopi Sidikalang,52100.0,False
TRX001611,2026-04-14,Parapat,Bumbu,25400.0,3,Tunai,,2026-04,Tuesday,Andaliman,76200.0,False
TRX001643,2026-04-17,Siborongborong,Minuman,59900.0,6,QRIS,4.0,2026-04,Friday,Kopi Lintong,359400.0,False
TRX002282,2026-05-26,Laguboti,Bumbu,27500.0,9,Transfer Bank,1.0,2026-05,Tuesday,Andaliman,247500.0,False
TRX002245,2026-05-24,Balige,Bumbu,30900.0,2,QRIS,4.0,2026-05,Sunday,Bumbu Naniura,61800.0,False
TRX000622,2026-02-08,Parapat,Kerajinan,846600.0,10,Transfer Bank,5.0,2026-02,Sunday,Ulos Ragidup,8466000.0,False
TRX002750,2026-06-27,Laguboti,Camilan,32500.0,8,Tunai,5.0,2026-06,Saturday,Kacang Sihobuk,260000.0,False
TRX002538,2026-06-13,Laguboti,Kerajinan,919200.0,4,Transfer Bank,4.0,2026-06,Saturday,Ulos Ragidup,3676800.0,False
TRX001777,2026-04-25,Siborongborong,Minuman,52100.0,4,Tunai,5.0,2026-04,Saturday,Kopi Sidikalang,208400.0,False
TRX001916,2026-05-03,Parapat,Bumbu,26300.0,7,Tunai,2.0,2026-05,Sunday,Andaliman,184100.0,False
TRX002694,2026-06-23,Siborongborong,Bumbu,31600.0,4,Tunai,1.0,2026-06,Tuesday,Bumbu Naniura,126400.0,False
TRX000664,2026-02-11,Parapat,Bumbu,27700.0,1,Transfer Bank,5.0,2026-02,Wednesday,Andaliman,27700.0,False
TRX000775,2026-02-19,Laguboti,Minuman,57900.0,1,Tunai,3.0,2026-02,Thursday,Kopi Lintong,57900.0,False
TRX000574,2026-02-07,Balige,Kerajinan,678100.0,5,QRIS,4.0,2026-02,Saturday,Ulos Sadum,3390500.0,False
TRX002186,2026-05-20,Siborongborong,Kerajinan,924600.0,9,Tunai,1.0,2026-05,Wednesday,Ulos Ragidup,8321400.0,False
TRX001719,2026-04-21,Balige,Bumbu,28800.0,2,Transfer Bank,1.0,2026-04,Tuesday,Andaliman,57600.0,False
TRX001651,2026-04-17,Parapat,Bumbu,25900.0,3,Tunai,3.0,2026-04,Friday,Andaliman,77700.0,False
TRX001122,2026-03-12,Parapat,Kerajinan,826400.0,5,QRIS,1.0,2026-03,Thursday,Ulos Ragidup,4132000.0,False
TRX001943,2026-05-05,Laguboti,Camilan,25100.0,3,QRIS,5.0,2026-05,Tuesday,Ombus-ombus,75300.0,False
TRX002367,2026-05-31,Parapat,Kerajinan,955800.0,2,Transfer Bank,3.0,2026-05,Sunday,Ulos Ragidup,1911600.0,False
TRX001721,2026-04-21,Siborongborong,Minuman,55900.0,4,Tunai,3.0,2026-04,Tuesday,Kopi Lintong,223600.0,False
TRX000140,2026-01-10,Laguboti,Bumbu,27100.0,7,QRIS,,2026-01,Saturday,Andaliman,189700.0,False
TRX002467,2026-06-08,Balige,Bumbu,32000.0,1,QRIS,4.0,2026-06,Monday,Bumbu Naniura,32000.0,False
TRX000283,2026-01-19,Balige,Kerajinan,796900.0,8,Tunai,,2026-01,Monday,Ulos Ragidup,6375200.0,False
TRX000259,2026-01-17,Siborongborong,Kerajinan,694000.0,9,Tunai,,2026-01,Saturday,Ulos Sadum,6246000.0,False
TRX000617,2026-02-08,Siborongborong,Kerajinan,940200.0,10,Tunai,2.0,2026-02,Sunday,Ulos Ragidup,9402000.0,False
TRX001887,2026-05-02,Laguboti,Minuman,55400.0,7,Tunai,,2026-05,Saturday,Kopi Lintong,387800.0,False
TRX001912,2026-05-03,Siborongborong,Kerajinan,900500.0,4,Tunai,2.0,2026-05,Sunday,Ulos Ragidup,3602000.0,False
TRX000726,2026-02-15,Siborongborong,Camilan,21300.0,1,QRIS,2.0,2026-02,Sunday,Ombus-ombus,21300.0,False
TRX002353,2026-05-31,Laguboti,Minuman,53900.0,2,Tunai,5.0,2026-05,Sunday,Kopi Sidikalang,107800.0,False
TRX000678,2026-02-13,Balige,Kerajinan,855200.0,7,QRIS,,2026-02,Friday,Ulos Ragidup,5986400.0,False
TRX002808,2026-06-29,Parapat,Camilan,23500.0,5,Transfer Bank,3.0,2026-06,Monday,Ombus-ombus,117500.0,False
TRX001153,2026-03-14,Laguboti,Bumbu,31700.0,9,Tunai,,2026-03,Saturday,Bumbu Naniura,285300.0,False
TRX001798,2026-04-26,Laguboti,Camilan,22900.0,1,Transfer Bank,2.0,2026-04,Sunday,Ombus-ombus,22900.0,False
TRX000056,2026-01-04,Laguboti,Kerajinan,681200.0,6,Tunai,5.0,2026-01,Sunday,Ulos Sadum,4087200.0,False
TRX001730,2026-04-22,Laguboti,Kerajinan,661500.0,3,Tunai,5.0,2026-04,Wednesday,Ulos Sadum,1984500.0,False
TRX002092,2026-05-15,Balige,Minuman,56100.0,9,Transfer Bank,2.0,2026-05,Friday,Kopi Lintong,504900.0,False
TRX001412,2026-04-01,Laguboti,Kerajinan,719500.0,9,Tunai,5.0,2026-04,Wednesday,Ulos Sadum,6475500.0,False
TRX002078,2026-05-14,Balige,Minuman,52300.0,7,QRIS,2.0,2026-05,Thursday,Kopi Sidikalang,366100.0,False
TRX001289,2026-03-23,Balige,Bumbu,29500.0,11,Tunai,1.0,2026-03,Monday,Bumbu Naniura,324500.0,False
TRX000167,2026-01-11,Laguboti,Camilan,30200.0,6,Transfer Bank,3.0,2026-01,Sunday,Kacang Sihobuk,181200.0,False
TRX001891,2026-05-02,Siborongborong,Camilan,25100.0,5,Transfer Bank,5.0,2026-05,Saturday,Ombus-ombus,125500.0,False
TRX000873,2026-02-25,Balige,Minuman,58600.0,9,Transfer Bank,3.0,2026-02,Wednesday,Kopi Lintong,527400.0,False
TRX001362,2026-03-29,Balige,Bumbu,26400.0,5,QRIS,,2026-03,Sunday,Andaliman,132000.0,False
TRX000888,2026-02-26,Balige,Kerajinan,726200.0,10,Tunai,3.0,2026-02,Thursday,Ulos Sadum,7262000.0,False
TRX000889,2026-02-26,Balige,Kerajinan,948900.0,6,Transfer Bank,1.0,2026-02,Thursday,Ulos Ragidup,5693400.0,False
TRX000499,2026-02-01,Siborongborong,Kerajinan,649000.0,5,Tunai,2.0,2026-02,Sunday,Ulos Sadum,3245000.0,False
TRX000715,2026-02-15,Balige,Bumbu,25400.0,7,Transfer Bank,,2026-02,Sunday,Andaliman,177800.0,False
TRX002556,2026-06-13,Parapat,Camilan,26300.0,2,Transfer Bank,5.0,2026-06,Saturday,Ombus-ombus,52600.0,False
TRX001057,2026-03-07,Siborongborong,Camilan,29600.0,6,Transfer Bank,5.0,2026-03,Saturday,Kacang Sihobuk,177600.0,False
TRX002569,2026-06-14,Siborongborong,Minuman,60300.0,11,Transfer Bank,2.0,2026-06,Sunday,Kopi Lintong,663300.0,False
TRX000365,2026-01-24,Siborongborong,Camilan,23300.0,3,Transfer Bank,,2026-01,Saturday,Ombus-ombus,69900.0,False
TRX002805,2026-06-29,Parapat,Kerajinan,932200.0,3,Tunai,2.0,2026-06,Monday,Ulos Ragidup,2796600.0,False
TRX002161,2026-05-18,Siborongborong,Minuman,58300.0,2,Tunai,2.0,2026-05,Monday,Kopi Lintong,116600.0,False
TRX001760,2026-04-24,Parapat,Minuman,52200.0,2,Transfer Bank,4.0,2026-04,Friday,Kopi Sidikalang,104400.0,False
TRX002258,2026-05-24,Siborongborong,Kerajinan,727600.0,6,Transfer Bank,,2026-05,Sunday,Ulos Sadum,4365600.0,False
TRX000801,2026-02-21,Balige,Bumbu,24200.0,6,Tunai,3.0,2026-02,Saturday,Andaliman,145200.0,False
TRX000618,2026-02-08,Parapat,Bumbu,27400.0,6,QRIS,3.0,2026-02,Sunday,Andaliman,164400.0,False
TRX000601,2026-02-08,Balige,Camilan,29700.0,7,Transfer Bank,1.0,2026-02,Sunday,Kacang Sihobuk,207900.0,False
TRX000124,2026-01-09,Laguboti,Camilan,28800.0,5,Tunai,,2026-01,Friday,Kacang Sihobuk,144000.0,False
TRX001598,2026-04-13,Siborongborong,Kerajinan,918300.0,8,QRIS,,2026-04,Monday,Ulos Ragidup,7346400.0,False
TRX000335,2026-01-22,Parapat,Bumbu,32600.0,5,QRIS,5.0,2026-01,Thursday,Bumbu Naniura,163000.0,False
TRX002334,2026-05-30,Laguboti,Camilan,31300.0,8,Tunai,1.0,2026-05,Saturday,Kacang Sihobuk,250400.0,False
TRX001814,2026-04-26,Parapat,Kerajinan,675300.0,5,Transfer Bank,,2026-04,Sunday,Ulos Sadum,3376500.0,False
TRX002251,2026-05-24,Laguboti,Kerajinan,674900.0,2,Transfer Bank,2.0,2026-05,Sunday,Ulos Sadum,1349800.0,False
TRX000981,2026-03-02,Balige,Minuman,43500.0,3,QRIS,5.0,2026-03,Monday,Kopi Sidikalang,130500.0,False
TRX002501,2026-06-10,Laguboti,Kerajinan,917600.0,3,Transfer Bank,3.0,2026-06,Wednesday,Ulos Ragidup,2752800.0,False
TRX001894,2026-05-02,Parapat,Kerajinan,670200.0,5,Transfer Bank,2.0,2026-05,Saturday,Ulos Sadum,3351000.0,False
TRX000919,2026-02-28,Balige,Kerajinan,685000.0,6,QRIS,2.0,2026-02,Saturday,Ulos Sadum,4110000.0,False
TRX001080,2026-03-08,Parapat,Minuman,50500.0,6,QRIS,,2026-03,Sunday,Kopi Sidikalang,303000.0,False
TRX001953,2026-05-06,Balige,Minuman,54500.0,4,QRIS,3.0,2026-05,Wednesday,Kopi Lintong,218000.0,False
TRX000582,2026-02-07,Laguboti,Camilan,22100.0,2,Transfer Bank,1.0,2026-02,Saturday,Ombus-ombus,44200.0,False
TRX001897,2026-05-02,Parapat,Camilan,29400.0,1,Transfer Bank,3.0,2026-05,Saturday,Kacang Sihobuk,29400.0,False
TRX001275,2026-03-22,Balige,Kerajinan,675400.0,2,QRIS,,2026-03,Sunday,Ulos Sadum,1350800.0,False
TRX001285,2026-03-22,Parapat,Camilan,27700.0,9,Transfer Bank,2.0,2026-03,Sunday,Kacang Sihobuk,249300.0,False
TRX001195,2026-03-16,Laguboti,Bumbu,26400.0,3,Tunai,3.0,2026-03,Monday,Andaliman,79200.0,False
TRX000829,2026-02-22,Laguboti,Camilan,24200.0,2,QRIS,5.0,2026-02,Sunday,Ombus-ombus,48400.0,False
TRX000992,2026-03-02,Parapat,Minuman,54100.0,4,Tunai,2.0,2026-03,Monday,Kopi Lintong,216400.0,False
TRX001983,2026-05-07,Parapat,Kerajinan,765600.0,9,Tunai,1.0,2026-05,Thursday,Ulos Sadum,6890400.0,False
TRX001196,2026-03-16,Siborongborong,Kerajinan,679300.0,7,Tunai,2.0,2026-03,Monday,Ulos Sadum,4755100.0,False
TRX001351,2026-03-28,Siborongborong,Minuman,56600.0,1,Tunai,2.0,2026-03,Saturday,Kopi Lintong,56600.0,False
TRX001528,2026-04-09,Siborongborong,Camilan,22000.0,9,Transfer Bank,,2026-04,Thursday,Ombus-ombus,198000.0,False
TRX001559,2026-04-11,Parapat,Bumbu,34000.0,1,Tunai,3.0,2026-04,Saturday,Bumbu Naniura,34000.0,False
TRX002243,2026-05-24,Balige,Kerajinan,683500.0,6,Transfer Bank,5.0,2026-05,Sunday,Ulos Sadum,4101000.0,False
TRX002087,2026-05-14,Parapat,Minuman,54300.0,6,Tunai,4.0,2026-05,Thursday,Kopi Lintong,325800.0,False
TRX000410,2026-01-27,Balige,Kerajinan,677900.0,8,Transfer Bank,2.0,2026-01,Tuesday,Ulos Sadum,5423200.0,False
TRX002537,2026-06-13,Balige,Kerajinan,1017500.0,11,Tunai,1.0,2026-06,Saturday,Ulos Ragidup,11192500.0,False
TRX000298,2026-01-20,Laguboti,Kerajinan,846500.0,11,QRIS,5.0,2026-01,Tuesday,Ulos Ragidup,9311500.0,False
TRX000926,2026-02-28,Balige,Kerajinan,889100.0,8,Tunai,4.0,2026-02,Saturday,Ulos Ragidup,7112800.0,False
TRX000023,2026-01-03,Balige,Kerajinan,878600.0,10,Tunai,3.0,2026-01,Saturday,Ulos Ragidup,8786000.0,False
TRX002644,2026-06-20,Siborongborong,Minuman,51600.0,3,Transfer Bank,,2026-06,Saturday,Kopi Sidikalang,154800.0,False
TRX002641,2026-06-20,Laguboti,Kerajinan,1015300.0,8,QRIS,1.0,2026-06,Saturday,Ulos Ragidup,8122400.0,False
TRX000729,2026-02-15,Siborongborong,Kerajinan,905400.0,8,Tunai,3.0,2026-02,Sunday,Ulos Ragidup,7243200.0,False
TRX001622,2026-04-15,Parapat,Camilan,32700.0,9,QRIS,,2026-04,Wednesday,Kacang Sihobuk,294300.0,False
TRX002755,2026-06-27,Siborongborong,Camilan,34300.0,5,Tunai,3.0,2026-06,Saturday,Kacang Sihobuk,171500.0,False
TRX001308,2026-03-25,Laguboti,Kerajinan,969200.0,2,Tunai,4.0,2026-03,Wednesday,Ulos Ragidup,1938400.0,False
TRX001788,2026-04-26,Balige,Bumbu,28300.0,8,Transfer Bank,,2026-04,Sunday,Andaliman,226400.0,False
TRX000672,2026-02-12,Siborongborong,Bumbu,30100.0,6,Tunai,3.0,2026-02,Thursday,Bumbu Naniura,180600.0,False
TRX001200,2026-03-16,Parapat,Camilan,24500.0,8,Transfer Bank,5.0,2026-03,Monday,Ombus-ombus,196000.0,False
TRX000182,2026-01-13,Balige,Kerajinan,874500.0,10,Tunai,3.0,2026-01,Tuesday,Ulos Ragidup,8745000.0,False
TRX000294,2026-01-20,Balige,Minuman,46600.0,2,Tunai,3.0,2026-01,Tuesday,Kopi Sidikalang,93200.0,False
TRX001931,2026-05-04,Siborongborong,Bumbu,33300.0,10,QRIS,,2026-05,Monday,Bumbu Naniura,333000.0,False
TRX000127,2026-01-09,Laguboti,Camilan,23400.0,7,Transfer Bank,5.0,2026-01,Friday,Ombus-ombus,163800.0,False
TRX000532,2026-02-03,Parapat,Minuman,48000.0,2,QRIS,1.0,2026-02,Tuesday,Kopi Sidikalang,96000.0,False
TRX001432,2026-04-03,Balige,Minuman,54700.0,11,Tunai,3.0,2026-04,Friday,Kopi Lintong,601700.0,False
TRX000200,2026-01-14,Balige,Bumbu,32100.0,3,Transfer Bank,5.0,2026-01,Wednesday,Bumbu Naniura,96300.0,False
TRX001498,2026-04-07,Laguboti,Kerajinan,970300.0,4,Tunai,2.0,2026-04,Tuesday,Ulos Ragidup,3881200.0,False
TRX001698,2026-04-19,Parapat,Minuman,53700.0,4,Transfer Bank,,2026-04,Sunday,Kopi Lintong,214800.0,False
TRX000693,2026-02-14,Balige,Minuman,56400.0,4,Transfer Bank,1.0,2026-02,Saturday,Kopi Lintong,225600.0,False
TRX000935,2026-02-28,Laguboti,Bumbu,24900.0,1,Tunai,5.0,2026-02,Saturday,Andaliman,24900.0,False
TRX000687,2026-02-13,Parapat,Bumbu,24500.0,1,Transfer Bank,1.0,2026-02,Friday,Andaliman,24500.0,False
TRX000818,2026-02-22,Balige,Camilan,29200.0,3,QRIS,2.0,2026-02,Sunday,Kacang Sihobuk,87600.0,False
TRX000217,2026-01-15,Siborongborong,Kerajinan,694300.0,2,QRIS,2.0,2026-01,Thursday,Ulos Sadum,1388600.0,False
TRX000153,2026-01-10,Parapat,Camilan,30000.0,5,Transfer Bank,4.0,2026-01,Saturday,Kacang Sihobuk,150000.0,False
TRX002228,2026-05-23,Siborongborong,Camilan,30700.0,10,Transfer Bank,,2026-05,Saturday,Kacang Sihobuk,307000.0,False
TRX000966,2026-03-01,Siborongborong,Kerajinan,659500.0,7,Transfer Bank,2.0,2026-03,Sunday,Ulos Sadum,4616500.0,False
TRX000479,2026-01-31,Parapat,Camilan,23400.0,4,QRIS,3.0,2026-01,Saturday,Ombus-ombus,93600.0,False
TRX001283,2026-03-22,Siborongborong,Camilan,25000.0,2,QRIS,4.0,2026-03,Sunday,Ombus-ombus,50000.0,False
TRX001605,2026-04-14,Balige,Camilan,30900.0,6,Tunai,1.0,2026-04,Tuesday,Kacang Sihobuk,185400.0,False
TRX002664,2026-06-21,Siborongborong,Kerajinan,996700.0,3,QRIS,5.0,2026-06,Sunday,Ulos Ragidup,2990100.0,False
TRX001151,2026-03-14,Laguboti,Bumbu,27300.0,3,QRIS,2.0,2026-03,Saturday,Andaliman,81900.0,False
TRX002545,2026-06-13,Siborongborong,Camilan,25700.0,4,Tunai,,2026-06,Saturday,Ombus-ombus,102800.0,False
TRX000251,2026-01-17,Laguboti,Kerajinan,608100.0,8,QRIS,3.0,2026-01,Saturday,Ulos Sadum,4864800.0,False
TRX000844,2026-02-22,Parapat,Camilan,22900.0,5,Transfer Bank,4.0,2026-02,Sunday,Ombus-ombus,114500.0,False
TRX002516,2026-06-11,Laguboti,Kerajinan,693350.0,8,QRIS,5.0,2026-06,Thursday,Ulos Sadum,5546800.0,False
TRX001265,2026-03-21,Parapat,Minuman,57000.0,3,Transfer Bank,5.0,2026-03,Saturday,Kopi Lintong,171000.0,False
TRX001009,2026-03-04,Balige,Minuman,51300.0,7,Transfer Bank,1.0,2026-03,Wednesday,Kopi Lintong,359100.0,False
TRX000328,2026-01-22,Laguboti,Bumbu,32500.0,6,QRIS,5.0,2026-01,Thursday,Bumbu Naniura,195000.0,False
TRX000968,2026-03-01,Siborongborong,Bumbu,26700.0,11,Tunai,2.0,2026-03,Sunday,Andaliman,293700.0,False
TRX000950,2026-02-28,Parapat,Minuman,51100.0,7,QRIS,1.0,2026-02,Saturday,Kopi Lintong,357700.0,False
TRX002180,2026-05-19,Parapat,Minuman,50800.0,7,Tunai,1.0,2026-05,Tuesday,Kopi Sidikalang,355600.0,False
TRX000973,2026-03-01,Parapat,Minuman,49800.0,6,Transfer Bank,4.0,2026-03,Sunday,Kopi Sidikalang,298800.0,False
TRX000188,2026-01-13,Laguboti,Kerajinan,833100.0,9,Transfer Bank,1.0,2026-01,Tuesday,Ulos Ragidup,7497900.0,False
TRX000247,2026-01-17,Laguboti,Kerajinan,917400.0,8,Tunai,4.0,2026-01,Saturday,Ulos Ragidup,7339200.0,False
TRX002260,2026-05-24,Siborongborong,Camilan,23500.0,7,Tunai,2.0,2026-05,Sunday,Ombus-ombus,164500.0,False
TRX002349,2026-05-31,Balige,Kerajinan,721800.0,4,Tunai,,2026-05,Sunday,Ulos Sadum,2887200.0,False
TRX002743,2026-06-27,Laguboti,Kerajinan,994600.0,7,Tunai,4.0,2026-06,Saturday,Ulos Ragidup,6962200.0,False
TRX002574,2026-06-14,Siborongborong,Minuman,54700.0,11,Transfer Bank,1.0,2026-06,Sunday,Kopi Sidikalang,601700.0,False
TRX001327,2026-03-26,Parapat,Camilan,30300.0,3,Tunai,5.0,2026-03,Thursday,Kacang Sihobuk,90900.0,False
TRX000284,2026-01-19,Balige,Camilan,22300.0,7,Tunai,,2026-01,Monday,Ombus-ombus,156100.0,False
TRX002169,2026-05-19,Laguboti,Bumbu,33800.0,9,Transfer Bank,4.0,2026-05,Tuesday,Bumbu Naniura,304200.0,False
TRX002762,2026-06-27,Parapat,Kerajinan,983000.0,4,QRIS,4.0,2026-06,Saturday,Ulos Ragidup,3932000.0,False
TRX002157,2026-05-18,Balige,Kerajinan,778700.0,10,QRIS,1.0,2026-05,Monday,Ulos Sadum,7787000.0,False
TRX001506,2026-04-08,Balige,Kerajinan,693000.0,9,Transfer Bank,3.0,2026-04,Wednesday,Ulos Sadum,6237000.0,False
TRX000904,2026-02-26,Parapat,Bumbu,26600.0,8,Transfer Bank,1.0,2026-02,Thursday,Andaliman,212800.0,False
TRX002041,2026-05-11,Balige,Kerajinan,674800.0,3,Transfer Bank,3.0,2026-05,Monday,Ulos Sadum,2024400.0,False
TRX001270,2026-03-22,Balige,Bumbu,32200.0,2,Transfer Bank,2.0,2026-03,Sunday,Bumbu Naniura,64400.0,False
TRX002248,2026-05-24,Balige,Kerajinan,742100.0,7,QRIS,5.0,2026-05,Sunday,Ulos Sadum,5194700.0,False
TRX000976,2026-03-01,Parapat,Kerajinan,629600.0,3,Transfer Bank,1.0,2026-03,Sunday,Ulos Sadum,1888800.0,False
TRX001812,2026-04-26,Parapat,Kerajinan,894600.0,3,Tunai,4.0,2026-04,Sunday,Ulos Ragidup,2683800.0,False
TRX001646,2026-04-17,Siborongborong,Bumbu,28100.0,1,Tunai,4.0,2026-04,Friday,Andaliman,28100.0,False
TRX002021,2026-05-09,Parapat,Camilan,28600.0,6,Tunai,2.0,2026-05,Saturday,Kacang Sihobuk,171600.0,False
TRX000123,2026-01-09,Balige,Bumbu,30700.0,2,Tunai,4.0,2026-01,Friday,Bumbu Naniura,61400.0,False
TRX001073,2026-03-08,Siborongborong,Bumbu,30300.0,11,Tunai,1.0,2026-03,Sunday,Bumbu Naniura,333300.0,False
TRX001535,2026-04-10,Parapat,Camilan,23800.0,7,Transfer Bank,5.0,2026-04,Friday,Ombus-ombus,166600.0,False
TRX001305,2026-03-25,Balige,Kerajinan,859500.0,4,QRIS,2.0,2026-03,Wednesday,Ulos Ragidup,3438000.0,False
TRX000418,2026-01-27,Parapat,Minuman,48100.0,2,Tunai,4.0,2026-01,Tuesday,Kopi Sidikalang,96200.0,False
TRX002553,2026-06-13,Parapat,Camilan,26100.0,2,Tunai,3.0,2026-06,Saturday,Ombus-ombus,52200.0,False
TRX000870,2026-02-24,Parapat,Bumbu,24100.0,1,QRIS,1.0,2026-02,Tuesday,Andaliman,24100.0,False
TRX001031,2026-03-06,Balige,Camilan,22500.0,6,Tunai,2.0,2026-03,Friday,Ombus-ombus,135000.0,False
TRX002797,2026-06-29,Laguboti,Kerajinan,937300.0,4,Transfer Bank,3.0,2026-06,Monday,Ulos Ragidup,3749200.0,False
TRX002649,2026-06-20,Parapat,Camilan,29700.0,4,QRIS,2.0,2026-06,Saturday,Kacang Sihobuk,118800.0,False
TRX000757,2026-02-17,Siborongborong,Camilan,28300.0,4,Tunai,5.0,2026-02,Tuesday,Kacang Sihobuk,113200.0,False
TRX001543,2026-04-11,Laguboti,Kerajinan,932900.0,10,Transfer Bank,4.0,2026-04,Saturday,Ulos Ragidup,9329000.0,False
TRX001157,2026-03-14,Siborongborong,Minuman,46800.0,5,Tunai,4.0,2026-03,Saturday,Kopi Sidikalang,234000.0,False
TRX001109,2026-03-11,Parapat,Camilan,30000.0,4,QRIS,1.0,2026-03,Wednesday,Kacang Sihobuk,120000.0,False
TRX000068,2026-01-04,Parapat,Minuman,45300.0,5,Tunai,5.0,2026-01,Sunday,Kopi Sidikalang,226500.0,False
TRX002129,2026-05-17,Balige,Kerajinan,921200.0,7,QRIS,2.0,2026-05,Sunday,Ulos Ragidup,6448400.0,False
TRX000333,2026-01-22,Parapat,Camilan,27800.0,5,QRIS,1.0,2026-01,Thursday,Kacang Sihobuk,139000.0,False
TRX001593,2026-04-13,Laguboti,Minuman,49600.0,5,Tunai,2.0,2026-04,Monday,Kopi Sidikalang,248000.0,False
TRX000337,2026-01-22,Parapat,Kerajinan,825400.0,11,QRIS,2.0,2026-01,Thursday,Ulos Ragidup,9079400.0,False
TRX000913,2026-02-27,Parapat,Bumbu,27600.0,11,Transfer Bank,,2026-02,Friday,Andaliman,303600.0,False
TRX001576,2026-04-12,Laguboti,Kerajinan,663700.0,2,Transfer Bank,4.0,2026-04,Sunday,Ulos Sadum,1327400.0,False
TRX001537,2026-04-11,Balige,Kerajinan,879900.0,10,Transfer Bank,,2026-04,Saturday,Ulos Ragidup,8799000.0,False
TRX002003,2026-05-09,Laguboti,Minuman,59600.0,8,Tunai,4.0,2026-05,Saturday,Kopi Lintong,476800.0,False
TRX000473,2026-01-31,Siborongborong,Bumbu,30800.0,5,Tunai,2.0,2026-01,Saturday,Bumbu Naniura,154000.0,False
TRX000902,2026-02-26,Parapat,Bumbu,29000.0,8,Transfer Bank,4.0,2026-02,Thursday,Bumbu Naniura,232000.0,False
TRX001407,2026-04-01,Balige,Kerajinan,747000.0,5,QRIS,5.0,2026-04,Wednesday,Ulos Sadum,3735000.0,False
TRX000866,2026-02-24,Laguboti,Camilan,23800.0,1,Tunai,1.0,2026-02,Tuesday,Ombus-ombus,23800.0,False
TRX001536,2026-04-11,Balige,Minuman,50300.0,7,Tunai,5.0,2026-04,Saturday,Kopi Sidikalang,352100.0,False
TRX000885,2026-02-25,Parapat,Kerajinan,651300.0,1,Tunai,5.0,2026-02,Wednesday,Ulos Sadum,651300.0,False
TRX000478,2026-01-31,Parapat,Kerajinan,884500.0,1,Transfer Bank,2.0,2026-01,Saturday,Ulos Ragidup,884500.0,False
TRX001330,2026-03-27,Balige,Minuman,57700.0,2,QRIS,4.0,2026-03,Friday,Kopi Lintong,115400.0,False
TRX001567,2026-04-12,Balige,Minuman,48100.0,2,Transfer Bank,5.0,2026-04,Sunday,Kopi Sidikalang,96200.0,False
TRX001343,2026-03-28,Balige,Kerajinan,731000.0,3,Transfer Bank,2.0,2026-03,Saturday,Ulos Sadum,2193000.0,False
TRX001919,2026-05-03,Parapat,Camilan,31700.0,11,QRIS,2.0,2026-05,Sunday,Kacang Sihobuk,348700.0,False
TRX002616,2026-06-17,Siborongborong,Minuman,61600.0,11,Transfer Bank,2.0,2026-06,Wednesday,Kopi Lintong,677600.0,False
TRX001341,2026-03-28,Balige,Bumbu,27900.0,7,QRIS,5.0,2026-03,Saturday,Andaliman,195300.0,False
TRX002473,2026-06-08,Laguboti,Bumbu,35900.0,6,QRIS,2.0,2026-06,Monday,Bumbu Naniura,215400.0,False
TRX000133,2026-01-10,Balige,Camilan,22100.0,10,Transfer Bank,3.0,2026-01,Saturday,Ombus-ombus,221000.0,False
TRX002620,2026-06-18,Balige,Kerajinan,922600.0,2,Transfer Bank,4.0,2026-06,Thursday,Ulos Ragidup,1845200.0,False
TRX001871,2026-05-01,Parapat,Minuman,57100.0,9,Transfer Bank,3.0,2026-05,Friday,Kopi Lintong,513900.0,False
TRX000982,2026-03-02,Balige,Kerajinan,676800.0,6,Transfer Bank,,2026-03,Monday,Ulos Sadum,4060800.0,False
TRX001234,2026-03-20,Siborongborong,Bumbu,31800.0,10,Tunai,,2026-03,Friday,Bumbu Naniura,318000.0,False
TRX001629,2026-04-16,Laguboti,Bumbu,31300.0,1,Transfer Bank,2.0,2026-04,Thursday,Bumbu Naniura,31300.0,False
TRX002555,2026-06-13,Parapat,Camilan,30800.0,6,Transfer Bank,1.0,2026-06,Saturday,Kacang Sihobuk,184800.0,False
TRX002582,2026-06-14,Parapat,Kerajinan,748100.0,10,Transfer Bank,4.0,2026-06,Sunday,Ulos Sadum,7481000.0,False
TRX001150,2026-03-14,Laguboti,Kerajinan,867400.0,3,QRIS,3.0,2026-03,Saturday,Ulos Ragidup,2602200.0,False
TRX001820,2026-04-27,Laguboti,Bumbu,28900.0,9,Tunai,4.0,2026-04,Monday,Andaliman,260100.0,False
TRX002377,2026-06-01,Parapat,Minuman,54000.0,5,QRIS,1.0,2026-06,Monday,Kopi Sidikalang,270000.0,False
TRX000257,2026-01-17,Siborongborong,Kerajinan,904400.0,3,Transfer Bank,2.0,2026-01,Saturday,Ulos Ragidup,2713200.0,False
TRX000551,2026-02-05,Balige,Bumbu,24800.0,9,Transfer Bank,1.0,2026-02,Thursday,Andaliman,223200.0,False
TRX000634,2026-02-09,Laguboti,Minuman,50000.0,10,Transfer Bank,3.0,2026-02,Monday,Kopi Sidikalang,500000.0,False
TRX000899,2026-02-26,Laguboti,Camilan,30500.0,10,QRIS,3.0,2026-02,Thursday,Kacang Sihobuk,305000.0,False
TRX002265,2026-05-25,Balige,Kerajinan,875800.0,8,QRIS,5.0,2026-05,Monday,Ulos Ragidup,7006400.0,False
TRX000778,2026-02-19,Laguboti,Kerajinan,629200.0,7,Transfer Bank,1.0,2026-02,Thursday,Ulos Sadum,4404400.0,False
TRX002231,2026-05-23,Siborongborong,Camilan,29700.0,11,Transfer Bank,3.0,2026-05,Saturday,Kacang Sihobuk,326700.0,False
TRX000054,2026-01-04,Laguboti,Bumbu,29700.0,2,Transfer Bank,1.0,2026-01,Sunday,Bumbu Naniura,59400.0,False
TRX002631,2026-06-19,Siborongborong,Camilan,23500.0,9,Transfer Bank,5.0,2026-06,Friday,Ombus-ombus,211500.0,False
TRX000558,2026-02-05,Siborongborong,Bumbu,29600.0,4,QRIS,5.0,2026-02,Thursday,Bumbu Naniura,118400.0,False
TRX000041,2026-01-03,Parapat,Bumbu,24800.0,1,Transfer Bank,,2026-01,Saturday,Andaliman,24800.0,False
TRX002038,2026-05-10,Parapat,Minuman,48400.0,1,Transfer Bank,4.0,2026-05,Sunday,Kopi Sidikalang,48400.0,False
TRX001173,2026-03-15,Laguboti,Bumbu,28200.0,3,Tunai,2.0,2026-03,Sunday,Andaliman,84600.0,False
TRX000262,2026-01-17,Parapat,Bumbu,24400.0,9,Transfer Bank,3.0,2026-01,Saturday,Andaliman,219600.0,False
TRX002722,2026-06-25,Siborongborong,Camilan,23900.0,2,QRIS,,2026-06,Thursday,Ombus-ombus,47800.0,False
TRX001875,2026-05-02,Laguboti,Kerajinan,929200.0,2,Tunai,1.0,2026-05,Saturday,Ulos Ragidup,1858400.0,False
TRX000084,2026-01-05,Parapat,Minuman,44900.0,7,QRIS,4.0,2026-01,Monday,Kopi Sidikalang,314300.0,False
TRX002267,2026-05-25,Laguboti,Camilan,30900.0,6,QRIS,1.0,2026-05,Monday,Kacang Sihobuk,185400.0,False
TRX002287,2026-05-26,Siborongborong,Bumbu,32800.0,4,Transfer Bank,,2026-05,Tuesday,Bumbu Naniura,131200.0,False
TRX001084,2026-03-09,Laguboti,Bumbu,34000.0,2,Transfer Bank,,2026-03,Monday,Bumbu Naniura,68000.0,False
TRX002636,2026-06-20,Balige,Camilan,29800.0,6,Tunai,2.0,2026-06,Saturday,Kacang Sihobuk,178800.0,False
TRX001785,2026-04-26,Balige,Kerajinan,754800.0,4,Transfer Bank,3.0,2026-04,Sunday,Ulos Sadum,3019200.0,False
TRX000031,2026-01-03,Laguboti,Kerajinan,862400.0,11,QRIS,3.0,2026-01,Saturday,Ulos Ragidup,9486400.0,False
TRX001538,2026-04-11,Balige,Camilan,22500.0,1,QRIS,1.0,2026-04,Saturday,Ombus-ombus,22500.0,False
TRX001958,2026-05-06,Laguboti,Bumbu,31500.0,7,Transfer Bank,,2026-05,Wednesday,Bumbu Naniura,220500.0,False
TRX002283,2026-05-26,Laguboti,Kerajinan,693350.0,9,QRIS,4.0,2026-05,Tuesday,Ulos Sadum,6240150.0,False
TRX002592,2026-06-15,Parapat,Bumbu,34100.0,11,Transfer Bank,1.0,2026-06,Monday,Bumbu Naniura,375100.0,False
TRX002317,2026-05-29,Siborongborong,Bumbu,26000.0,6,Transfer Bank,,2026-05,Friday,Andaliman,156000.0,False
TRX002515,2026-06-11,Laguboti,Bumbu,28400.0,11,QRIS,,2026-06,Thursday,Andaliman,312400.0,False
TRX001607,2026-04-14,Laguboti,Bumbu,35000.0,8,Transfer Bank,1.0,2026-04,Tuesday,Bumbu Naniura,280000.0,False
TRX001021,2026-03-05,Laguboti,Kerajinan,825000.0,1,QRIS,4.0,2026-03,Thursday,Ulos Ragidup,825000.0,False
TRX002514,2026-06-11,Laguboti,Kerajinan,910600.0,8,QRIS,1.0,2026-06,Thursday,Ulos Ragidup,7284800.0,False
TRX001404,2026-03-31,Parapat,Bumbu,33500.0,3,QRIS,2.0,2026-03,Tuesday,Bumbu Naniura,100500.0,False
TRX001819,2026-04-27,Balige,Kerajinan,920000.0,2,QRIS,,2026-04,Monday,Ulos Ragidup,1840000.0,False
TRX001207,2026-03-17,Laguboti,Minuman,50900.0,3,Transfer Bank,3.0,2026-03,Tuesday,Kopi Sidikalang,152700.0,False
TRX002739,2026-06-27,Balige,Camilan,33000.0,8,Transfer Bank,,2026-06,Saturday,Kacang Sihobuk,264000.0,False
TRX000210,2026-01-14,Siborongborong,Bumbu,28400.0,3,Transfer Bank,3.0,2026-01,Wednesday,Bumbu Naniura,85200.0,False
TRX002103,2026-05-16,Balige,Minuman,57400.0,11,QRIS,4.0,2026-05,Saturday,Kopi Lintong,631400.0,False
TRX001492,2026-04-07,Balige,Camilan,23400.0,6,Transfer Bank,3.0,2026-04,Tuesday,Ombus-ombus,140400.0,False
TRX000894,2026-02-26,Balige,Minuman,43400.0,4,Tunai,2.0,2026-02,Thursday,Kopi Sidikalang,173600.0,False
TRX000154,2026-01-10,Parapat,Kerajinan,904400.0,3,QRIS,3.0,2026-01,Saturday,Ulos Ragidup,2713200.0,False
TRX002176,2026-05-19,Siborongborong,Minuman,56700.0,10,QRIS,,2026-05,Tuesday,Kopi Lintong,567000.0,False
TRX001591,2026-04-13,Balige,Minuman,49300.0,4,QRIS,5.0,2026-04,Monday,Kopi Sidikalang,197200.0,False
TRX000395,2026-01-26,Balige,Minuman,47700.0,10,Tunai,4.0,2026-01,Monday,Kopi Sidikalang,477000.0,False
TRX001148,2026-03-14,Laguboti,Bumbu,33500.0,10,Tunai,5.0,2026-03,Saturday,Bumbu Naniura,335000.0,False
TRX001380,2026-03-29,Parapat,Kerajinan,658000.0,2,QRIS,,2026-03,Sunday,Ulos Sadum,1316000.0,False
TRX001159,2026-03-14,Siborongborong,Minuman,52500.0,4,QRIS,4.0,2026-03,Saturday,Kopi Lintong,210000.0,False
TRX000269,2026-01-18,Balige,Kerajinan,685100.0,4,Transfer Bank,4.0,2026-01,Sunday,Ulos Sadum,2740400.0,False
TRX000386,2026-01-25,Siborongborong,Camilan,22300.0,2,Tunai,1.0,2026-01,Sunday,Ombus-ombus,44600.0,False
TRX001634,2026-04-16,Siborongborong,Camilan,23300.0,7,Transfer Bank,2.0,2026-04,Thursday,Ombus-ombus,163100.0,False
TRX001245,2026-03-21,Balige,Camilan,30000.0,2,QRIS,1.0,2026-03,Saturday,Kacang Sihobuk,60000.0,False
TRX000042,2026-01-03,Parapat,Minuman,54200.0,10,Transfer Bank,5.0,2026-01,Saturday,Kopi Lintong,542000.0,False
TRX002787,2026-06-28,Parapat,Camilan,26500.0,11,Transfer Bank,5.0,2026-06,Sunday,Ombus-ombus,291500.0,False
TRX000598,2026-02-07,Parapat,Bumbu,24700.0,4,QRIS,1.0,2026-02,Saturday,Andaliman,98800.0,False
TRX001090,2026-03-09,Siborongborong,Kerajinan,888000.0,4,Tunai,4.0,2026-03,Monday,Ulos Ragidup,3552000.0,False
TRX001657,2026-04-18,Balige,Minuman,51600.0,5,Tunai,,2026-04,Saturday,Kopi Sidikalang,258000.0,False
TRX000681,2026-02-13,Siborongborong,Bumbu,25400.0,5,Transfer Bank,3.0,2026-02,Friday,Andaliman,127000.0,False
TRX000570,2026-02-06,Parapat,Minuman,47300.0,8,Transfer Bank,2.0,2026-02,Friday,Kopi Sidikalang,378400.0,False
TRX000525,2026-02-03,Laguboti,Camilan,29900.0,11,Transfer Bank,3.0,2026-02,Tuesday,Kacang Sihobuk,328900.0,False
TRX002051,2026-05-12,Parapat,Bumbu,27500.0,5,Transfer Bank,5.0,2026-05,Tuesday,Andaliman,137500.0,False
TRX001566,2026-04-12,Balige,Bumbu,32300.0,6,Transfer Bank,4.0,2026-04,Sunday,Bumbu Naniura,193800.0,False
TRX002037,2026-05-10,Parapat,Kerajinan,728200.0,8,Transfer Bank,2.0,2026-05,Sunday,Ulos Sadum,5825600.0,False
TRX001329,2026-03-27,Balige,Camilan,25000.0,3,Transfer Bank,4.0,2026-03,Friday,Ombus-ombus,75000.0,False
TRX002007,2026-05-09,Laguboti,Minuman,54400.0,3,Tunai,3.0,2026-05,Saturday,Kopi Lintong,163200.0,False
TRX002744,2026-06-27,Laguboti,Minuman,48900.0,9,Tunai,4.0,2026-06,Saturday,Kopi Sidikalang,440100.0,False
TRX000305,2026-01-20,Siborongborong,Kerajinan,893700.0,2,QRIS,5.0,2026-01,Tuesday,Ulos Ragidup,1787400.0,False
TRX001519,2026-04-09,Balige,Camilan,32400.0,9,Transfer Bank,4.0,2026-04,Thursday,Kacang Sihobuk,291600.0,False
TRX001017,2026-03-04,Parapat,Minuman,46500.0,10,Transfer Bank,3.0,2026-03,Wednesday,Kopi Sidikalang,465000.0,False
TRX002698,2026-06-23,Parapat,Minuman,48000.0,9,Tunai,,2026-06,Tuesday,Kopi Sidikalang,432000.0,False
TRX001960,2026-05-06,Laguboti,Kerajinan,676500.0,9,QRIS,2.0,2026-05,Wednesday,Ulos Sadum,6088500.0,False
TRX000222,2026-01-16,Balige,Bumbu,24300.0,6,Tunai,2.0,2026-01,Friday,Andaliman,145800.0,False
TRX002291,2026-05-26,Parapat,Camilan,25900.0,10,Tunai,4.0,2026-05,Tuesday,Ombus-ombus,259000.0,False
TRX000226,2026-01-16,Balige,Kerajinan,808700.0,2,Transfer Bank,1.0,2026-01,Friday,Ulos Ragidup,1617400.0,False
TRX002690,2026-06-23,Laguboti,Bumbu,26300.0,9,Tunai,,2026-06,Tuesday,Andaliman,236700.0,False
TRX002591,2026-06-15,Laguboti,Camilan,30400.0,9,Transfer Bank,4.0,2026-06,Monday,Kacang Sihobuk,273600.0,False
TRX002697,2026-06-23,Siborongborong,Bumbu,29000.0,7,Tunai,2.0,2026-06,Tuesday,Andaliman,203000.0,False
TRX002385,2026-06-02,Parapat,Minuman,53700.0,6,Tunai,,2026-06,Tuesday,Kopi Sidikalang,322200.0,False
TRX001761,2026-04-25,Balige,Bumbu,25900.0,9,QRIS,2.0,2026-04,Saturday,Andaliman,233100.0,False
TRX001361,2026-03-28,Parapat,Camilan,24700.0,6,Transfer Bank,1.0,2026-03,Saturday,Ombus-ombus,148200.0,False
TRX001257,2026-03-21,Siborongborong,Kerajinan,693350.0,11,QRIS,3.0,2026-03,Saturday,Ulos Sadum,7626850.0,False
TRX002758,2026-06-27,Siborongborong,Minuman,50800.0,7,Transfer Bank,5.0,2026-06,Saturday,Kopi Sidikalang,355600.0,False
TRX002371,2026-06-01,Siborongborong,Bumbu,31500.0,8,Tunai,1.0,2026-06,Monday,Bumbu Naniura,252000.0,False
TRX002120,2026-05-16,Parapat,Bumbu,32400.0,1,Transfer Bank,3.0,2026-05,Saturday,Bumbu Naniura,32400.0,False
TRX001493,2026-04-07,Balige,Minuman,48200.0,6,QRIS,3.0,2026-04,Tuesday,Kopi Sidikalang,289200.0,False
TRX001845,2026-04-29,Balige,Camilan,23200.0,6,Transfer Bank,4.0,2026-04,Wednesday,Ombus-ombus,139200.0,False
TRX002069,2026-05-13,Parapat,Minuman,53100.0,7,Transfer Bank,1.0,2026-05,Wednesday,Kopi Lintong,371700.0,False
TRX002082,2026-05-14,Laguboti,Camilan,32700.0,5,QRIS,,2026-05,Thursday,Kacang Sihobuk,163500.0,False
TRX002751,2026-06-27,Laguboti,Camilan,24500.0,2,Transfer Bank,,2026-06,Saturday,Ombus-ombus,49000.0,False
TRX001551,2026-04-11,Laguboti,Camilan,28300.0,9,Transfer Bank,4.0,2026-04,Saturday,Kacang Sihobuk,254700.0,False
TRX001610,2026-04-14,Siborongborong,Bumbu,26700.0,8,Tunai,2.0,2026-04,Tuesday,Andaliman,213600.0,False
TRX000206,2026-01-14,Laguboti,Bumbu,29400.0,5,QRIS,2.0,2026-01,Wednesday,Bumbu Naniura,147000.0,False
TRX001028,2026-03-05,Siborongborong,Camilan,21700.0,9,QRIS,2.0,2026-03,Thursday,Ombus-ombus,195300.0,False
TRX002563,2026-06-14,Balige,Camilan,33800.0,9,Transfer Bank,2.0,2026-06,Sunday,Kacang Sihobuk,304200.0,False
TRX001877,2026-05-02,Laguboti,Camilan,22300.0,4,Transfer Bank,5.0,2026-05,Saturday,Ombus-ombus,89200.0,False
TRX001328,2026-03-27,Balige,Bumbu,32300.0,7,Tunai,2.0,2026-03,Friday,Bumbu Naniura,226100.0,False
TRX001511,2026-04-08,Siborongborong,Bumbu,27400.0,11,QRIS,4.0,2026-04,Wednesday,Andaliman,301400.0,False
TRX001047,2026-03-07,Laguboti,Bumbu,26900.0,11,QRIS,,2026-03,Saturday,Andaliman,295900.0,False
TRX001810,2026-04-26,Parapat,Bumbu,32100.0,6,QRIS,,2026-04,Sunday,Bumbu Naniura,192600.0,False
TRX000694,2026-02-14,Laguboti,Bumbu,28600.0,2,Tunai,2.0,2026-02,Saturday,Bumbu Naniura,57200.0,False
TRX002234,2026-05-23,Siborongborong,Bumbu,34600.0,3,Tunai,1.0,2026-05,Saturday,Bumbu Naniura,103800.0,False
TRX001116,2026-03-12,Balige,Kerajinan,662900.0,9,Tunai,3.0,2026-03,Thursday,Ulos Sadum,5966100.0,False
TRX002198,2026-05-22,Laguboti,Bumbu,33100.0,4,QRIS,1.0,2026-05,Friday,Bumbu Naniura,132400.0,False
TRX001914,2026-05-03,Siborongborong,Bumbu,31600.0,7,Tunai,5.0,2026-05,Sunday,Bumbu Naniura,221200.0,False
TRX001187,2026-03-15,Parapat,Minuman,52700.0,11,Transfer Bank,,2026-03,Sunday,Kopi Lintong,579700.0,False
TRX001370,2026-03-29,Laguboti,Kerajinan,672800.0,8,Tunai,,2026-03,Sunday,Ulos Sadum,5382400.0,False
TRX001174,2026-03-15,Laguboti,Kerajinan,727000.0,1,Transfer Bank,2.0,2026-03,Sunday,Ulos Sadum,727000.0,False
TRX000430,2026-01-28,Siborongborong,Bumbu,26700.0,6,QRIS,3.0,2026-01,Wednesday,Andaliman,160200.0,False
TRX000017,2026-01-02,Siborongborong,Camilan,21100.0,10,Tunai,,2026-01,Friday,Ombus-ombus,211000.0,False
TRX002203,2026-05-22,Laguboti,Camilan,33600.0,3,Tunai,1.0,2026-05,Friday,Kacang Sihobuk,100800.0,False
TRX000676,2026-02-12,Siborongborong,Kerajinan,630800.0,3,Tunai,5.0,2026-02,Thursday,Ulos Sadum,1892400.0,False
TRX000158,2026-01-11,Balige,Camilan,28700.0,8,QRIS,1.0,2026-01,Sunday,Kacang Sihobuk,229600.0,False
TRX002099,2026-05-15,Siborongborong,Minuman,53500.0,2,Transfer Bank,4.0,2026-05,Friday,Kopi Sidikalang,107000.0,False
TRX001548,2026-04-11,Laguboti,Camilan,29000.0,4,Tunai,,2026-04,Saturday,Kacang Sihobuk,116000.0,False
TRX002816,2026-06-30,Siborongborong,Bumbu,26800.0,4,Tunai,3.0,2026-06,Tuesday,Andaliman,107200.0,False
TRX001677,2026-04-19,Balige,Bumbu,28100.0,5,Transfer Bank,2.0,2026-04,Sunday,Andaliman,140500.0,False
TRX001185,2026-03-15,Parapat,Camilan,22300.0,9,Tunai,2.0,2026-03,Sunday,Ombus-ombus,200700.0,False
TRX000657,2026-02-11,Laguboti,Kerajinan,723800.0,9,Transfer Bank,,2026-02,Wednesday,Ulos Sadum,6514200.0,False
TRX001572,2026-04-12,Balige,Bumbu,25100.0,5,Transfer Bank,1.0,2026-04,Sunday,Andaliman,125500.0,False
TRX001738,2026-04-23,Balige,Camilan,23000.0,6,Tunai,1.0,2026-04,Thursday,Ombus-ombus,138000.0,False
TRX001420,2026-04-01,Parapat,Camilan,32400.0,9,QRIS,4.0,2026-04,Wednesday,Kacang Sihobuk,291600.0,False
TRX000400,2026-01-26,Laguboti,Camilan,30800.0,11,QRIS,2.0,2026-01,Monday,Kacang Sihobuk,338800.0,False
TRX002688,2026-06-23,Balige,Bumbu,33000.0,1,Tunai,3.0,2026-06,Tuesday,Bumbu Naniura,33000.0,False
TRX000619,2026-02-08,Parapat,Bumbu,30600.0,6,QRIS,2.0,2026-02,Sunday,Bumbu Naniura,183600.0,False
TRX001389,2026-03-30,Siborongborong,Camilan,32200.0,2,Tunai,3.0,2026-03,Monday,Kacang Sihobuk,64400.0,False
TRX000509,2026-02-01,Parapat,Camilan,22300.0,5,Transfer Bank,1.0,2026-02,Sunday,Ombus-ombus,111500.0,False
TRX000080,2026-01-05,Laguboti,Camilan,20600.0,7,Transfer Bank,4.0,2026-01,Monday,Ombus-ombus,144200.0,False
TRX000737,2026-02-15,Siborongborong,Bumbu,27700.0,8,QRIS,1.0,2026-02,Sunday,Andaliman,221600.0,False
TRX002148,2026-05-17,Siborongborong,Camilan,30100.0,7,Tunai,5.0,2026-05,Sunday,Kacang Sihobuk,210700.0,False
TRX000275,2026-01-18,Siborongborong,Kerajinan,683900.0,5,Tunai,3.0,2026-01,Sunday,Ulos Sadum,3419500.0,False
TRX001948,2026-05-05,Parapat,Bumbu,34000.0,1,QRIS,,2026-05,Tuesday,Bumbu Naniura,34000.0,False
TRX000868,2026-02-24,Siborongborong,Bumbu,25600.0,7,Tunai,4.0,2026-02,Tuesday,Andaliman,179200.0,False
TRX000460,2026-01-31,Balige,Bumbu,28600.0,9,Transfer Bank,4.0,2026-01,Saturday,Bumbu Naniura,257400.0,False
TRX000887,2026-02-26,Balige,Camilan,31400.0,9,Tunai,4.0,2026-02,Thursday,Kacang Sihobuk,282600.0,False
TRX000063,2026-01-04,Siborongborong,Minuman,49200.0,4,Tunai,3.0,2026-01,Sunday,Kopi Lintong,196800.0,False
TRX000600,2026-02-08,Balige,Minuman,53300.0,3,Tunai,5.0,2026-02,Sunday,Kopi Lintong,159900.0,False
TRX001967,2026-05-06,Parapat,Kerajinan,942300.0,5,Tunai,2.0,2026-05,Wednesday,Ulos Ragidup,4711500.0,False
TRX000860,2026-02-24,Balige,Camilan,27600.0,1,QRIS,5.0,2026-02,Tuesday,Kacang Sihobuk,27600.0,False
TRX000458,2026-01-30,Parapat,Bumbu,23600.0,11,Transfer Bank,,2026-01,Friday,Andaliman,259600.0,False
TRX001917,2026-05-03,Parapat,Camilan,24800.0,5,Transfer Bank,4.0,2026-05,Sunday,Ombus-ombus,124000.0,False
TRX001503,2026-04-07,Siborongborong,Kerajinan,661300.0,9,QRIS,1.0,2026-04,Tuesday,Ulos Sadum,5951700.0,False
TRX002471,2026-06-08,Laguboti,Kerajinan,971900.0,8,Transfer Bank,3.0,2026-06,Monday,Ulos Ragidup,7775200.0,False
TRX001118,2026-03-12,Siborongborong,Minuman,58600.0,6,QRIS,2.0,2026-03,Thursday,Kopi Lintong,351600.0,False
TRX000871,2026-02-25,Balige,Minuman,45700.0,2,Transfer Bank,2.0,2026-02,Wednesday,Kopi Sidikalang,91400.0,False
TRX000791,2026-02-20,Laguboti,Camilan,28300.0,7,Tunai,4.0,2026-02,Friday,Kacang Sihobuk,198100.0,False
TRX002710,2026-06-24,Parapat,Bumbu,35900.0,9,Transfer Bank,,2026-06,Wednesday,Bumbu Naniura,323100.0,False
TRX001307,2026-03-25,Balige,Kerajinan,855600.0,8,Transfer Bank,,2026-03,Wednesday,Ulos Ragidup,6844800.0,False
TRX001540,2026-04-11,Balige,Bumbu,32200.0,3,QRIS,3.0,2026-04,Saturday,Bumbu Naniura,96600.0,False
TRX001560,2026-04-11,Parapat,Bumbu,33100.0,4,Tunai,1.0,2026-04,Saturday,Bumbu Naniura,132400.0,False
TRX001775,2026-04-25,Siborongborong,Bumbu,29000.0,10,Transfer Bank,5.0,2026-04,Saturday,Andaliman,290000.0,False
TRX002540,2026-06-13,Laguboti,Minuman,47600.0,8,Tunai,4.0,2026-06,Saturday,Kopi Sidikalang,380800.0,False
TRX001372,2026-03-29,Laguboti,Camilan,23600.0,10,QRIS,5.0,2026-03,Sunday,Ombus-ombus,236000.0,False
TRX002315,2026-05-29,Balige,Camilan,32300.0,3,QRIS,4.0,2026-05,Friday,Kacang Sihobuk,96900.0,False
TRX002195,2026-05-22,Balige,Bumbu,33800.0,7,QRIS,,2026-05,Friday,Bumbu Naniura,236600.0,False
TRX001684,2026-04-19,Laguboti,Minuman,57800.0,9,QRIS,5.0,2026-04,Sunday,Kopi Lintong,520200.0,False
TRX000761,2026-02-17,Parapat,Bumbu,24400.0,2,Transfer Bank,3.0,2026-02,Tuesday,Andaliman,48800.0,False
TRX000955,2026-03-01,Balige,Kerajinan,875200.0,11,Transfer Bank,3.0,2026-03,Sunday,Ulos Ragidup,9627200.0,False
TRX001471,2026-04-05,Parapat,Kerajinan,851700.0,10,Transfer Bank,1.0,2026-04,Sunday,Ulos Ragidup,8517000.0,False
TRX000651,2026-02-10,Parapat,Bumbu,25600.0,11,Transfer Bank,1.0,2026-02,Tuesday,Andaliman,281600.0,False
TRX000734,2026-02-15,Siborongborong,Camilan,21600.0,4,Tunai,5.0,2026-02,Sunday,Ombus-ombus,86400.0,False
TRX002655,2026-06-21,Balige,Minuman,59800.0,9,Tunai,3.0,2026-06,Sunday,Kopi Lintong,538200.0,False
TRX000380,2026-01-25,Laguboti,Bumbu,27500.0,7,Tunai,,2026-01,Sunday,Andaliman,192500.0,False
TRX000565,2026-02-06,Siborongborong,Camilan,30800.0,4,Transfer Bank,,2026-02,Friday,Kacang Sihobuk,123200.0,False
TRX001911,2026-05-03,Siborongborong,Kerajinan,864900.0,7,Transfer Bank,3.0,2026-05,Sunday,Ulos Ragidup,6054300.0,False
TRX001201,2026-03-17,Balige,Camilan,24500.0,7,QRIS,2.0,2026-03,Tuesday,Ombus-ombus,171500.0,False
TRX002696,2026-06-23,Siborongborong,Camilan,26200.0,10,Transfer Bank,4.0,2026-06,Tuesday,Ombus-ombus,262000.0,False
TRX000957,2026-03-01,Balige,Kerajinan,639200.0,7,Transfer Bank,,2026-03,Sunday,Ulos Sadum,4474400.0,False
TRX000742,2026-02-16,Balige,Minuman,52700.0,7,Tunai,5.0,2026-02,Monday,Kopi Lintong,368900.0,False
TRX001930,2026-05-04,Laguboti,Minuman,58700.0,11,QRIS,5.0,2026-05,Monday,Kopi Lintong,645700.0,False
TRX000232,2026-01-16,Siborongborong,Bumbu,31600.0,7,Transfer Bank,4.0,2026-01,Friday,Bumbu Naniura,221200.0,False
TRX000660,2026-02-11,Siborongborong,Bumbu,32100.0,4,Tunai,4.0,2026-02,Wednesday,Bumbu Naniura,128400.0,False
TRX000383,2026-01-25,Siborongborong,Bumbu,26700.0,8,Transfer Bank,1.0,2026-01,Sunday,Andaliman,213600.0,False
TRX001704,2026-04-20,Balige,Bumbu,28700.0,6,QRIS,,2026-04,Monday,Andaliman,172200.0,False
TRX002216,2026-05-23,Balige,Camilan,31000.0,7,Transfer Bank,5.0,2026-05,Saturday,Kacang Sihobuk,217000.0,False
TRX000073,2026-01-05,Balige,Minuman,49200.0,3,QRIS,3.0,2026-01,Monday,Kopi Lintong,147600.0,False
TRX001095,2026-03-10,Balige,Kerajinan,644200.0,2,QRIS,,2026-03,Tuesday,Ulos Sadum,1288400.0,False
TRX002627,2026-06-19,Balige,Kerajinan,780900.0,7,Tunai,3.0,2026-06,Friday,Ulos Sadum,5466300.0,False
TRX002083,2026-05-14,Laguboti,Minuman,49600.0,1,Tunai,2.0,2026-05,Thursday,Kopi Sidikalang,49600.0,False
TRX000172,2026-01-11,Siborongborong,Minuman,42500.0,1,QRIS,,2026-01,Sunday,Kopi Sidikalang,42500.0,False
TRX002018,2026-05-09,Siborongborong,Bumbu,27000.0,10,Tunai,,2026-05,Saturday,Andaliman,270000.0,False
TRX000169,2026-01-11,Laguboti,Kerajinan,661700.0,3,Tunai,2.0,2026-01,Sunday,Ulos Sadum,1985100.0,False
TRX001518,2026-04-09,Balige,Minuman,51300.0,7,Tunai,,2026-04,Thursday,Kopi Sidikalang,359100.0,False
TRX001801,2026-04-26,Siborongborong,Camilan,30100.0,11,QRIS,2.0,2026-04,Sunday,Kacang Sihobuk,331100.0,False
TRX002045,2026-05-11,Siborongborong,Minuman,54700.0,7,QRIS,4.0,2026-05,Monday,Kopi Lintong,382900.0,False
TRX001347,2026-03-28,Laguboti,Camilan,28300.0,10,Transfer Bank,,2026-03,Saturday,Kacang Sihobuk,283000.0,False
TRX001918,2026-05-03,Parapat,Bumbu,26100.0,11,QRIS,,2026-05,Sunday,Andaliman,287100.0,False
TRX000273,2026-01-18,Siborongborong,Minuman,48200.0,2,Transfer Bank,,2026-01,Sunday,Kopi Sidikalang,96400.0,False
TRX001216,2026-03-18,Balige,Kerajinan,847500.0,9,Tunai,5.0,2026-03,Wednesday,Ulos Ragidup,7627500.0,False
TRX000421,2026-01-27,Parapat,Camilan,23400.0,1,Tunai,2.0,2026-01,Tuesday,Ombus-ombus,23400.0,False
TRX001119,2026-03-12,Siborongborong,Kerajinan,740200.0,5,Tunai,3.0,2026-03,Thursday,Ulos Sadum,3701000.0,False
TRX002327,2026-05-30,Laguboti,Kerajinan,971700.0,2,Transfer Bank,5.0,2026-05,Saturday,Ulos Ragidup,1943400.0,False
TRX001748,2026-04-24,Balige,Bumbu,33500.0,8,QRIS,,2026-04,Friday,Bumbu Naniura,268000.0,False
TRX000196,2026-01-14,Balige,Camilan,23400.0,6,Transfer Bank,1.0,2026-01,Wednesday,Ombus-ombus,140400.0,False
TRX001067,2026-03-08,Balige,Bumbu,30700.0,9,QRIS,4.0,2026-03,Sunday,Bumbu Naniura,276300.0,False
TRX000057,2026-01-04,Laguboti,Bumbu,31700.0,2,Transfer Bank,2.0,2026-01,Sunday,Bumbu Naniura,63400.0,False
TRX001128,2026-03-13,Balige,Camilan,23200.0,3,Transfer Bank,4.0,2026-03,Friday,Ombus-ombus,69600.0,False
TRX002110,2026-05-16,Laguboti,Camilan,24800.0,10,Transfer Bank,5.0,2026-05,Saturday,Ombus-ombus,248000.0,False
TRX002174,2026-05-19,Siborongborong,Minuman,51600.0,4,Transfer Bank,5.0,2026-05,Tuesday,Kopi Sidikalang,206400.0,False
TRX000645,2026-02-10,Laguboti,Kerajinan,831600.0,10,Transfer Bank,2.0,2026-02,Tuesday,Ulos Ragidup,8316000.0,False
TRX001913,2026-05-03,Siborongborong,Kerajinan,908800.0,4,QRIS,4.0,2026-05,Sunday,Ulos Ragidup,3635200.0,False
TRX001599,2026-04-13,Siborongborong,Minuman,50800.0,10,QRIS,4.0,2026-04,Monday,Kopi Sidikalang,508000.0,False
TRX000039,2026-01-03,Parapat,Minuman,50300.0,11,QRIS,4.0,2026-01,Saturday,Kopi Lintong,553300.0,False
TRX000307,2026-01-20,Parapat,Bumbu,29900.0,11,Transfer Bank,1.0,2026-01,Tuesday,Bumbu Naniura,328900.0,False
TRX002536,2026-06-13,Balige,Kerajinan,912100.0,7,Tunai,1.0,2026-06,Saturday,Ulos Ragidup,6384700.0,False
TRX000007,2026-01-01,Siborongborong,Bumbu,25700.0,2,Transfer Bank,5.0,2026-01,Thursday,Andaliman,51400.0,False
TRX001105,2026-03-11,Siborongborong,Camilan,25000.0,9,QRIS,5.0,2026-03,Wednesday,Ombus-ombus,225000.0,False
TRX000783,2026-02-20,Balige,Minuman,45800.0,3,QRIS,,2026-02,Friday,Kopi Sidikalang,137400.0,False
TRX000409,2026-01-27,Balige,Camilan,26400.0,3,Transfer Bank,2.0,2026-01,Tuesday,Kacang Sihobuk,79200.0,False
TRX002674,2026-06-22,Laguboti,Kerajinan,928500.0,4,Tunai,2.0,2026-06,Monday,Ulos Ragidup,3714000.0,False
TRX000782,2026-02-20,Balige,Minuman,45100.0,11,Tunai,4.0,2026-02,Friday,Kopi Sidikalang,496100.0,False
TRX001191,2026-03-15,Parapat,Bumbu,32300.0,7,Tunai,3.0,2026-03,Sunday,Bumbu Naniura,226100.0,False
TRX000584,2026-02-07,Laguboti,Bumbu,26200.0,2,Transfer Bank,5.0,2026-02,Saturday,Andaliman,52400.0,False
TRX002769,2026-06-28,Laguboti,Minuman,61500.0,3,QRIS,5.0,2026-06,Sunday,Kopi Lintong,184500.0,False
TRX002379,2026-06-01,Parapat,Bumbu,26200.0,3,Tunai,1.0,2026-06,Monday,Andaliman,78600.0,False
TRX000847,2026-02-23,Balige,Kerajinan,877300.0,11,Tunai,4.0,2026-02,Monday,Ulos Ragidup,9650300.0,False
TRX001749,2026-04-24,Balige,Bumbu,27200.0,6,Tunai,3.0,2026-04,Friday,Andaliman,163200.0,False
TRX002585,2026-06-14,Parapat,Minuman,54200.0,6,Transfer Bank,1.0,2026-06,Sunday,Kopi Sidikalang,325200.0,False
TRX002544,2026-06-13,Siborongborong,Minuman,57200.0,8,Tunai,,2026-06,Saturday,Kopi Lintong,457600.0,False
TRX001352,2026-03-28,Siborongborong,Bumbu,30700.0,6,Tunai,1.0,2026-03,Saturday,Bumbu Naniura,184200.0,False
TRX002075,2026-05-14,Balige,Bumbu,28700.0,8,Tunai,5.0,2026-05,Thursday,Andaliman,229600.0,False
TRX000814,2026-02-21,Parapat,Kerajinan,703700.0,4,Transfer Bank,1.0,2026-02,Saturday,Ulos Sadum,2814800.0,False
TRX000317,2026-01-21,Laguboti,Minuman,51000.0,10,Tunai,4.0,2026-01,Wednesday,Kopi Lintong,510000.0,False
TRX002271,2026-05-25,Siborongborong,Kerajinan,912100.0,9,Transfer Bank,3.0,2026-05,Monday,Ulos Ragidup,8208900.0,False
TRX002624,2026-06-18,Parapat,Kerajinan,1011200.0,8,Transfer Bank,5.0,2026-06,Thursday,Ulos Ragidup,8089600.0,False
TRX000517,2026-02-02,Laguboti,Minuman,49600.0,9,QRIS,3.0,2026-02,Monday,Kopi Lintong,446400.0,False
TRX002074,2026-05-14,Balige,Bumbu,27200.0,7,Tunai,2.0,2026-05,Thursday,Andaliman,190400.0,False
TRX000662,2026-02-11,Siborongborong,Minuman,49800.0,8,Tunai,3.0,2026-02,Wednesday,Kopi Lintong,398400.0,False
TRX001795,2026-04-26,Balige,Bumbu,26700.0,7,Tunai,1.0,2026-04,Sunday,Andaliman,186900.0,False
TRX000534,2026-02-03,Parapat,Camilan,23500.0,7,Transfer Bank,,2026-02,Tuesday,Ombus-ombus,164500.0,False
TRX001198,2026-03-16,Parapat,Minuman,46500.0,9,QRIS,3.0,2026-03,Monday,Kopi Sidikalang,418500.0,False
TRX002034,2026-05-10,Siborongborong,Camilan,29000.0,11,QRIS,2.0,2026-05,Sunday,Kacang Sihobuk,319000.0,False
TRX000272,2026-01-18,Balige,Kerajinan,801900.0,6,Tunai,3.0,2026-01,Sunday,Ulos Ragidup,4811400.0,False
TRX000549,2026-02-04,Parapat,Bumbu,31800.0,5,Transfer Bank,,2026-02,Wednesday,Bumbu Naniura,159000.0,False
TRX001693,2026-04-19,Siborongborong,Camilan,24400.0,2,QRIS,3.0,2026-04,Sunday,Ombus-ombus,48800.0,False
TRX001720,2026-04-21,Balige,Minuman,47600.0,6,Tunai,2.0,2026-04,Tuesday,Kopi Sidikalang,285600.0,False
TRX001478,2026-04-06,Balige,Bumbu,28700.0,8,Transfer Bank,5.0,2026-04,Monday,Andaliman,229600.0,False
TRX000965,2026-03-01,Siborongborong,Bumbu,25300.0,10,QRIS,3.0,2026-03,Sunday,Andaliman,253000.0,False
TRX002595,2026-06-15,Parapat,Kerajinan,998900.0,4,Tunai,1.0,2026-06,Monday,Ulos Ragidup,3995600.0,False
TRX002605,2026-06-16,Siborongborong,Camilan,25800.0,11,QRIS,3.0,2026-06,Tuesday,Ombus-ombus,283800.0,False
TRX002548,2026-06-13,Siborongborong,Bumbu,29200.0,10,Tunai,2.0,2026-06,Saturday,Andaliman,292000.0,False
TRX002407,2026-06-05,Laguboti,Camilan,29100.0,5,Transfer Bank,4.0,2026-06,Friday,Kacang Sihobuk,145500.0,False
TRX000599,2026-02-07,Parapat,Camilan,24400.0,5,Tunai,3.0,2026-02,Saturday,Ombus-ombus,122000.0,False
TRX001690,2026-04-19,Siborongborong,Camilan,29800.0,8,QRIS,2.0,2026-04,Sunday,Kacang Sihobuk,238400.0,False
TRX000895,2026-02-26,Balige,Minuman,44600.0,4,Tunai,2.0,2026-02,Thursday,Kopi Sidikalang,178400.0,False
TRX002453,2026-06-07,Siborongborong,Camilan,23000.0,1,Tunai,5.0,2026-06,Sunday,Ombus-ombus,23000.0,False
TRX001776,2026-04-25,Siborongborong,Minuman,46100.0,4,QRIS,,2026-04,Saturday,Kopi Sidikalang,184400.0,False
TRX000571,2026-02-06,Parapat,Minuman,47900.0,10,QRIS,,2026-02,Friday,Kopi Sidikalang,479000.0,False
TRX002000,2026-05-09,Laguboti,Camilan,22700.0,7,QRIS,3.0,2026-05,Saturday,Ombus-ombus,158900.0,False
TRX000075,2026-01-05,Balige,Bumbu,24400.0,5,QRIS,3.0,2026-01,Monday,Andaliman,122000.0,False
TRX000062,2026-01-04,Siborongborong,Camilan,23500.0,2,Tunai,3.0,2026-01,Sunday,Ombus-ombus,47000.0,False
TRX001248,2026-03-21,Balige,Camilan,22600.0,3,QRIS,2.0,2026-03,Saturday,Ombus-ombus,67800.0,False
TRX001561,2026-04-11,Parapat,Minuman,44900.0,1,Transfer Bank,5.0,2026-04,Saturday,Kopi Sidikalang,44900.0,False
TRX000240,2026-01-17,Balige,Bumbu,31500.0,5,QRIS,,2026-01,Saturday,Bumbu Naniura,157500.0,False
TRX001260,2026-03-21,Siborongborong,Kerajinan,924600.0,10,Tunai,1.0,2026-03,Saturday,Ulos Ragidup,9246000.0,False
TRX002012,2026-05-09,Siborongborong,Bumbu,32800.0,10,Transfer Bank,5.0,2026-05,Saturday,Bumbu Naniura,328000.0,False
TRX000810,2026-02-21,Laguboti,Minuman,45600.0,10,Transfer Bank,1.0,2026-02,Saturday,Kopi Sidikalang,456000.0,False
TRX000245,2026-01-17,Balige,Minuman,54000.0,8,Tunai,2.0,2026-01,Saturday,Kopi Lintong,432000.0,False
TRX001050,2026-03-07,Laguboti,Bumbu,31100.0,5,Tunai,2.0,2026-03,Saturday,Bumbu Naniura,155500.0,False
TRX002295,2026-05-27,Balige,Minuman,48600.0,9,QRIS,5.0,2026-05,Wednesday,Kopi Sidikalang,437400.0,False
TRX002392,2026-06-03,Siborongborong,Kerajinan,884500.0,1,Tunai,4.0,2026-06,Wednesday,Ulos Ragidup,884500.0,False
TRX001247,2026-03-21,Balige,Kerajinan,908800.0,7,Tunai,3.0,2026-03,Saturday,Ulos Ragidup,6361600.0,False
TRX000108,2026-01-07,Parapat,Camilan,26500.0,7,Transfer Bank,,2026-01,Wednesday,Kacang Sihobuk,185500.0,False
TRX000106,2026-01-07,Siborongborong,Minuman,41900.0,7,Transfer Bank,,2026-01,Wednesday,Kopi Sidikalang,293300.0,False
TRX000674,2026-02-12,Siborongborong,Bumbu,33100.0,7,Tunai,2.0,2026-02,Thursday,Bumbu Naniura,231700.0,False
TRX000643,2026-02-10,Balige,Bumbu,31200.0,4,QRIS,,2026-02,Tuesday,Bumbu Naniura,124800.0,False
TRX000477,2026-01-31,Parapat,Bumbu,32100.0,2,Transfer Bank,5.0,2026-01,Saturday,Bumbu Naniura,64200.0,False
TRX000666,2026-02-12,Balige,Minuman,55300.0,10,QRIS,2.0,2026-02,Thursday,Kopi Lintong,553000.0,False
TRX000510,2026-02-01,Parapat,Minuman,56600.0,3,QRIS,5.0,2026-02,Sunday,Kopi Lintong,169800.0,False
TRX000132,2026-01-09,Parapat,Kerajinan,902500.0,3,QRIS,5.0,2026-01,Friday,Ulos Ragidup,2707500.0,False
TRX001947,2026-05-05,Siborongborong,Bumbu,26000.0,2,QRIS,1.0,2026-05,Tuesday,Andaliman,52000.0,False
TRX001641,2026-04-17,Laguboti,Minuman,45400.0,1,Tunai,5.0,2026-04,Friday,Kopi Sidikalang,45400.0,False
TRX000445,2026-01-29,Siborongborong,Camilan,20800.0,7,Tunai,5.0,2026-01,Thursday,Ombus-ombus,145600.0,False
TRX002583,2026-06-14,Parapat,Bumbu,26800.0,7,Transfer Bank,3.0,2026-06,Sunday,Andaliman,187600.0,False
TRX001533,2026-04-10,Siborongborong,Minuman,45300.0,6,Tunai,2.0,2026-04,Friday,Kopi Sidikalang,271800.0,False
TRX000867,2026-02-24,Siborongborong,Camilan,28500.0,2,Transfer Bank,,2026-02,Tuesday,Kacang Sihobuk,57000.0,False
TRX001856,2026-04-30,Siborongborong,Bumbu,35200.0,7,QRIS,2.0,2026-04,Thursday,Bumbu Naniura,246400.0,False
TRX001737,2026-04-23,Balige,Bumbu,35300.0,4,Transfer Bank,1.0,2026-04,Thursday,Bumbu Naniura,141200.0,False
TRX002684,2026-06-23,Balige,Minuman,61300.0,1,Transfer Bank,1.0,2026-06,Tuesday,Kopi Lintong,61300.0,False
TRX001061,2026-03-07,Parapat,Camilan,30700.0,3,Tunai,1.0,2026-03,Saturday,Kacang Sihobuk,92100.0,False
TRX000209,2026-01-14,Siborongborong,Kerajinan,836800.0,8,Transfer Bank,1.0,2026-01,Wednesday,Ulos Ragidup,6694400.0,False
TRX000058,2026-01-04,Siborongborong,Camilan,21900.0,10,Tunai,3.0,2026-01,Sunday,Ombus-ombus,219000.0,False
TRX000103,2026-01-07,Laguboti,Kerajinan,613900.0,3,QRIS,4.0,2026-01,Wednesday,Ulos Sadum,1841700.0,False
TRX002061,2026-05-13,Laguboti,Kerajinan,966700.0,11,Transfer Bank,3.0,2026-05,Wednesday,Ulos Ragidup,10633700.0,False
TRX001974,2026-05-07,Laguboti,Bumbu,29400.0,10,Transfer Bank,5.0,2026-05,Thursday,Andaliman,294000.0,False
TRX000590,2026-02-07,Siborongborong,Bumbu,32600.0,3,Tunai,2.0,2026-02,Saturday,Bumbu Naniura,97800.0,False
TRX001346,2026-03-28,Laguboti,Minuman,59000.0,4,Transfer Bank,1.0,2026-03,Saturday,Kopi Lintong,236000.0,False
TRX002255,2026-05-24,Siborongborong,Camilan,32300.0,4,QRIS,3.0,2026-05,Sunday,Kacang Sihobuk,129200.0,False
TRX002235,2026-05-23,Siborongborong,Minuman,57300.0,7,Tunai,1.0,2026-05,Saturday,Kopi Lintong,401100.0,False
TRX001464,2026-04-05,Laguboti,Camilan,22600.0,10,QRIS,3.0,2026-04,Sunday,Ombus-ombus,226000.0,False
TRX002454,2026-06-07,Siborongborong,Bumbu,29900.0,6,Transfer Bank,2.0,2026-06,Sunday,Andaliman,179400.0,False
TRX000087,2026-01-06,Balige,Bumbu,32000.0,4,Transfer Bank,5.0,2026-01,Tuesday,Bumbu Naniura,128000.0,False
TRX002723,2026-06-25,Parapat,Camilan,25000.0,5,Transfer Bank,4.0,2026-06,Thursday,Ombus-ombus,125000.0,False
TRX002452,2026-06-07,Siborongborong,Camilan,22900.0,6,Transfer Bank,4.0,2026-06,Sunday,Ombus-ombus,137400.0,False
TRX000772,2026-02-18,Parapat,Minuman,43700.0,4,Tunai,1.0,2026-02,Wednesday,Kopi Sidikalang,174800.0,False
TRX002667,2026-06-21,Siborongborong,Camilan,30000.0,1,QRIS,1.0,2026-06,Sunday,Kacang Sihobuk,30000.0,False
TRX001250,2026-03-21,Balige,Bumbu,31400.0,4,Tunai,3.0,2026-03,Saturday,Bumbu Naniura,125600.0,False
TRX000709,2026-02-14,Parapat,Bumbu,26700.0,4,Transfer Bank,4.0,2026-02,Saturday,Andaliman,106800.0,False
TRX002817,2026-06-30,Siborongborong,Bumbu,35200.0,11,Transfer Bank,5.0,2026-06,Tuesday,Bumbu Naniura,387200.0,False
TRX001861,2026-04-30,Parapat,Bumbu,34500.0,5,QRIS,5.0,2026-04,Thursday,Bumbu Naniura,172500.0,False
TRX002484,2026-06-09,Balige,Kerajinan,734400.0,7,QRIS,4.0,2026-06,Tuesday,Ulos Sadum,5140800.0,False
TRX000419,2026-01-27,Parapat,Kerajinan,636600.0,2,Transfer Bank,,2026-01,Tuesday,Ulos Sadum,1273200.0,False
TRX001462,2026-04-05,Laguboti,Camilan,29200.0,6,QRIS,,2026-04,Sunday,Kacang Sihobuk,175200.0,False
TRX001485,2026-04-06,Siborongborong,Kerajinan,928900.0,2,Tunai,2.0,2026-04,Monday,Ulos Ragidup,1857800.0,False
TRX002606,2026-06-16,Siborongborong,Bumbu,28700.0,10,QRIS,4.0,2026-06,Tuesday,Andaliman,287000.0,False
TRX002711,2026-06-24,Parapat,Bumbu,33800.0,1,Transfer Bank,4.0,2026-06,Wednesday,Bumbu Naniura,33800.0,False
TRX000852,2026-02-23,Siborongborong,Bumbu,33000.0,5,Transfer Bank,3.0,2026-02,Monday,Bumbu Naniura,165000.0,False
TRX001005,2026-03-04,Balige,Bumbu,26100.0,11,Transfer Bank,1.0,2026-03,Wednesday,Andaliman,287100.0,False
TRX001997,2026-05-08,Parapat,Minuman,57800.0,11,Tunai,2.0,2026-05,Friday,Kopi Lintong,635800.0,False
TRX001835,2026-04-28,Laguboti,Kerajinan,859700.0,11,Tunai,4.0,2026-04,Tuesday,Ulos Ragidup,9456700.0,False
TRX002226,2026-05-23,Laguboti,Camilan,22600.0,2,Tunai,4.0,2026-05,Saturday,Ombus-ombus,45200.0,False
TRX000437,2026-01-29,Laguboti,Camilan,30900.0,11,QRIS,1.0,2026-01,Thursday,Kacang Sihobuk,339900.0,False
TRX001317,2026-03-26,Balige,Kerajinan,644600.0,7,QRIS,3.0,2026-03,Thursday,Ulos Sadum,4512200.0,False
TRX001624,2026-04-15,Parapat,Kerajinan,732200.0,9,Transfer Bank,5.0,2026-04,Wednesday,Ulos Sadum,6589800.0,False
TRX001481,2026-04-06,Laguboti,Camilan,31100.0,1,Transfer Bank,3.0,2026-04,Monday,Kacang Sihobuk,31100.0,False
TRX001649,2026-04-17,Siborongborong,Bumbu,26400.0,11,QRIS,5.0,2026-04,Friday,Andaliman,290400.0,False
TRX001004,2026-03-04,Balige,Kerajinan,714200.0,9,Transfer Bank,,2026-03,Wednesday,Ulos Sadum,6427800.0,False
TRX001279,2026-03-22,Siborongborong,Kerajinan,726900.0,9,Transfer Bank,1.0,2026-03,Sunday,Ulos Sadum,6542100.0,False
TRX001824,2026-04-27,Laguboti,Bumbu,32300.0,11,Tunai,4.0,2026-04,Monday,Bumbu Naniura,355300.0,False
TRX002666,2026-06-21,Siborongborong,Kerajinan,897300.0,11,QRIS,3.0,2026-06,Sunday,Ulos Ragidup,9870300.0,False
TRX002713,2026-06-25,Balige,Kerajinan,694900.0,7,Transfer Bank,,2026-06,Thursday,Ulos Sadum,4864300.0,False
TRX001837,2026-04-28,Siborongborong,Bumbu,33200.0,8,Tunai,5.0,2026-04,Tuesday,Bumbu Naniura,265600.0,False
TRX002672,2026-06-22,Balige,Camilan,33900.0,1,Tunai,1.0,2026-06,Monday,Kacang Sihobuk,33900.0,False
TRX001547,2026-04-11,Laguboti,Kerajinan,736100.0,5,Transfer Bank,5.0,2026-04,Saturday,Ulos Sadum,3680500.0,False
TRX000336,2026-01-22,Parapat,Minuman,43200.0,1,Tunai,5.0,2026-01,Thursday,Kopi Sidikalang,43200.0,False
TRX000089,2026-01-06,Balige,Kerajinan,805300.0,2,Transfer Bank,,2026-01,Tuesday,Ulos Ragidup,1610600.0,False
TRX000875,2026-02-25,Laguboti,Bumbu,32800.0,10,Transfer Bank,,2026-02,Wednesday,Bumbu Naniura,328000.0,False
TRX002468,2026-06-08,Balige,Camilan,32800.0,9,QRIS,2.0,2026-06,Monday,Kacang Sihobuk,295200.0,False
TRX000544,2026-02-04,Siborongborong,Minuman,55400.0,4,Transfer Bank,1.0,2026-02,Wednesday,Kopi Lintong,221600.0,False
TRX001242,2026-03-21,Balige,Bumbu,31600.0,4,Transfer Bank,3.0,2026-03,Saturday,Bumbu Naniura,126400.0,False
TRX001881,2026-05-02,Laguboti,Minuman,54700.0,1,Transfer Bank,3.0,2026-05,Saturday,Kopi Lintong,54700.0,False
TRX002720,2026-06-25,Siborongborong,Camilan,23400.0,4,Transfer Bank,5.0,2026-06,Thursday,Ombus-ombus,93600.0,False
TRX002337,2026-05-30,Siborongborong,Minuman,50800.0,7,Tunai,5.0,2026-05,Saturday,Kopi Sidikalang,355600.0,False
TRX000320,2026-01-21,Laguboti,Bumbu,29900.0,8,QRIS,4.0,2026-01,Wednesday,Bumbu Naniura,239200.0,False
TRX000520,2026-02-02,Parapat,Bumbu,30500.0,11,Transfer Bank,,2026-02,Monday,Bumbu Naniura,335500.0,False
TRX002190,2026-05-21,Balige,Camilan,22900.0,9,Transfer Bank,1.0,2026-05,Thursday,Ombus-ombus,206100.0,False
TRX000879,2026-02-25,Laguboti,Minuman,56200.0,3,Transfer Bank,5.0,2026-02,Wednesday,Kopi Lintong,168600.0,False
TRX000826,2026-02-22,Balige,Minuman,48400.0,11,Transfer Bank,3.0,2026-02,Sunday,Kopi Sidikalang,532400.0,False
TRX001291,2026-03-23,Laguboti,Bumbu,31000.0,9,QRIS,5.0,2026-03,Monday,Bumbu Naniura,279000.0,False
TRX002411,2026-06-05,Siborongborong,Camilan,31300.0,5,Tunai,2.0,2026-06,Friday,Kacang Sihobuk,156500.0,False
TRX002390,2026-06-03,Balige,Kerajinan,708300.0,6,Transfer Bank,5.0,2026-06,Wednesday,Ulos Sadum,4249800.0,False
TRX000139,2026-01-10,Laguboti,Bumbu,24300.0,1,Transfer Bank,1.0,2026-01,Saturday,Andaliman,24300.0,False
TRX000164,2026-01-11,Laguboti,Camilan,27400.0,3,Tunai,1.0,2026-01,Sunday,Kacang Sihobuk,82200.0,False
TRX001619,2026-04-15,Siborongborong,Camilan,28700.0,3,Tunai,1.0,2026-04,Wednesday,Kacang Sihobuk,86100.0,False
TRX002661,2026-06-21,Siborongborong,Minuman,54700.0,2,Tunai,1.0,2026-06,Sunday,Kopi Lintong,109400.0,False
TRX001792,2026-04-26,Balige,Kerajinan,710800.0,10,Transfer Bank,3.0,2026-04,Sunday,Ulos Sadum,7108000.0,False
TRX001046,2026-03-07,Laguboti,Kerajinan,825600.0,7,Transfer Bank,1.0,2026-03,Saturday,Ulos Ragidup,5779200.0,False
TRX000961,2026-03-01,Laguboti,Kerajinan,908800.0,4,Tunai,1.0,2026-03,Sunday,Ulos Ragidup,3635200.0,False
TRX001751,2026-04-24,Balige,Bumbu,32900.0,11,Transfer Bank,3.0,2026-04,Friday,Bumbu Naniura,361900.0,False
TRX002412,2026-06-05,Siborongborong,Bumbu,26900.0,9,Transfer Bank,4.0,2026-06,Friday,Andaliman,242100.0,False
TRX002139,2026-05-17,Laguboti,Camilan,24300.0,6,Transfer Bank,2.0,2026-05,Sunday,Ombus-ombus,145800.0,False
TRX001505,2026-04-07,Parapat,Minuman,52000.0,8,Tunai,1.0,2026-04,Tuesday,Kopi Sidikalang,416000.0,False
TRX002179,2026-05-19,Parapat,Kerajinan,982600.0,1,Transfer Bank,5.0,2026-05,Tuesday,Ulos Ragidup,982600.0,False
TRX002785,2026-06-28,Parapat,Kerajinan,709700.0,4,QRIS,3.0,2026-06,Sunday,Ulos Sadum,2838800.0,False
TRX001060,2026-03-07,Parapat,Minuman,46600.0,2,QRIS,4.0,2026-03,Saturday,Kopi Sidikalang,93200.0,False
TRX002560,2026-06-14,Balige,Camilan,23500.0,2,Tunai,3.0,2026-06,Sunday,Ombus-ombus,47000.0,False
TRX000656,2026-02-11,Balige,Minuman,54000.0,8,Transfer Bank,3.0,2026-02,Wednesday,Kopi Lintong,432000.0,False
TRX002503,2026-06-10,Laguboti,Bumbu,27200.0,4,Transfer Bank,5.0,2026-06,Wednesday,Andaliman,108800.0,False
TRX000138,2026-01-10,Balige,Kerajinan,637800.0,2,Tunai,,2026-01,Saturday,Ulos Sadum,1275600.0,False
TRX002225,2026-05-23,Laguboti,Camilan,23400.0,7,Transfer Bank,3.0,2026-05,Saturday,Ombus-ombus,163800.0,False
TRX001977,2026-05-07,Laguboti,Kerajinan,904900.0,8,Tunai,2.0,2026-05,Thursday,Ulos Ragidup,7239200.0,False
TRX001582,2026-04-12,Siborongborong,Minuman,52600.0,9,Transfer Bank,,2026-04,Sunday,Kopi Lintong,473400.0,False
TRX000698,2026-02-14,Laguboti,Minuman,51100.0,7,QRIS,2.0,2026-02,Saturday,Kopi Lintong,357700.0,False
TRX001098,2026-03-10,Laguboti,Kerajinan,675300.0,7,Transfer Bank,4.0,2026-03,Tuesday,Ulos Sadum,4727100.0,False
TRX002143,2026-05-17,Siborongborong,Camilan,30300.0,10,Transfer Bank,1.0,2026-05,Sunday,Kacang Sihobuk,303000.0,False
TRX002459,2026-06-07,Siborongborong,Bumbu,27600.0,10,Tunai,,2026-06,Sunday,Andaliman,276000.0,False
TRX001393,2026-03-30,Parapat,Bumbu,34100.0,9,Tunai,2.0,2026-03,Monday,Bumbu Naniura,306900.0,False
TRX002753,2026-06-27,Siborongborong,Camilan,31700.0,1,Transfer Bank,5.0,2026-06,Saturday,Kacang Sihobuk,31700.0,False
TRX001267,2026-03-21,Parapat,Bumbu,30300.0,1,QRIS,3.0,2026-03,Saturday,Bumbu Naniura,30300.0,False
TRX000136,2026-01-10,Balige,Bumbu,25300.0,6,Tunai,3.0,2026-01,Saturday,Andaliman,151800.0,False
TRX001170,2026-03-15,Balige,Camilan,28800.0,1,Transfer Bank,4.0,2026-03,Sunday,Kacang Sihobuk,28800.0,False
TRX001504,2026-04-07,Parapat,Minuman,48600.0,1,Tunai,1.0,2026-04,Tuesday,Kopi Sidikalang,48600.0,False
TRX001363,2026-03-29,Balige,Bumbu,32400.0,9,QRIS,,2026-03,Sunday,Bumbu Naniura,291600.0,False
TRX002658,2026-06-21,Laguboti,Minuman,52700.0,1,Tunai,5.0,2026-06,Sunday,Kopi Sidikalang,52700.0,False
TRX000149,2026-01-10,Siborongborong,Camilan,20800.0,1,Transfer Bank,5.0,2026-01,Saturday,Ombus-ombus,20800.0,False
TRX000304,2026-01-20,Siborongborong,Camilan,21900.0,4,Tunai,3.0,2026-01,Tuesday,Ombus-ombus,87600.0,False
TRX001018,2026-03-04,Parapat,Camilan,23500.0,7,Tunai,4.0,2026-03,Wednesday,Ombus-ombus,164500.0,False
TRX001925,2026-05-04,Balige,Bumbu,35100.0,11,QRIS,1.0,2026-05,Monday,Bumbu Naniura,386100.0,False
TRX001053,2026-03-07,Siborongborong,Camilan,24400.0,3,Transfer Bank,3.0,2026-03,Saturday,Ombus-ombus,73200.0,False
TRX002571,2026-06-14,Siborongborong,Kerajinan,1032400.0,11,Transfer Bank,4.0,2026-06,Sunday,Ulos Ragidup,11356400.0,False
TRX002219,2026-05-23,Laguboti,Minuman,55600.0,11,Transfer Bank,4.0,2026-05,Saturday,Kopi Lintong,611600.0,False
TRX001905,2026-05-03,Laguboti,Kerajinan,902500.0,7,Tunai,4.0,2026-05,Sunday,Ulos Ragidup,6317500.0,False
TRX000199,2026-01-14,Balige,Kerajinan,705300.0,2,Tunai,,2026-01,Wednesday,Ulos Sadum,1410600.0,False
TRX001769,2026-04-25,Laguboti,Minuman,52600.0,5,QRIS,2.0,2026-04,Saturday,Kopi Lintong,263000.0,False
TRX000405,2026-01-26,Parapat,Kerajinan,866400.0,7,Tunai,3.0,2026-01,Monday,Ulos Ragidup,6064800.0,False
TRX002500,2026-06-10,Laguboti,Minuman,58600.0,4,Transfer Bank,3.0,2026-06,Wednesday,Kopi Lintong,234400.0,False
TRX000484,2026-02-01,Balige,Minuman,45600.0,1,Transfer Bank,,2026-02,Sunday,Kopi Sidikalang,45600.0,False
TRX001183,2026-03-15,Parapat,Camilan,30200.0,6,Tunai,2.0,2026-03,Sunday,Kacang Sihobuk,181200.0,False
TRX001340,2026-03-28,Balige,Camilan,31600.0,10,Tunai,4.0,2026-03,Saturday,Kacang Sihobuk,316000.0,False
TRX001281,2026-03-22,Siborongborong,Kerajinan,695700.0,4,QRIS,4.0,2026-03,Sunday,Ulos Sadum,2782800.0,False
TRX001032,2026-03-06,Balige,Minuman,57700.0,6,Transfer Bank,3.0,2026-03,Friday,Kopi Lintong,346200.0,False
TRX000792,2026-02-20,Siborongborong,Minuman,43300.0,10,Transfer Bank,5.0,2026-02,Friday,Kopi Sidikalang,433000.0,False
TRX000800,2026-02-21,Balige,Bumbu,32000.0,2,Tunai,5.0,2026-02,Saturday,Bumbu Naniura,64000.0,False
TRX001202,2026-03-17,Balige,Camilan,28700.0,2,QRIS,3.0,2026-03,Tuesday,Kacang Sihobuk,57400.0,False
TRX000423,2026-01-28,Balige,Kerajinan,883700.0,7,QRIS,1.0,2026-01,Wednesday,Ulos Ragidup,6185900.0,False
TRX002806,2026-06-29,Parapat,Kerajinan,700500.0,7,QRIS,5.0,2026-06,Monday,Ulos Sadum,4903500.0,False
TRX001884,2026-05-02,Laguboti,Minuman,47300.0,5,QRIS,4.0,2026-05,Saturday,Kopi Sidikalang,236500.0,False
TRX002781,2026-06-28,Parapat,Bumbu,34000.0,6,QRIS,3.0,2026-06,Sunday,Bumbu Naniura,204000.0,False
TRX001480,2026-04-06,Laguboti,Camilan,28500.0,6,Transfer Bank,2.0,2026-04,Monday,Kacang Sihobuk,171000.0,False
TRX001929,2026-05-04,Laguboti,Camilan,33000.0,8,QRIS,4.0,2026-05,Monday,Kacang Sihobuk,264000.0,False
TRX002365,2026-05-31,Parapat,Kerajinan,736400.0,1,Transfer Bank,4.0,2026-05,Sunday,Ulos Sadum,736400.0,False
TRX001530,2026-04-10,Balige,Minuman,50400.0,6,QRIS,5.0,2026-04,Friday,Kopi Sidikalang,302400.0,False
TRX000903,2026-02-26,Parapat,Kerajinan,699000.0,4,QRIS,5.0,2026-02,Thursday,Ulos Sadum,2796000.0,False
TRX000686,2026-02-13,Parapat,Camilan,23500.0,1,Transfer Bank,4.0,2026-02,Friday,Ombus-ombus,23500.0,False
TRX001552,2026-04-11,Laguboti,Minuman,45600.0,3,Tunai,2.0,2026-04,Saturday,Kopi Sidikalang,136800.0,False
TRX000160,2026-01-11,Balige,Minuman,42200.0,5,Tunai,2.0,2026-01,Sunday,Kopi Sidikalang,211000.0,False
TRX001000,2026-03-03,Siborongborong,Kerajinan,629400.0,10,Tunai,5.0,2026-03,Tuesday,Ulos Sadum,6294000.0,False
TRX001111,2026-03-11,Parapat,Bumbu,32200.0,3,Tunai,4.0,2026-03,Wednesday,Bumbu Naniura,96600.0,False
TRX002657,2026-06-21,Balige,Camilan,25400.0,5,QRIS,5.0,2026-06,Sunday,Ombus-ombus,127000.0,False
TRX000113,2026-01-08,Laguboti,Camilan,21500.0,7,Tunai,5.0,2026-01,Thursday,Ombus-ombus,150500.0,False
TRX002681,2026-06-23,Balige,Bumbu,26700.0,8,Tunai,5.0,2026-06,Tuesday,Andaliman,213600.0,False
TRX001447,2026-04-04,Siborongborong,Minuman,47100.0,7,QRIS,1.0,2026-04,Saturday,Kopi Sidikalang,329700.0,False
TRX000923,2026-02-28,Balige,Minuman,50200.0,2,QRIS,4.0,2026-02,Saturday,Kopi Sidikalang,100400.0,False
TRX001625,2026-04-16,Balige,Bumbu,28400.0,9,QRIS,,2026-04,Thursday,Andaliman,255600.0,False
TRX002426,2026-06-06,Siborongborong,Kerajinan,781600.0,3,QRIS,3.0,2026-06,Saturday,Ulos Sadum,2344800.0,False
TRX001320,2026-03-26,Balige,Kerajinan,663400.0,7,QRIS,,2026-03,Thursday,Ulos Sadum,4643800.0,False
TRX001664,2026-04-18,Siborongborong,Minuman,54400.0,9,Tunai,1.0,2026-04,Saturday,Kopi Lintong,489600.0,False
TRX000816,2026-02-21,Parapat,Camilan,28900.0,11,QRIS,3.0,2026-02,Saturday,Kacang Sihobuk,317900.0,False
TRX001474,2026-04-05,Parapat,Minuman,50100.0,1,Tunai,4.0,2026-04,Sunday,Kopi Sidikalang,50100.0,False
TRX001774,2026-04-25,Siborongborong,Camilan,23200.0,11,Tunai,3.0,2026-04,Saturday,Ombus-ombus,255200.0,False
TRX000680,2026-02-13,Siborongborong,Kerajinan,640500.0,11,QRIS,5.0,2026-02,Friday,Ulos Sadum,7045500.0,False
TRX002403,2026-06-04,Parapat,Camilan,24100.0,9,Tunai,4.0,2026-06,Thursday,Ombus-ombus,216900.0,False
TRX001094,2026-03-10,Balige,Camilan,31200.0,6,Transfer Bank,3.0,2026-03,Tuesday,Kacang Sihobuk,187200.0,False
TRX000081,2026-01-05,Siborongborong,Camilan,23100.0,11,QRIS,3.0,2026-01,Monday,Ombus-ombus,254100.0,False
TRX001951,2026-05-05,Parapat,Camilan,24000.0,3,Transfer Bank,4.0,2026-05,Tuesday,Ombus-ombus,72000.0,False
TRX001240,2026-03-21,Balige,Camilan,21900.0,3,Transfer Bank,1.0,2026-03,Saturday,Ombus-ombus,65700.0,False
TRX000330,2026-01-22,Siborongborong,Minuman,49400.0,11,Transfer Bank,,2026-01,Thursday,Kopi Lintong,543400.0,False
TRX000243,2026-01-17,Balige,Kerajinan,648600.0,4,QRIS,3.0,2026-01,Saturday,Ulos Sadum,2594400.0,False
TRX000642,2026-02-09,Parapat,Kerajinan,916400.0,9,Tunai,2.0,2026-02,Monday,Ulos Ragidup,8247600.0,False
TRX000697,2026-02-14,Laguboti,Camilan,22100.0,6,Tunai,5.0,2026-02,Saturday,Ombus-ombus,132600.0,False
TRX000754,2026-02-17,Laguboti,Bumbu,25600.0,11,Tunai,1.0,2026-02,Tuesday,Andaliman,281600.0,False
TRX000436,2026-01-29,Laguboti,Kerajinan,836100.0,3,QRIS,4.0,2026-01,Thursday,Ulos Ragidup,2508300.0,False
TRX001564,2026-04-12,Balige,Camilan,30200.0,9,Tunai,1.0,2026-04,Sunday,Kacang Sihobuk,271800.0,False
TRX001935,2026-05-04,Parapat,Camilan,22700.0,10,Transfer Bank,5.0,2026-05,Monday,Ombus-ombus,227000.0,False
TRX002600,2026-06-16,Balige,Minuman,49200.0,3,Tunai,2.0,2026-06,Tuesday,Kopi Sidikalang,147600.0,False
TRX001713,2026-04-20,Siborongborong,Kerajinan,877900.0,7,QRIS,1.0,2026-04,Monday,Ulos Ragidup,6145300.0,False
TRX000552,2026-02-05,Laguboti,Minuman,42700.0,1,Tunai,5.0,2026-02,Thursday,Kopi Sidikalang,42700.0,False
TRX002678,2026-06-22,Siborongborong,Camilan,25300.0,9,Tunai,4.0,2026-06,Monday,Ombus-ombus,227700.0,False
TRX000602,2026-02-08,Balige,Minuman,54500.0,6,QRIS,2.0,2026-02,Sunday,Kopi Lintong,327000.0,False
TRX001965,2026-05-06,Siborongborong,Camilan,32800.0,2,QRIS,3.0,2026-05,Wednesday,Kacang Sihobuk,65600.0,False
TRX001014,2026-03-04,Siborongborong,Minuman,55000.0,2,QRIS,1.0,2026-03,Wednesday,Kopi Lintong,110000.0,False
TRX002313,2026-05-29,Balige,Bumbu,28200.0,3,Transfer Bank,5.0,2026-05,Friday,Andaliman,84600.0,False
TRX001428,2026-04-02,Parapat,Minuman,45900.0,10,Tunai,1.0,2026-04,Thursday,Kopi Sidikalang,459000.0,False
TRX002013,2026-05-09,Siborongborong,Minuman,58500.0,9,Transfer Bank,4.0,2026-05,Saturday,Kopi Lintong,526500.0,False
TRX001296,2026-03-24,Balige,Bumbu,31800.0,6,Tunai,4.0,2026-03,Tuesday,Bumbu Naniura,190800.0,False
TRX000467,2026-01-31,Laguboti,Bumbu,29900.0,8,Tunai,2.0,2026-01,Saturday,Bumbu Naniura,239200.0,False
TRX001500,2026-04-07,Siborongborong,Minuman,60300.0,2,Tunai,2.0,2026-04,Tuesday,Kopi Lintong,120600.0,False
TRX002417,2026-06-06,Balige,Camilan,29300.0,4,QRIS,3.0,2026-06,Saturday,Kacang Sihobuk,117200.0,False
TRX002768,2026-06-28,Laguboti,Minuman,49900.0,7,Transfer Bank,1.0,2026-06,Sunday,Kopi Sidikalang,349300.0,False
TRX000278,2026-01-18,Parapat,Kerajinan,816800.0,2,Transfer Bank,,2026-01,Sunday,Ulos Ragidup,1633600.0,False
TRX001070,2026-03-08,Laguboti,Bumbu,28300.0,4,Tunai,2.0,2026-03,Sunday,Andaliman,113200.0,False
TRX001549,2026-04-11,Laguboti,Kerajinan,690100.0,2,Tunai,3.0,2026-04,Saturday,Ulos Sadum,1380200.0,False
TRX001025,2026-03-05,Siborongborong,Minuman,58600.0,8,Tunai,,2026-03,Thursday,Kopi Lintong,468800.0,False
TRX001466,2026-04-05,Siborongborong,Minuman,52900.0,9,Tunai,3.0,2026-04,Sunday,Kopi Lintong,476100.0,False
TRX000941,2026-02-28,Siborongborong,Bumbu,30700.0,8,Transfer Bank,,2026-02,Saturday,Bumbu Naniura,245600.0,False
TRX001467,2026-04-05,Siborongborong,Kerajinan,981700.0,11,QRIS,2.0,2026-04,Sunday,Ulos Ragidup,10798700.0,False
TRX001324,2026-03-26,Siborongborong,Camilan,21900.0,5,Tunai,,2026-03,Thursday,Ombus-ombus,109500.0,False
TRX001400,2026-03-31,Siborongborong,Kerajinan,675000.0,8,Tunai,5.0,2026-03,Tuesday,Ulos Sadum,5400000.0,False
TRX002801,2026-06-29,Siborongborong,Camilan,23900.0,9,QRIS,5.0,2026-06,Monday,Ombus-ombus,215100.0,False
TRX001450,2026-04-04,Parapat,Minuman,48600.0,1,Transfer Bank,2.0,2026-04,Saturday,Kopi Sidikalang,48600.0,False
TRX000907,2026-02-27,Balige,Kerajinan,649200.0,7,Transfer Bank,,2026-02,Friday,Ulos Sadum,4544400.0,False
TRX002517,2026-06-11,Laguboti,Kerajinan,695700.0,6,QRIS,2.0,2026-06,Thursday,Ulos Sadum,4174200.0,False
TRX001896,2026-05-02,Parapat,Kerajinan,1004600.0,5,QRIS,1.0,2026-05,Saturday,Ulos Ragidup,5023000.0,False
TRX000389,2026-01-25,Parapat,Kerajinan,651800.0,10,Tunai,2.0,2026-01,Sunday,Ulos Sadum,6518000.0,False
TRX002071,2026-05-14,Balige,Camilan,25800.0,10,Transfer Bank,,2026-05,Thursday,Ombus-ombus,258000.0,False
TRX002224,2026-05-23,Laguboti,Minuman,55100.0,3,QRIS,5.0,2026-05,Saturday,Kopi Lintong,165300.0,False
TRX002173,2026-05-19,Laguboti,Camilan,30500.0,3,QRIS,1.0,2026-05,Tuesday,Kacang Sihobuk,91500.0,False
TRX000881,2026-02-25,Siborongborong,Minuman,45100.0,8,Transfer Bank,5.0,2026-02,Wednesday,Kopi Sidikalang,360800.0,False
TRX002767,2026-06-28,Balige,Bumbu,36700.0,4,Tunai,4.0,2026-06,Sunday,Bumbu Naniura,146800.0,False
TRX000051,2026-01-04,Laguboti,Minuman,53500.0,6,Transfer Bank,2.0,2026-01,Sunday,Kopi Lintong,321000.0,False
TRX001888,2026-05-02,Laguboti,Bumbu,32500.0,10,QRIS,1.0,2026-05,Saturday,Bumbu Naniura,325000.0,False
TRX001703,2026-04-20,Balige,Camilan,30900.0,9,QRIS,4.0,2026-04,Monday,Kacang Sihobuk,278100.0,False
TRX000134,2026-01-10,Balige,Bumbu,30200.0,10,Transfer Bank,3.0,2026-01,Saturday,Bumbu Naniura,302000.0,False
TRX001106,2026-03-11,Siborongborong,Camilan,28900.0,4,Tunai,2.0,2026-03,Wednesday,Kacang Sihobuk,115600.0,False
TRX000704,2026-02-14,Siborongborong,Minuman,47700.0,6,Tunai,1.0,2026-02,Saturday,Kopi Sidikalang,286200.0,False
TRX000483,2026-02-01,Balige,Bumbu,29600.0,11,QRIS,4.0,2026-02,Sunday,Bumbu Naniura,325600.0,False
TRX001146,2026-03-14,Balige,Kerajinan,862200.0,5,Transfer Bank,3.0,2026-03,Saturday,Ulos Ragidup,4311000.0,False
TRX002039,2026-05-10,Parapat,Kerajinan,674300.0,3,Transfer Bank,3.0,2026-05,Sunday,Ulos Sadum,2022900.0,False
TRX000067,2026-01-04,Parapat,Bumbu,29700.0,7,Tunai,2.0,2026-01,Sunday,Bumbu Naniura,207900.0,False
TRX002522,2026-06-12,Balige,Kerajinan,717900.0,6,QRIS,5.0,2026-06,Friday,Ulos Sadum,4307400.0,False
TRX000908,2026-02-27,Laguboti,Minuman,43500.0,6,Transfer Bank,5.0,2026-02,Friday,Kopi Sidikalang,261000.0,False
TRX000032,2026-01-03,Siborongborong,Kerajinan,850100.0,6,Transfer Bank,,2026-01,Saturday,Ulos Ragidup,5100600.0,False
TRX002669,2026-06-21,Parapat,Minuman,60300.0,4,Transfer Bank,,2026-06,Sunday,Kopi Lintong,241200.0,False
TRX000011,2026-01-01,Parapat,Kerajinan,638300.0,9,Tunai,5.0,2026-01,Thursday,Ulos Sadum,5744700.0,False
TRX000065,2026-01-04,Siborongborong,Camilan,28500.0,1,Transfer Bank,,2026-01,Sunday,Kacang Sihobuk,28500.0,False
TRX000777,2026-02-19,Laguboti,Kerajinan,821400.0,1,Tunai,2.0,2026-02,Thursday,Ulos Ragidup,821400.0,False
TRX000078,2026-01-05,Laguboti,Minuman,46800.0,4,Tunai,1.0,2026-01,Monday,Kopi Sidikalang,187200.0,False
TRX000492,2026-02-01,Laguboti,Kerajinan,926800.0,3,QRIS,,2026-02,Sunday,Ulos Ragidup,2780400.0,False
TRX002114,2026-05-16,Laguboti,Camilan,32700.0,11,QRIS,2.0,2026-05,Saturday,Kacang Sihobuk,359700.0,False
TRX002597,2026-06-16,Balige,Kerajinan,693350.0,5,Transfer Bank,5.0,2026-06,Tuesday,Ulos Sadum,3466750.0,False
TRX000592,2026-02-07,Siborongborong,Kerajinan,884000.0,2,QRIS,5.0,2026-02,Saturday,Ulos Ragidup,1768000.0,False
TRX001286,2026-03-22,Parapat,Minuman,52200.0,9,QRIS,,2026-03,Sunday,Kopi Lintong,469800.0,False
TRX002363,2026-05-31,Parapat,Camilan,25600.0,5,Transfer Bank,,2026-05,Sunday,Ombus-ombus,128000.0,False
TRX001213,2026-03-17,Parapat,Minuman,43900.0,1,Tunai,3.0,2026-03,Tuesday,Kopi Sidikalang,43900.0,False
TRX002421,2026-06-06,Laguboti,Kerajinan,739600.0,6,Transfer Bank,,2026-06,Saturday,Ulos Sadum,4437600.0,False
TRX001638,2026-04-17,Balige,Bumbu,31000.0,10,Transfer Bank,4.0,2026-04,Friday,Bumbu Naniura,310000.0,False
TRX002687,2026-06-23,Balige,Kerajinan,932600.0,4,Tunai,3.0,2026-06,Tuesday,Ulos Ragidup,3730400.0,False
TRX002763,2026-06-27,Parapat,Camilan,23400.0,6,Tunai,5.0,2026-06,Saturday,Ombus-ombus,140400.0,False
TRX000983,2026-03-02,Balige,Minuman,58800.0,8,Tunai,2.0,2026-03,Monday,Kopi Lintong,470400.0,False
TRX000707,2026-02-14,Siborongborong,Minuman,48600.0,1,QRIS,4.0,2026-02,Saturday,Kopi Sidikalang,48600.0,False
TRX001688,2026-04-19,Laguboti,Minuman,55600.0,1,Tunai,5.0,2026-04,Sunday,Kopi Lintong,55600.0,False
TRX002460,2026-06-07,Siborongborong,Kerajinan,919300.0,6,Tunai,4.0,2026-06,Sunday,Ulos Ragidup,5515800.0,False
TRX000274,2026-01-18,Siborongborong,Bumbu,26600.0,6,Tunai,1.0,2026-01,Sunday,Andaliman,159600.0,False
TRX001710,2026-04-20,Siborongborong,Kerajinan,731400.0,9,Tunai,1.0,2026-04,Monday,Ulos Sadum,6582600.0,False
TRX002576,2026-06-14,Siborongborong,Kerajinan,913400.0,3,Transfer Bank,5.0,2026-06,Sunday,Ulos Ragidup,2740200.0,False
TRX000964,2026-03-01,Siborongborong,Minuman,55500.0,7,Transfer Bank,2.0,2026-03,Sunday,Kopi Lintong,388500.0,False
TRX002357,2026-05-31,Siborongborong,Kerajinan,986400.0,9,Tunai,5.0,2026-05,Sunday,Ulos Ragidup,8877600.0,False
TRX002686,2026-06-23,Balige,Kerajinan,770200.0,3,Transfer Bank,5.0,2026-06,Tuesday,Ulos Sadum,2310600.0,False
TRX002799,2026-06-29,Siborongborong,Bumbu,36900.0,8,QRIS,3.0,2026-06,Monday,Bumbu Naniura,295200.0,False
TRX002499,2026-06-10,Balige,Minuman,47300.0,7,Transfer Bank,,2026-06,Wednesday,Kopi Sidikalang,331100.0,False
TRX002398,2026-06-03,Parapat,Minuman,50600.0,7,Tunai,3.0,2026-06,Wednesday,Kopi Sidikalang,354200.0,False
TRX001453,2026-04-04,Parapat,Camilan,31700.0,7,Tunai,,2026-04,Saturday,Kacang Sihobuk,221900.0,False
TRX000150,2026-01-10,Siborongborong,Camilan,30200.0,8,Transfer Bank,1.0,2026-01,Saturday,Kacang Sihobuk,241600.0,False
TRX001758,2026-04-24,Parapat,Camilan,28900.0,1,Tunai,1.0,2026-04,Friday,Kacang Sihobuk,28900.0,False
TRX000219,2026-01-15,Siborongborong,Camilan,29500.0,5,Transfer Bank,1.0,2026-01,Thursday,Kacang Sihobuk,147500.0,False
TRX001132,2026-03-13,Laguboti,Kerajinan,679000.0,11,Tunai,1.0,2026-03,Friday,Ulos Sadum,7469000.0,False
TRX002813,2026-06-30,Balige,Camilan,30600.0,9,Transfer Bank,4.0,2026-06,Tuesday,Kacang Sihobuk,275400.0,False
TRX002240,2026-05-23,Parapat,Kerajinan,739900.0,6,Transfer Bank,3.0,2026-05,Saturday,Ulos Sadum,4439400.0,False
TRX001254,2026-03-21,Laguboti,Kerajinan,675400.0,2,Transfer Bank,2.0,2026-03,Saturday,Ulos Sadum,1350800.0,False
TRX001054,2026-03-07,Siborongborong,Kerajinan,698700.0,6,Transfer Bank,5.0,2026-03,Saturday,Ulos Sadum,4192200.0,False
TRX001669,2026-04-18,Parapat,Camilan,23400.0,8,QRIS,1.0,2026-04,Saturday,Ombus-ombus,187200.0,False
TRX002387,2026-06-03,Balige,Minuman,49500.0,7,QRIS,,2026-06,Wednesday,Kopi Sidikalang,346500.0,False
TRX002803,2026-06-29,Siborongborong,Minuman,53800.0,10,QRIS,2.0,2026-06,Monday,Kopi Sidikalang,538000.0,False
TRX001358,2026-03-28,Parapat,Kerajinan,749700.0,11,QRIS,1.0,2026-03,Saturday,Ulos Sadum,8246700.0,False
TRX000776,2026-02-19,Laguboti,Kerajinan,729500.0,3,Transfer Bank,1.0,2026-02,Thursday,Ulos Sadum,2188500.0,False
TRX002463,2026-06-07,Parapat,Camilan,32200.0,3,Tunai,1.0,2026-06,Sunday,Kacang Sihobuk,96600.0,False
TRX000840,2026-02-22,Parapat,Kerajinan,869400.0,4,Transfer Bank,1.0,2026-02,Sunday,Ulos Ragidup,3477600.0,False
TRX000628,2026-02-09,Balige,Bumbu,30800.0,7,QRIS,2.0,2026-02,Monday,Bumbu Naniura,215600.0,False
TRX000324,2026-01-21,Parapat,Kerajinan,854100.0,5,Tunai,2.0,2026-01,Wednesday,Ulos Ragidup,4270500.0,False
TRX001868,2026-05-01,Siborongborong,Minuman,52000.0,1,Transfer Bank,,2026-05,Friday,Kopi Sidikalang,52000.0,False
TRX001161,2026-03-14,Parapat,Bumbu,26700.0,3,Tunai,,2026-03,Saturday,Andaliman,80100.0,False
TRX001077,2026-03-08,Siborongborong,Camilan,28800.0,2,Transfer Bank,3.0,2026-03,Sunday,Kacang Sihobuk,57600.0,False
TRX000438,2026-01-29,Laguboti,Kerajinan,919100.0,8,Transfer Bank,,2026-01,Thursday,Ulos Ragidup,7352800.0,False
TRX000120,2026-01-08,Siborongborong,Kerajinan,613500.0,6,Tunai,1.0,2026-01,Thursday,Ulos Sadum,3681000.0,False
TRX002622,2026-06-18,Laguboti,Camilan,32900.0,3,Tunai,2.0,2026-06,Thursday,Kacang Sihobuk,98700.0,False
TRX002321,2026-05-29,Parapat,Bumbu,31800.0,10,QRIS,2.0,2026-05,Friday,Bumbu Naniura,318000.0,False
TRX001815,2026-04-26,Parapat,Kerajinan,913200.0,1,Transfer Bank,4.0,2026-04,Sunday,Ulos Ragidup,913200.0,False
TRX001840,2026-04-28,Siborongborong,Bumbu,29400.0,3,Transfer Bank,3.0,2026-04,Tuesday,Andaliman,88200.0,False
TRX001027,2026-03-05,Siborongborong,Camilan,30200.0,6,Transfer Bank,5.0,2026-03,Thursday,Kacang Sihobuk,181200.0,False
TRX000077,2026-01-05,Laguboti,Minuman,52400.0,9,QRIS,4.0,2026-01,Monday,Kopi Lintong,471600.0,False
TRX000901,2026-02-26,Parapat,Bumbu,25200.0,6,QRIS,1.0,2026-02,Thursday,Andaliman,151200.0,False
TRX000372,2026-01-25,Balige,Minuman,50400.0,2,Tunai,4.0,2026-01,Sunday,Kopi Lintong,100800.0,False
TRX001205,2026-03-17,Laguboti,Bumbu,26200.0,4,QRIS,2.0,2026-03,Tuesday,Andaliman,104800.0,False
TRX002393,2026-06-03,Siborongborong,Bumbu,32900.0,7,Tunai,2.0,2026-06,Wednesday,Bumbu Naniura,230300.0,False
TRX000942,2026-02-28,Siborongborong,Kerajinan,684300.0,3,Tunai,3.0,2026-02,Saturday,Ulos Sadum,2052900.0,False
TRX000553,2026-02-05,Laguboti,Bumbu,24600.0,10,QRIS,3.0,2026-02,Thursday,Andaliman,246000.0,False
TRX000407,2026-01-26,Parapat,Camilan,30600.0,5,Tunai,5.0,2026-01,Monday,Kacang Sihobuk,153000.0,False
TRX002118,2026-05-16,Siborongborong,Minuman,53600.0,4,Transfer Bank,1.0,2026-05,Saturday,Kopi Sidikalang,214400.0,False
TRX001614,2026-04-15,Balige,Kerajinan,697100.0,7,QRIS,1.0,2026-04,Wednesday,Ulos Sadum,4879700.0,False
TRX000969,2026-03-01,Parapat,Kerajinan,642800.0,11,QRIS,,2026-03,Sunday,Ulos Sadum,7070800.0,False
TRX001747,2026-04-23,Parapat,Kerajinan,693350.0,4,Transfer Bank,,2026-04,Thursday,Ulos Sadum,2773400.0,False
TRX000690,2026-02-14,Balige,Bumbu,29800.0,1,Tunai,,2026-02,Saturday,Bumbu Naniura,29800.0,False
TRX001739,2026-04-23,Balige,Bumbu,32900.0,6,Tunai,5.0,2026-04,Thursday,Bumbu Naniura,197400.0,False
TRX000237,2026-01-17,Balige,Bumbu,25100.0,1,Transfer Bank,2.0,2026-01,Saturday,Andaliman,25100.0,False
TRX002703,2026-06-24,Balige,Camilan,24300.0,10,Tunai,,2026-06,Wednesday,Ombus-ombus,243000.0,False
TRX001987,2026-05-08,Laguboti,Kerajinan,995200.0,11,QRIS,3.0,2026-05,Friday,Ulos Ragidup,10947200.0,False
TRX001984,2026-05-08,Balige,Camilan,22400.0,10,QRIS,,2026-05,Friday,Ombus-ombus,224000.0,False
TRX000500,2026-02-01,Siborongborong,Kerajinan,804900.0,1,Tunai,,2026-02,Sunday,Ulos Ragidup,804900.0,False
TRX000823,2026-02-22,Balige,Bumbu,26900.0,8,QRIS,1.0,2026-02,Sunday,Andaliman,215200.0,False
TRX000795,2026-02-20,Parapat,Bumbu,26200.0,8,Transfer Bank,5.0,2026-02,Friday,Andaliman,209600.0,False
TRX000991,2026-03-02,Parapat,Bumbu,25000.0,5,Transfer Bank,4.0,2026-03,Monday,Andaliman,125000.0,False
TRX000568,2026-02-06,Siborongborong,Camilan,21100.0,6,Transfer Bank,5.0,2026-02,Friday,Ombus-ombus,126600.0,False
TRX000391,2026-01-25,Parapat,Minuman,56500.0,3,Transfer Bank,4.0,2026-01,Sunday,Kopi Lintong,169500.0,False
TRX000744,2026-02-16,Laguboti,Camilan,31200.0,11,Tunai,5.0,2026-02,Monday,Kacang Sihobuk,343200.0,False
TRX001218,2026-03-18,Siborongborong,Minuman,50800.0,3,QRIS,1.0,2026-03,Wednesday,Kopi Lintong,152400.0,False
TRX000236,2026-01-17,Balige,Bumbu,26000.0,2,Transfer Bank,5.0,2026-01,Saturday,Andaliman,52000.0,False
TRX002607,2026-06-16,Parapat,Camilan,23100.0,9,Transfer Bank,4.0,2026-06,Tuesday,Ombus-ombus,207900.0,False
TRX000481,2026-01-31,Parapat,Kerajinan,876900.0,5,Tunai,3.0,2026-01,Saturday,Ulos Ragidup,4384500.0,False
TRX002043,2026-05-11,Balige,Camilan,30100.0,6,Tunai,1.0,2026-05,Monday,Kacang Sihobuk,180600.0,False
TRX001678,2026-04-19,Balige,Kerajinan,745900.0,2,Transfer Bank,3.0,2026-04,Sunday,Ulos Sadum,1491800.0,False
TRX002587,2026-06-15,Balige,Camilan,33600.0,4,QRIS,4.0,2026-06,Monday,Kacang Sihobuk,134400.0,False
TRX002732,2026-06-26,Siborongborong,Camilan,31900.0,2,QRIS,4.0,2026-06,Friday,Kacang Sihobuk,63800.0,False
TRX002437,2026-06-06,Parapat,Kerajinan,959400.0,3,Tunai,3.0,2026-06,Saturday,Ulos Ragidup,2878200.0,False
TRX002494,2026-06-09,Parapat,Minuman,49100.0,5,Transfer Bank,1.0,2026-06,Tuesday,Kopi Sidikalang,245500.0,False
TRX000121,2026-01-08,Parapat,Minuman,44100.0,4,Tunai,3.0,2026-01,Thursday,Kopi Sidikalang,176400.0,False
TRX001273,2026-03-22,Balige,Bumbu,30300.0,4,Transfer Bank,,2026-03,Sunday,Bumbu Naniura,121200.0,False
TRX000927,2026-02-28,Balige,Kerajinan,844700.0,1,Tunai,,2026-02,Saturday,Ulos Ragidup,844700.0,False
TRX001595,2026-04-13,Laguboti,Bumbu,33800.0,8,Transfer Bank,2.0,2026-04,Monday,Bumbu Naniura,270400.0,False
TRX000224,2026-01-16,Balige,Minuman,45700.0,9,QRIS,,2026-01,Friday,Kopi Sidikalang,411300.0,False
TRX000767,2026-02-18,Laguboti,Minuman,48400.0,1,Tunai,2.0,2026-02,Wednesday,Kopi Sidikalang,48400.0,False
TRX000614,2026-02-08,Siborongborong,Camilan,22600.0,10,Transfer Bank,2.0,2026-02,Sunday,Ombus-ombus,226000.0,False
TRX001246,2026-03-21,Balige,Camilan,30200.0,8,Tunai,1.0,2026-03,Saturday,Kacang Sihobuk,241600.0,False
TRX001541,2026-04-11,Balige,Minuman,52100.0,2,QRIS,3.0,2026-04,Saturday,Kopi Sidikalang,104200.0,False
TRX000053,2026-01-04,Laguboti,Bumbu,25600.0,7,Tunai,5.0,2026-01,Sunday,Andaliman,179200.0,False
TRX000530,2026-02-03,Parapat,Bumbu,31800.0,5,Transfer Bank,3.0,2026-02,Tuesday,Bumbu Naniura,159000.0,False
TRX001900,2026-05-02,Parapat,Bumbu,29300.0,10,Tunai,2.0,2026-05,Saturday,Andaliman,293000.0,False
TRX002774,2026-06-28,Siborongborong,Minuman,51300.0,11,Transfer Bank,5.0,2026-06,Sunday,Kopi Sidikalang,564300.0,False
TRX000819,2026-02-22,Balige,Camilan,24200.0,1,QRIS,3.0,2026-02,Sunday,Ombus-ombus,24200.0,False
TRX000156,2026-01-11,Balige,Bumbu,24400.0,11,QRIS,4.0,2026-01,Sunday,Andaliman,268400.0,False
TRX002721,2026-06-25,Siborongborong,Minuman,61900.0,11,Tunai,,2026-06,Thursday,Kopi Lintong,680900.0,False
TRX000249,2026-01-17,Laguboti,Bumbu,24300.0,7,QRIS,2.0,2026-01,Saturday,Andaliman,170100.0,False
TRX000762,2026-02-17,Parapat,Minuman,52700.0,4,Tunai,4.0,2026-02,Tuesday,Kopi Lintong,210800.0,False
TRX001895,2026-05-02,Parapat,Minuman,49600.0,5,Tunai,5.0,2026-05,Saturday,Kopi Sidikalang,248000.0,False
TRX002030,2026-05-10,Laguboti,Bumbu,32500.0,3,QRIS,1.0,2026-05,Sunday,Bumbu Naniura,97500.0,False
TRX001131,2026-03-13,Laguboti,Minuman,56500.0,6,QRIS,5.0,2026-03,Friday,Kopi Lintong,339000.0,False
TRX000543,2026-02-04,Siborongborong,Kerajinan,633600.0,5,QRIS,4.0,2026-02,Wednesday,Ulos Sadum,3168000.0,False
TRX000794,2026-02-20,Siborongborong,Bumbu,27700.0,1,QRIS,3.0,2026-02,Friday,Andaliman,27700.0,False
TRX001726,2026-04-21,Parapat,Bumbu,31800.0,6,QRIS,,2026-04,Tuesday,Bumbu Naniura,190800.0,False
TRX000629,2026-02-09,Balige,Bumbu,25400.0,5,QRIS,3.0,2026-02,Monday,Andaliman,127000.0,False
TRX002199,2026-05-22,Laguboti,Bumbu,29000.0,6,Tunai,1.0,2026-05,Friday,Andaliman,174000.0,False
TRX002552,2026-06-13,Parapat,Minuman,63200.0,8,QRIS,3.0,2026-06,Saturday,Kopi Lintong,505600.0,False
TRX002340,2026-05-30,Siborongborong,Minuman,57700.0,2,QRIS,,2026-05,Saturday,Kopi Lintong,115400.0,False
TRX002692,2026-06-23,Laguboti,Minuman,50600.0,6,QRIS,5.0,2026-06,Tuesday,Kopi Sidikalang,303600.0,False
TRX001368,2026-03-29,Laguboti,Kerajinan,657200.0,5,Transfer Bank,3.0,2026-03,Sunday,Ulos Sadum,3286000.0,False
TRX001621,2026-04-15,Parapat,Minuman,51200.0,6,Transfer Bank,2.0,2026-04,Wednesday,Kopi Sidikalang,307200.0,False
TRX002634,2026-06-20,Balige,Camilan,25100.0,5,Transfer Bank,5.0,2026-06,Saturday,Ombus-ombus,125500.0,False
TRX001072,2026-03-08,Laguboti,Kerajinan,629800.0,8,Transfer Bank,3.0,2026-03,Sunday,Ulos Sadum,5038400.0,False
TRX000555,2026-02-05,Siborongborong,Minuman,47500.0,10,Transfer Bank,5.0,2026-02,Thursday,Kopi Sidikalang,475000.0,False
TRX001829,2026-04-27,Parapat,Kerajinan,678800.0,6,QRIS,2.0,2026-04,Monday,Ulos Sadum,4072800.0,False
TRX000827,2026-02-22,Balige,Camilan,23300.0,9,Tunai,5.0,2026-02,Sunday,Ombus-ombus,209700.0,False
TRX001985,2026-05-08,Balige,Bumbu,25800.0,8,Transfer Bank,2.0,2026-05,Friday,Andaliman,206400.0,False
TRX001838,2026-04-28,Siborongborong,Kerajinan,693350.0,3,Tunai,4.0,2026-04,Tuesday,Ulos Sadum,2080050.0,False
TRX000536,2026-02-03,Parapat,Bumbu,32600.0,3,QRIS,4.0,2026-02,Tuesday,Bumbu Naniura,97800.0,False
TRX002523,2026-06-12,Balige,Minuman,49800.0,8,Transfer Bank,4.0,2026-06,Friday,Kopi Sidikalang,398400.0,False
TRX000155,2026-01-11,Balige,Bumbu,31300.0,4,Transfer Bank,,2026-01,Sunday,Bumbu Naniura,125200.0,False
TRX002435,2026-06-06,Parapat,Camilan,29500.0,1,Tunai,1.0,2026-06,Saturday,Kacang Sihobuk,29500.0,False
TRX002660,2026-06-21,Laguboti,Bumbu,26800.0,10,QRIS,1.0,2026-06,Sunday,Andaliman,268000.0,False
TRX001711,2026-04-20,Siborongborong,Bumbu,30700.0,2,Transfer Bank,1.0,2026-04,Monday,Bumbu Naniura,61400.0,False
TRX000015,2026-01-02,Laguboti,Minuman,46000.0,9,QRIS,3.0,2026-01,Friday,Kopi Sidikalang,414000.0,False
TRX001799,2026-04-26,Laguboti,Minuman,59300.0,9,Tunai,1.0,2026-04,Sunday,Kopi Lintong,533700.0,False
TRX002663,2026-06-21,Siborongborong,Kerajinan,701200.0,7,Tunai,1.0,2026-06,Sunday,Ulos Sadum,4908400.0,False
TRX000083,2026-01-05,Parapat,Bumbu,23800.0,7,QRIS,1.0,2026-01,Monday,Andaliman,166600.0,False
TRX001944,2026-05-05,Siborongborong,Bumbu,32600.0,5,Transfer Bank,5.0,2026-05,Tuesday,Bumbu Naniura,163000.0,False
TRX001989,2026-05-08,Siborongborong,Bumbu,32300.0,6,QRIS,2.0,2026-05,Friday,Bumbu Naniura,193800.0,False
TRX001384,2026-03-29,Parapat,Kerajinan,668600.0,1,Tunai,3.0,2026-03,Sunday,Ulos Sadum,668600.0,False
TRX001575,2026-04-12,Laguboti,Kerajinan,706100.0,2,QRIS,3.0,2026-04,Sunday,Ulos Sadum,1412200.0,False
TRX002059,2026-05-13,Balige,Minuman,56600.0,8,QRIS,4.0,2026-05,Wednesday,Kopi Lintong,452800.0,False
TRX002724,2026-06-25,Parapat,Camilan,33700.0,1,Tunai,5.0,2026-06,Thursday,Kacang Sihobuk,33700.0,False
TRX001495,2026-04-07,Balige,Camilan,23200.0,10,QRIS,4.0,2026-04,Tuesday,Ombus-ombus,232000.0,False
TRX000832,2026-02-22,Laguboti,Bumbu,26400.0,3,Tunai,5.0,2026-02,Sunday,Andaliman,79200.0,False
TRX002081,2026-05-14,Balige,Kerajinan,682800.0,7,Transfer Bank,2.0,2026-05,Thursday,Ulos Sadum,4779600.0,False
TRX001175,2026-03-15,Laguboti,Kerajinan,698500.0,4,Tunai,2.0,2026-03,Sunday,Ulos Sadum,2794000.0,False
TRX000414,2026-01-27,Laguboti,Camilan,27100.0,4,Tunai,2.0,2026-01,Tuesday,Kacang Sihobuk,108400.0,False
TRX001818,2026-04-27,Balige,Bumbu,28400.0,5,QRIS,,2026-04,Monday,Andaliman,142000.0,False
TRX000166,2026-01-11,Laguboti,Kerajinan,895700.0,9,QRIS,4.0,2026-01,Sunday,Ulos Ragidup,8061300.0,False
TRX002433,2026-06-06,Parapat,Camilan,33000.0,3,QRIS,,2026-06,Saturday,Kacang Sihobuk,99000.0,False
TRX002765,2026-06-28,Balige,Kerajinan,760300.0,4,Tunai,3.0,2026-06,Sunday,Ulos Sadum,3041200.0,False
TRX000615,2026-02-08,Siborongborong,Minuman,46300.0,3,Tunai,2.0,2026-02,Sunday,Kopi Sidikalang,138900.0,False
TRX001015,2026-03-04,Siborongborong,Camilan,30000.0,11,QRIS,1.0,2026-03,Wednesday,Kacang Sihobuk,330000.0,False
TRX002138,2026-05-17,Laguboti,Minuman,62000.0,7,Tunai,,2026-05,Sunday,Kopi Lintong,434000.0,False
TRX002596,2026-06-16,Balige,Bumbu,33200.0,2,Transfer Bank,2.0,2026-06,Tuesday,Bumbu Naniura,66400.0,False
TRX001238,2026-03-20,Parapat,Bumbu,33800.0,4,Transfer Bank,1.0,2026-03,Friday,Bumbu Naniura,135200.0,False
TRX002182,2026-05-20,Laguboti,Minuman,61200.0,2,QRIS,1.0,2026-05,Wednesday,Kopi Lintong,122400.0,False
TRX000556,2026-02-05,Siborongborong,Camilan,28400.0,3,QRIS,1.0,2026-02,Thursday,Kacang Sihobuk,85200.0,False
TRX002369,2026-06-01,Balige,Minuman,52200.0,8,QRIS,2.0,2026-06,Monday,Kopi Sidikalang,417600.0,False
TRX002804,2026-06-29,Siborongborong,Bumbu,29200.0,2,Transfer Bank,,2026-06,Monday,Andaliman,58400.0,False
TRX001212,2026-03-17,Parapat,Minuman,54900.0,1,Tunai,4.0,2026-03,Tuesday,Kopi Lintong,54900.0,False
TRX002633,2026-06-20,Balige,Kerajinan,902500.0,2,Transfer Bank,2.0,2026-06,Saturday,Ulos Ragidup,1805000.0,False
TRX000635,2026-02-09,Laguboti,Minuman,56400.0,2,Tunai,3.0,2026-02,Monday,Kopi Lintong,112800.0,False
TRX001056,2026-03-07,Siborongborong,Kerajinan,838700.0,9,Tunai,4.0,2026-03,Saturday,Ulos Ragidup,7548300.0,False
TRX002341,2026-05-30,Siborongborong,Minuman,57700.0,6,Tunai,3.0,2026-05,Saturday,Kopi Lintong,346200.0,False
TRX001709,2026-04-20,Siborongborong,Minuman,50200.0,5,QRIS,,2026-04,Monday,Kopi Sidikalang,251000.0,False
TRX000797,2026-02-20,Parapat,Kerajinan,727300.0,8,Tunai,4.0,2026-02,Friday,Ulos Sadum,5818400.0,False
TRX002610,2026-06-17,Balige,Minuman,50100.0,4,QRIS,4.0,2026-06,Wednesday,Kopi Sidikalang,200400.0,False
TRX000175,2026-01-11,Siborongborong,Minuman,49200.0,1,Transfer Bank,3.0,2026-01,Sunday,Kopi Lintong,49200.0,False
TRX000246,2026-01-17,Laguboti,Camilan,26700.0,4,Tunai,2.0,2026-01,Saturday,Kacang Sihobuk,106800.0,False
TRX001081,2026-03-08,Parapat,Minuman,52400.0,10,QRIS,5.0,2026-03,Sunday,Kopi Lintong,524000.0,False
TRX001655,2026-04-18,Balige,Kerajinan,759800.0,4,Tunai,2.0,2026-04,Saturday,Ulos Sadum,3039200.0,False
TRX002802,2026-06-29,Siborongborong,Camilan,33300.0,5,Transfer Bank,3.0,2026-06,Monday,Kacang Sihobuk,166500.0,False
TRX000145,2026-01-10,Siborongborong,Camilan,22000.0,11,Transfer Bank,2.0,2026-01,Saturday,Ombus-ombus,242000.0,False
TRX000146,2026-01-10,Siborongborong,Minuman,55400.0,5,Tunai,,2026-01,Saturday,Kopi Lintong,277000.0,False
TRX000091,2026-01-06,Laguboti,Minuman,48400.0,8,Tunai,3.0,2026-01,Tuesday,Kopi Sidikalang,387200.0,False
TRX000683,2026-02-13,Siborongborong,Bumbu,33400.0,8,Tunai,3.0,2026-02,Friday,Bumbu Naniura,267200.0,False
TRX000311,2026-01-20,Parapat,Minuman,48600.0,6,Transfer Bank,3.0,2026-01,Tuesday,Kopi Lintong,291600.0,False
TRX002497,2026-06-10,Balige,Kerajinan,975300.0,10,Tunai,4.0,2026-06,Wednesday,Ulos Ragidup,9753000.0,False
TRX000925,2026-02-28,Balige,Bumbu,25200.0,6,QRIS,3.0,2026-02,Saturday,Andaliman,151200.0,False
TRX001910,2026-05-03,Siborongborong,Minuman,54900.0,10,QRIS,1.0,2026-05,Sunday,Kopi Lintong,549000.0,False
TRX001036,2026-03-06,Laguboti,Camilan,30800.0,9,Transfer Bank,4.0,2026-03,Friday,Kacang Sihobuk,277200.0,False
TRX001401,2026-03-31,Siborongborong,Minuman,48200.0,2,Tunai,1.0,2026-03,Tuesday,Kopi Sidikalang,96400.0,False
TRX002292,2026-05-26,Parapat,Minuman,61700.0,11,Tunai,2.0,2026-05,Tuesday,Kopi Lintong,678700.0,False
TRX001501,2026-04-07,Siborongborong,Kerajinan,714000.0,2,Tunai,,2026-04,Tuesday,Ulos Sadum,1428000.0,False
TRX002263,2026-05-25,Balige,Kerajinan,972400.0,11,Transfer Bank,5.0,2026-05,Monday,Ulos Ragidup,10696400.0,False
TRX001469,2026-04-05,Siborongborong,Kerajinan,682900.0,5,Transfer Bank,2.0,2026-04,Sunday,Ulos Sadum,3414500.0,False
TRX000999,2026-03-03,Laguboti,Bumbu,32900.0,8,Transfer Bank,5.0,2026-03,Tuesday,Bumbu Naniura,263200.0,False
TRX000854,2026-02-23,Siborongborong,Camilan,21800.0,8,Tunai,2.0,2026-02,Monday,Ombus-ombus,174400.0,False
TRX002205,2026-05-22,Siborongborong,Minuman,50200.0,6,Transfer Bank,5.0,2026-05,Friday,Kopi Sidikalang,301200.0,False
TRX001143,2026-03-14,Balige,Minuman,45900.0,10,Transfer Bank,5.0,2026-03,Saturday,Kopi Sidikalang,459000.0,False
TRX001144,2026-03-14,Balige,Camilan,27800.0,8,Tunai,3.0,2026-03,Saturday,Kacang Sihobuk,222400.0,False
TRX002275,2026-05-25,Parapat,Kerajinan,1017400.0,1,Tunai,,2026-05,Monday,Ulos Ragidup,1017400.0,False
TRX002049,2026-05-12,Siborongborong,Kerajinan,717300.0,9,Transfer Bank,5.0,2026-05,Tuesday,Ulos Sadum,6455700.0,False
TRX000402,2026-01-26,Siborongborong,Bumbu,24600.0,10,Transfer Bank,3.0,2026-01,Monday,Andaliman,246000.0,False
TRX001104,2026-03-11,Laguboti,Bumbu,32800.0,3,Transfer Bank,4.0,2026-03,Wednesday,Bumbu Naniura,98400.0,False
TRX000085,2026-01-06,Balige,Camilan,26300.0,2,QRIS,3.0,2026-01,Tuesday,Kacang Sihobuk,52600.0,False
TRX002211,2026-05-23,Balige,Kerajinan,727100.0,9,Transfer Bank,3.0,2026-05,Saturday,Ulos Sadum,6543900.0,False
TRX002727,2026-06-26,Balige,Bumbu,34300.0,1,Tunai,2.0,2026-06,Friday,Bumbu Naniura,34300.0,False
TRX000115,2026-01-08,Laguboti,Minuman,45700.0,7,Transfer Bank,3.0,2026-01,Thursday,Kopi Sidikalang,319900.0,False
TRX002464,2026-06-07,Parapat,Kerajinan,1032300.0,1,QRIS,,2026-06,Sunday,Ulos Ragidup,1032300.0,False
TRX001586,2026-04-12,Parapat,Minuman,54100.0,1,Transfer Bank,1.0,2026-04,Sunday,Kopi Lintong,54100.0,False
TRX001568,2026-04-12,Balige,Bumbu,32200.0,1,QRIS,,2026-04,Sunday,Bumbu Naniura,32200.0,False
TRX001502,2026-04-07,Siborongborong,Minuman,56900.0,2,Transfer Bank,,2026-04,Tuesday,Kopi Lintong,113800.0,False
TRX001661,2026-04-18,Siborongborong,Kerajinan,662200.0,11,Transfer Bank,2.0,2026-04,Saturday,Ulos Sadum,7284200.0,False
TRX001557,2026-04-11,Siborongborong,Kerajinan,908800.0,3,Transfer Bank,,2026-04,Saturday,Ulos Ragidup,2726400.0,False
TRX002008,2026-05-09,Siborongborong,Minuman,54100.0,9,Transfer Bank,2.0,2026-05,Saturday,Kopi Lintong,486900.0,False
TRX000626,2026-02-09,Balige,Camilan,21800.0,5,QRIS,1.0,2026-02,Monday,Ombus-ombus,109000.0,False
TRX001886,2026-05-02,Laguboti,Camilan,31200.0,7,QRIS,4.0,2026-05,Saturday,Kacang Sihobuk,218400.0,False
TRX001867,2026-05-01,Siborongborong,Camilan,24600.0,8,Transfer Bank,2.0,2026-05,Friday,Ombus-ombus,196800.0,False
TRX000953,2026-03-01,Balige,Minuman,54900.0,8,QRIS,3.0,2026-03,Sunday,Kopi Lintong,439200.0,False
TRX002307,2026-05-28,Laguboti,Minuman,53500.0,1,QRIS,,2026-05,Thursday,Kopi Lintong,53500.0,False
TRX000625,2026-02-09,Balige,Camilan,30400.0,3,QRIS,4.0,2026-02,Monday,Kacang Sihobuk,91200.0,False
TRX000235,2026-01-16,Parapat,Kerajinan,618800.0,6,Tunai,3.0,2026-01,Friday,Ulos Sadum,3712800.0,False
TRX002184,2026-05-20,Laguboti,Minuman,51600.0,10,Tunai,1.0,2026-05,Wednesday,Kopi Sidikalang,516000.0,False
TRX002035,2026-05-10,Parapat,Kerajinan,773500.0,4,Transfer Bank,2.0,2026-05,Sunday,Ulos Sadum,3094000.0,False
TRX001827,2026-04-27,Siborongborong,Camilan,32800.0,1,Transfer Bank,2.0,2026-04,Monday,Kacang Sihobuk,32800.0,False
TRX001315,2026-03-25,Parapat,Bumbu,27000.0,1,QRIS,2.0,2026-03,Wednesday,Andaliman,27000.0,False
TRX001526,2026-04-09,Siborongborong,Minuman,56900.0,5,Transfer Bank,4.0,2026-04,Thursday,Kopi Lintong,284500.0,False
TRX001563,2026-04-12,Balige,Camilan,29100.0,10,Transfer Bank,4.0,2026-04,Sunday,Kacang Sihobuk,291000.0,False
TRX001753,2026-04-24,Laguboti,Bumbu,25100.0,11,Tunai,4.0,2026-04,Friday,Andaliman,276100.0,False
TRX001606,2026-04-14,Laguboti,Minuman,60600.0,7,Transfer Bank,5.0,2026-04,Tuesday,Kopi Lintong,424200.0,False
TRX000344,2026-01-23,Laguboti,Minuman,54400.0,8,QRIS,1.0,2026-01,Friday,Kopi Lintong,435200.0,False
TRX002342,2026-05-30,Parapat,Minuman,51300.0,5,Tunai,4.0,2026-05,Saturday,Kopi Sidikalang,256500.0,False
TRX002227,2026-05-23,Siborongborong,Camilan,24500.0,8,Transfer Bank,1.0,2026-05,Saturday,Ombus-ombus,196000.0,False
TRX000997,2026-03-03,Laguboti,Kerajinan,634500.0,9,Tunai,3.0,2026-03,Tuesday,Ulos Sadum,5710500.0,False
TRX002063,2026-05-13,Siborongborong,Kerajinan,771300.0,2,Tunai,1.0,2026-05,Wednesday,Ulos Sadum,1542600.0,False
TRX002214,2026-05-23,Balige,Bumbu,27600.0,2,Transfer Bank,2.0,2026-05,Saturday,Andaliman,55200.0,False
TRX001360,2026-03-28,Parapat,Camilan,31400.0,10,Transfer Bank,4.0,2026-03,Saturday,Kacang Sihobuk,314000.0,False
TRX002108,2026-05-16,Laguboti,Minuman,59600.0,11,QRIS,2.0,2026-05,Saturday,Kopi Lintong,655600.0,False
TRX000710,2026-02-14,Parapat,Minuman,52300.0,2,Tunai,,2026-02,Saturday,Kopi Lintong,104600.0,False
TRX001879,2026-05-02,Laguboti,Kerajinan,722900.0,10,Transfer Bank,2.0,2026-05,Saturday,Ulos Sadum,7229000.0,False
TRX001379,2026-03-29,Siborongborong,Camilan,22900.0,8,Transfer Bank,,2026-03,Sunday,Ombus-ombus,183200.0,False
TRX000425,2026-01-28,Laguboti,Minuman,42900.0,5,Tunai,,2026-01,Wednesday,Kopi Sidikalang,214500.0,False
TRX000293,2026-01-19,Parapat,Kerajinan,877500.0,3,Tunai,3.0,2026-01,Monday,Ulos Ragidup,2632500.0,False
TRX001066,2026-03-08,Balige,Camilan,22200.0,8,QRIS,5.0,2026-03,Sunday,Ombus-ombus,177600.0,False
TRX002378,2026-06-01,Parapat,Kerajinan,924100.0,5,Tunai,1.0,2026-06,Monday,Ulos Ragidup,4620500.0,False
TRX001639,2026-04-17,Balige,Minuman,52500.0,8,Transfer Bank,1.0,2026-04,Friday,Kopi Sidikalang,420000.0,False
TRX002478,2026-06-08,Parapat,Minuman,58900.0,7,Transfer Bank,4.0,2026-06,Monday,Kopi Lintong,412300.0,False
TRX001013,2026-03-04,Siborongborong,Minuman,53300.0,11,Tunai,4.0,2026-03,Wednesday,Kopi Lintong,586300.0,False
TRX002128,2026-05-16,Parapat,Bumbu,29200.0,9,Transfer Bank,2.0,2026-05,Saturday,Andaliman,262800.0,False
TRX001718,2026-04-21,Balige,Minuman,49900.0,5,Tunai,2.0,2026-04,Tuesday,Kopi Sidikalang,249500.0,False
TRX000938,2026-02-28,Laguboti,Minuman,53300.0,3,Tunai,2.0,2026-02,Saturday,Kopi Lintong,159900.0,False
TRX000835,2026-02-22,Siborongborong,Kerajinan,888100.0,4,Tunai,2.0,2026-02,Sunday,Ulos Ragidup,3552400.0,False
TRX000255,2026-01-17,Siborongborong,Bumbu,31100.0,3,Tunai,4.0,2026-01,Saturday,Bumbu Naniura,93300.0,False
TRX001483,2026-04-06,Laguboti,Kerajinan,980700.0,10,Tunai,5.0,2026-04,Monday,Ulos Ragidup,9807000.0,False
TRX002810,2026-06-29,Parapat,Minuman,53600.0,2,Tunai,3.0,2026-06,Monday,Kopi Sidikalang,107200.0,False
TRX001408,2026-04-01,Balige,Bumbu,33100.0,2,Transfer Bank,4.0,2026-04,Wednesday,Bumbu Naniura,66200.0,False
TRX002747,2026-06-27,Laguboti,Camilan,26200.0,5,Tunai,4.0,2026-06,Saturday,Ombus-ombus,131000.0,False
TRX002185,2026-05-20,Siborongborong,Bumbu,34100.0,11,Tunai,3.0,2026-05,Wednesday,Bumbu Naniura,375100.0,False
TRX000724,2026-02-15,Laguboti,Bumbu,31600.0,4,QRIS,1.0,2026-02,Sunday,Bumbu Naniura,126400.0,False
TRX000970,2026-03-01,Parapat,Camilan,30700.0,6,Transfer Bank,3.0,2026-03,Sunday,Kacang Sihobuk,184200.0,False
TRX000497,2026-02-01,Siborongborong,Camilan,27700.0,3,Tunai,5.0,2026-02,Sunday,Kacang Sihobuk,83100.0,False
TRX000951,2026-03-01,Balige,Bumbu,25100.0,3,Tunai,2.0,2026-03,Sunday,Andaliman,75300.0,False
TRX000806,2026-02-21,Balige,Camilan,31100.0,10,Transfer Bank,3.0,2026-02,Saturday,Kacang Sihobuk,311000.0,False
TRX001830,2026-04-27,Parapat,Camilan,31500.0,11,Transfer Bank,5.0,2026-04,Monday,Kacang Sihobuk,346500.0,False
TRX002178,2026-05-19,Parapat,Bumbu,35500.0,10,Transfer Bank,2.0,2026-05,Tuesday,Bumbu Naniura,355000.0,False
TRX001740,2026-04-23,Balige,Minuman,49600.0,11,QRIS,5.0,2026-04,Thursday,Kopi Sidikalang,545600.0,False
TRX000338,2026-01-22,Parapat,Bumbu,32800.0,11,Tunai,1.0,2026-01,Thursday,Bumbu Naniura,360800.0,False
TRX000731,2026-02-15,Siborongborong,Kerajinan,846100.0,4,Transfer Bank,,2026-02,Sunday,Ulos Ragidup,3384400.0,False
TRX000609,2026-02-08,Laguboti,Minuman,52700.0,5,Transfer Bank,5.0,2026-02,Sunday,Kopi Lintong,263500.0,False
TRX001149,2026-03-14,Laguboti,Minuman,46800.0,8,Transfer Bank,4.0,2026-03,Saturday,Kopi Sidikalang,374400.0,False
TRX002244,2026-05-24,Balige,Minuman,59100.0,2,Tunai,1.0,2026-05,Sunday,Kopi Lintong,118200.0,False
TRX001714,2026-04-20,Parapat,Bumbu,29300.0,8,Transfer Bank,4.0,2026-04,Monday,Andaliman,234400.0,False
TRX000910,2026-02-27,Siborongborong,Minuman,51800.0,5,Tunai,1.0,2026-02,Friday,Kopi Lintong,259000.0,False
TRX002152,2026-05-17,Parapat,Minuman,48400.0,11,Tunai,1.0,2026-05,Sunday,Kopi Sidikalang,532400.0,False
TRX002011,2026-05-09,Siborongborong,Minuman,56500.0,3,QRIS,,2026-05,Saturday,Kopi Lintong,169500.0,False
TRX002492,2026-06-09,Siborongborong,Camilan,30200.0,5,QRIS,3.0,2026-06,Tuesday,Kacang Sihobuk,151000.0,False
TRX001811,2026-04-26,Parapat,Minuman,51300.0,5,QRIS,,2026-04,Sunday,Kopi Sidikalang,256500.0,False
TRX001995,2026-05-08,Parapat,Bumbu,27100.0,11,Transfer Bank,1.0,2026-05,Friday,Andaliman,298100.0,False
TRX000720,2026-02-15,Laguboti,Kerajinan,873000.0,5,QRIS,5.0,2026-02,Sunday,Ulos Ragidup,4365000.0,False
TRX001570,2026-04-12,Balige,Bumbu,26400.0,3,Transfer Bank,1.0,2026-04,Sunday,Andaliman,79200.0,False
TRX002276,2026-05-25,Parapat,Bumbu,25700.0,2,Transfer Bank,3.0,2026-05,Monday,Andaliman,51400.0,False
TRX000435,2026-01-29,Balige,Minuman,56600.0,3,QRIS,5.0,2026-01,Thursday,Kopi Lintong,169800.0,False
TRX001300,2026-03-24,Siborongborong,Bumbu,33700.0,4,QRIS,5.0,2026-03,Tuesday,Bumbu Naniura,134800.0,False
TRX002175,2026-05-19,Siborongborong,Kerajinan,899900.0,10,QRIS,,2026-05,Tuesday,Ulos Ragidup,8999000.0,False
TRX000406,2026-01-26,Parapat,Kerajinan,701700.0,4,Tunai,4.0,2026-01,Monday,Ulos Sadum,2806800.0,False
TRX000822,2026-02-22,Balige,Camilan,23200.0,5,Tunai,2.0,2026-02,Sunday,Ombus-ombus,116000.0,False
TRX001790,2026-04-26,Balige,Bumbu,32300.0,2,Tunai,2.0,2026-04,Sunday,Bumbu Naniura,64600.0,False
TRX002749,2026-06-27,Laguboti,Minuman,47900.0,6,QRIS,2.0,2026-06,Saturday,Kopi Sidikalang,287400.0,False
TRX002352,2026-05-31,Laguboti,Kerajinan,729100.0,8,Tunai,1.0,2026-05,Sunday,Ulos Sadum,5832800.0,False
TRX002316,2026-05-29,Laguboti,Bumbu,28700.0,2,QRIS,2.0,2026-05,Friday,Andaliman,57400.0,False
TRX001859,2026-04-30,Parapat,Camilan,32600.0,11,Tunai,,2026-04,Thursday,Kacang Sihobuk,358600.0,False
TRX001558,2026-04-11,Parapat,Camilan,24900.0,8,QRIS,1.0,2026-04,Saturday,Ombus-ombus,199200.0,False
TRX000546,2026-02-04,Siborongborong,Camilan,22200.0,1,Tunai,4.0,2026-02,Wednesday,Ombus-ombus,22200.0,False
TRX000213,2026-01-15,Balige,Minuman,50900.0,3,Transfer Bank,2.0,2026-01,Thursday,Kopi Lintong,152700.0,False
TRX000897,2026-02-26,Laguboti,Minuman,53700.0,1,QRIS,2.0,2026-02,Thursday,Kopi Lintong,53700.0,False
TRX001942,2026-05-05,Laguboti,Camilan,26000.0,8,Transfer Bank,4.0,2026-05,Tuesday,Ombus-ombus,208000.0,False
TRX001892,2026-05-02,Siborongborong,Camilan,32900.0,8,QRIS,1.0,2026-05,Saturday,Kacang Sihobuk,263200.0,False
TRX000917,2026-02-27,Parapat,Camilan,27800.0,2,Tunai,3.0,2026-02,Friday,Kacang Sihobuk,55600.0,False
TRX001290,2026-03-23,Balige,Kerajinan,677300.0,4,Transfer Bank,1.0,2026-03,Monday,Ulos Sadum,2709200.0,False
TRX000815,2026-02-21,Parapat,Minuman,45300.0,7,Tunai,3.0,2026-02,Saturday,Kopi Sidikalang,317100.0,False
TRX001266,2026-03-21,Parapat,Camilan,22400.0,3,Transfer Bank,,2026-03,Saturday,Ombus-ombus,67200.0,False
TRX000343,2026-01-23,Balige,Bumbu,24900.0,11,Transfer Bank,2.0,2026-01,Friday,Andaliman,273900.0,False
TRX001411,2026-04-01,Laguboti,Camilan,24700.0,10,Transfer Bank,1.0,2026-04,Wednesday,Ombus-ombus,247000.0,False
TRX001215,2026-03-18,Balige,Bumbu,27500.0,8,QRIS,3.0,2026-03,Wednesday,Andaliman,220000.0,False
TRX000967,2026-03-01,Siborongborong,Bumbu,32500.0,2,Transfer Bank,1.0,2026-03,Sunday,Bumbu Naniura,65000.0,False
TRX001231,2026-03-20,Laguboti,Kerajinan,683700.0,2,QRIS,,2026-03,Friday,Ulos Sadum,1367400.0,False
TRX002344,2026-05-31,Balige,Camilan,30300.0,2,Tunai,4.0,2026-05,Sunday,Kacang Sihobuk,60600.0,False
TRX000696,2026-02-14,Laguboti,Camilan,23100.0,2,Tunai,1.0,2026-02,Saturday,Ombus-ombus,46200.0,False
TRX002122,2026-05-16,Parapat,Minuman,53100.0,4,QRIS,2.0,2026-05,Saturday,Kopi Sidikalang,212400.0,False
TRX000606,2026-02-08,Balige,Minuman,55300.0,7,Transfer Bank,5.0,2026-02,Sunday,Kopi Lintong,387100.0,False
TRX000105,2026-01-07,Siborongborong,Bumbu,25600.0,11,Tunai,3.0,2026-01,Wednesday,Andaliman,281600.0,False
TRX000646,2026-02-10,Laguboti,Camilan,30200.0,4,Tunai,1.0,2026-02,Tuesday,Kacang Sihobuk,120800.0,False
TRX001405,2026-03-31,Parapat,Camilan,30800.0,2,QRIS,5.0,2026-03,Tuesday,Kacang Sihobuk,61600.0,False
TRX000495,2026-02-01,Siborongborong,Kerajinan,614300.0,7,Transfer Bank,1.0,2026-02,Sunday,Ulos Sadum,4300100.0,False
TRX002488,2026-06-09,Laguboti,Bumbu,34200.0,2,Tunai,4.0,2026-06,Tuesday,Bumbu Naniura,68400.0,False
TRX001020,2026-03-05,Balige,Camilan,24700.0,2,Tunai,2.0,2026-03,Thursday,Ombus-ombus,49400.0,False
TRX000092,2026-01-06,Laguboti,Kerajinan,872100.0,10,Tunai,1.0,2026-01,Tuesday,Ulos Ragidup,8721000.0,False
TRX001113,2026-03-12,Balige,Bumbu,33800.0,3,Transfer Bank,,2026-03,Thursday,Bumbu Naniura,101400.0,False
TRX000909,2026-02-27,Laguboti,Minuman,50400.0,4,Tunai,3.0,2026-02,Friday,Kopi Sidikalang,201600.0,False
TRX001475,2026-04-05,Parapat,Bumbu,33500.0,8,Tunai,3.0,2026-04,Sunday,Bumbu Naniura,268000.0,False
TRX001742,2026-04-23,Laguboti,Kerajinan,751000.0,3,QRIS,4.0,2026-04,Thursday,Ulos Sadum,2253000.0,False
TRX002151,2026-05-17,Parapat,Bumbu,35800.0,6,QRIS,4.0,2026-05,Sunday,Bumbu Naniura,214800.0,False
TRX000239,2026-01-17,Balige,Camilan,27500.0,8,Transfer Bank,2.0,2026-01,Saturday,Kacang Sihobuk,220000.0,False
TRX000943,2026-02-28,Siborongborong,Minuman,44500.0,6,Tunai,3.0,2026-02,Saturday,Kopi Sidikalang,267000.0,False
TRX001271,2026-03-22,Balige,Bumbu,25200.0,4,Tunai,4.0,2026-03,Sunday,Andaliman,100800.0,False
TRX000939,2026-02-28,Siborongborong,Minuman,43400.0,3,Tunai,4.0,2026-02,Saturday,Kopi Sidikalang,130200.0,False
TRX001425,2026-04-02,Laguboti,Camilan,31800.0,4,QRIS,2.0,2026-04,Thursday,Kacang Sihobuk,127200.0,False
TRX001863,2026-05-01,Balige,Camilan,31000.0,4,Tunai,4.0,2026-05,Friday,Kacang Sihobuk,124000.0,False
TRX001670,2026-04-18,Parapat,Kerajinan,757300.0,2,QRIS,3.0,2026-04,Saturday,Ulos Sadum,1514600.0,False
TRX000006,2026-01-01,Laguboti,Kerajinan,679000.0,10,Tunai,4.0,2026-01,Thursday,Ulos Sadum,6790000.0,False
TRX000248,2026-01-17,Laguboti,Camilan,23000.0,6,Transfer Bank,4.0,2026-01,Saturday,Ombus-ombus,138000.0,False
TRX000019,2026-01-02,Parapat,Kerajinan,615900.0,9,Tunai,2.0,2026-01,Friday,Ulos Sadum,5543100.0,False
TRX002170,2026-05-19,Laguboti,Camilan,30100.0,2,QRIS,2.0,2026-05,Tuesday,Kacang Sihobuk,60200.0,False
TRX001971,2026-05-07,Balige,Bumbu,27800.0,5,Transfer Bank,1.0,2026-05,Thursday,Andaliman,139000.0,False
TRX002233,2026-05-23,Siborongborong,Camilan,25000.0,7,QRIS,3.0,2026-05,Saturday,Ombus-ombus,175000.0,False
TRX002323,2026-05-30,Balige,Camilan,33400.0,1,QRIS,1.0,2026-05,Saturday,Kacang Sihobuk,33400.0,False
TRX002482,2026-06-09,Balige,Bumbu,33400.0,7,Tunai,5.0,2026-06,Tuesday,Bumbu Naniura,233800.0,False
TRX001301,2026-03-24,Siborongborong,Camilan,31500.0,4,Transfer Bank,,2026-03,Tuesday,Kacang Sihobuk,126000.0,False
TRX001336,2026-03-27,Parapat,Camilan,28400.0,1,Transfer Bank,5.0,2026-03,Friday,Kacang Sihobuk,28400.0,False
TRX002737,2026-06-27,Balige,Kerajinan,774300.0,11,QRIS,1.0,2026-06,Saturday,Ulos Sadum,8517300.0,False
TRX000261,2026-01-17,Siborongborong,Kerajinan,625900.0,11,Tunai,5.0,2026-01,Saturday,Ulos Sadum,6884900.0,False
TRX001805,2026-04-26,Siborongborong,Camilan,32200.0,1,QRIS,,2026-04,Sunday,Kacang Sihobuk,32200.0,False
TRX001571,2026-04-12,Balige,Camilan,30500.0,10,QRIS,3.0,2026-04,Sunday,Kacang Sihobuk,305000.0,False
TRX002230,2026-05-23,Siborongborong,Minuman,54000.0,2,Tunai,4.0,2026-05,Saturday,Kopi Lintong,108000.0,False
TRX000185,2026-01-13,Laguboti,Bumbu,24500.0,5,Tunai,5.0,2026-01,Tuesday,Andaliman,122500.0,False
TRX002455,2026-06-07,Siborongborong,Kerajinan,937200.0,3,Transfer Bank,3.0,2026-06,Sunday,Ulos Ragidup,2811600.0,False
TRX001744,2026-04-23,Siborongborong,Bumbu,30900.0,11,QRIS,2.0,2026-04,Thursday,Bumbu Naniura,339900.0,False
TRX001631,2026-04-16,Laguboti,Camilan,24900.0,5,Transfer Bank,,2026-04,Thursday,Ombus-ombus,124500.0,False
TRX001717,2026-04-21,Balige,Minuman,55600.0,5,Tunai,3.0,2026-04,Tuesday,Kopi Lintong,278000.0,False
TRX000521,2026-02-02,Parapat,Kerajinan,930700.0,6,Tunai,5.0,2026-02,Monday,Ulos Ragidup,5584200.0,False
TRX002429,2026-06-06,Siborongborong,Camilan,24300.0,11,Transfer Bank,5.0,2026-06,Saturday,Ombus-ombus,267300.0,False
TRX002017,2026-05-09,Siborongborong,Minuman,49900.0,4,Tunai,2.0,2026-05,Saturday,Kopi Sidikalang,199600.0,False
TRX001659,2026-04-18,Laguboti,Kerajinan,740700.0,5,Transfer Bank,5.0,2026-04,Saturday,Ulos Sadum,3703500.0,False
TRX001613,2026-04-15,Balige,Kerajinan,711200.0,8,Transfer Bank,3.0,2026-04,Wednesday,Ulos Sadum,5689600.0,False
TRX002476,2026-06-08,Siborongborong,Minuman,61200.0,8,QRIS,1.0,2026-06,Monday,Kopi Lintong,489600.0,False
TRX002127,2026-05-16,Parapat,Kerajinan,729500.0,1,Transfer Bank,1.0,2026-05,Saturday,Ulos Sadum,729500.0,False
TRX002820,2026-06-30,Parapat,Bumbu,26700.0,4,Transfer Bank,,2026-06,Tuesday,Andaliman,106800.0,False
TRX000608,2026-02-08,Laguboti,Bumbu,26700.0,5,Tunai,2.0,2026-02,Sunday,Andaliman,133500.0,False
TRX000231,2026-01-16,Siborongborong,Bumbu,24700.0,1,Transfer Bank,1.0,2026-01,Friday,Andaliman,24700.0,False
TRX000332,2026-01-22,Siborongborong,Bumbu,27200.0,10,Tunai,4.0,2026-01,Thursday,Andaliman,272000.0,False
TRX001441,2026-04-04,Balige,Kerajinan,876300.0,4,Transfer Bank,2.0,2026-04,Saturday,Ulos Ragidup,3505200.0,False
TRX001928,2026-05-04,Balige,Camilan,31200.0,3,Tunai,5.0,2026-05,Monday,Kacang Sihobuk,93600.0,False
TRX001092,2026-03-09,Siborongborong,Camilan,30400.0,4,Tunai,1.0,2026-03,Monday,Kacang Sihobuk,121600.0,False
TRX001102,2026-03-11,Balige,Kerajinan,931000.0,9,Transfer Bank,4.0,2026-03,Wednesday,Ulos Ragidup,8379000.0,False
TRX001130,2026-03-13,Balige,Kerajinan,682800.0,1,Transfer Bank,3.0,2026-03,Friday,Ulos Sadum,682800.0,False
TRX000462,2026-01-31,Balige,Bumbu,27500.0,4,Transfer Bank,1.0,2026-01,Saturday,Andaliman,110000.0,False
TRX000959,2026-03-01,Laguboti,Camilan,30000.0,5,QRIS,,2026-03,Sunday,Kacang Sihobuk,150000.0,False
TRX001663,2026-04-18,Siborongborong,Camilan,24400.0,3,Transfer Bank,4.0,2026-04,Saturday,Ombus-ombus,73200.0,False
TRX000560,2026-02-05,Parapat,Kerajinan,615700.0,2,Tunai,1.0,2026-02,Thursday,Ulos Sadum,1231400.0,False
TRX002650,2026-06-20,Parapat,Kerajinan,688400.0,6,Transfer Bank,4.0,2026-06,Saturday,Ulos Sadum,4130400.0,False
TRX001520,2026-04-09,Balige,Camilan,30700.0,5,Transfer Bank,4.0,2026-04,Thursday,Kacang Sihobuk,153500.0,False
TRX002141,2026-05-17,Laguboti,Bumbu,29100.0,5,QRIS,5.0,2026-05,Sunday,Andaliman,145500.0,False
TRX002736,2026-06-26,Parapat,Kerajinan,732300.0,10,QRIS,4.0,2026-06,Friday,Ulos Sadum,7323000.0,False
TRX002033,2026-05-10,Siborongborong,Minuman,48200.0,8,Transfer Bank,4.0,2026-05,Sunday,Kopi Sidikalang,385600.0,False
TRX002485,2026-06-09,Laguboti,Bumbu,35300.0,1,QRIS,5.0,2026-06,Tuesday,Bumbu Naniura,35300.0,False
TRX002539,2026-06-13,Laguboti,Bumbu,34400.0,5,Tunai,4.0,2026-06,Saturday,Bumbu Naniura,172000.0,False
TRX002098,2026-05-15,Siborongborong,Bumbu,32300.0,4,Tunai,5.0,2026-05,Friday,Bumbu Naniura,129200.0,False
TRX002679,2026-06-22,Parapat,Kerajinan,724300.0,8,QRIS,,2026-06,Monday,Ulos Sadum,5794400.0,False
TRX000070,2026-01-04,Parapat,Bumbu,31700.0,2,Transfer Bank,5.0,2026-01,Sunday,Bumbu Naniura,63400.0,False
TRX001573,2026-04-12,Laguboti,Camilan,24200.0,3,Transfer Bank,3.0,2026-04,Sunday,Ombus-ombus,72600.0,False
TRX000809,2026-02-21,Laguboti,Camilan,27000.0,3,QRIS,5.0,2026-02,Saturday,Kacang Sihobuk,81000.0,False
TRX000012,2026-01-02,Balige,Camilan,29300.0,1,QRIS,,2026-01,Friday,Kacang Sihobuk,29300.0,False
TRX002026,2026-05-10,Balige,Minuman,50400.0,11,Tunai,,2026-05,Sunday,Kopi Sidikalang,554400.0,False
TRX002193,2026-05-22,Balige,Minuman,48600.0,7,Tunai,,2026-05,Friday,Kopi Sidikalang,340200.0,False
TRX000918,2026-02-27,Parapat,Bumbu,32400.0,9,QRIS,2.0,2026-02,Friday,Bumbu Naniura,291600.0,False
TRX001452,2026-04-04,Parapat,Minuman,46500.0,8,QRIS,4.0,2026-04,Saturday,Kopi Sidikalang,372000.0,False
TRX000177,2026-01-12,Balige,Minuman,50300.0,4,QRIS,5.0,2026-01,Monday,Kopi Lintong,201200.0,False
TRX000995,2026-03-03,Balige,Bumbu,29700.0,4,Tunai,5.0,2026-03,Tuesday,Bumbu Naniura,118800.0,False
TRX002489,2026-06-09,Laguboti,Minuman,59700.0,9,QRIS,5.0,2026-06,Tuesday,Kopi Lintong,537300.0,False
TRX002570,2026-06-14,Siborongborong,Camilan,24700.0,6,Transfer Bank,3.0,2026-06,Sunday,Ombus-ombus,148200.0,False
TRX001256,2026-03-21,Laguboti,Minuman,53900.0,4,Tunai,,2026-03,Saturday,Kopi Lintong,215600.0,False
TRX001665,2026-04-18,Siborongborong,Camilan,23800.0,4,QRIS,4.0,2026-04,Saturday,Ombus-ombus,95200.0,False
TRX002192,2026-05-21,Siborongborong,Bumbu,28200.0,1,QRIS,1.0,2026-05,Thursday,Andaliman,28200.0,False
TRX002568,2026-06-14,Siborongborong,Camilan,25400.0,9,QRIS,5.0,2026-06,Sunday,Ombus-ombus,228600.0,False
TRX001791,2026-04-26,Balige,Minuman,60400.0,11,Tunai,5.0,2026-04,Sunday,Kopi Lintong,664400.0,False
TRX002477,2026-06-08,Parapat,Camilan,32000.0,10,QRIS,1.0,2026-06,Monday,Kacang Sihobuk,320000.0,False
TRX000157,2026-01-11,Balige,Bumbu,25500.0,2,Transfer Bank,1.0,2026-01,Sunday,Andaliman,51000.0,False
TRX002588,2026-06-15,Balige,Bumbu,29100.0,10,Tunai,4.0,2026-06,Monday,Andaliman,291000.0,False
TRX001461,2026-04-05,Balige,Kerajinan,691800.0,3,QRIS,3.0,2026-04,Sunday,Ulos Sadum,2075400.0,False
TRX002047,2026-05-12,Laguboti,Kerajinan,742900.0,9,Tunai,,2026-05,Tuesday,Ulos Sadum,6686100.0,False
TRX001851,2026-04-30,Laguboti,Minuman,50900.0,4,Tunai,1.0,2026-04,Thursday,Kopi Sidikalang,203600.0,False
TRX002510,2026-06-10,Parapat,Camilan,25600.0,10,QRIS,,2026-06,Wednesday,Ombus-ombus,256000.0,False
TRX002625,2026-06-18,Parapat,Camilan,25000.0,7,QRIS,4.0,2026-06,Thursday,Ombus-ombus,175000.0,False
TRX002304,2026-05-28,Laguboti,Minuman,57600.0,1,Transfer Bank,2.0,2026-05,Thursday,Kopi Lintong,57600.0,False
TRX002006,2026-05-09,Laguboti,Camilan,33100.0,2,Tunai,4.0,2026-05,Saturday,Kacang Sihobuk,66200.0,False
TRX001186,2026-03-15,Parapat,Minuman,54100.0,4,Tunai,3.0,2026-03,Sunday,Kopi Lintong,216400.0,False
TRX001007,2026-03-04,Balige,Bumbu,27700.0,5,Tunai,,2026-03,Wednesday,Andaliman,138500.0,False
TRX000561,2026-02-05,Parapat,Kerajinan,941900.0,9,Tunai,,2026-02,Thursday,Ulos Ragidup,8477100.0,False
TRX002257,2026-05-24,Siborongborong,Camilan,23300.0,5,Transfer Bank,,2026-05,Sunday,Ombus-ombus,116500.0,False
TRX000911,2026-02-27,Siborongborong,Camilan,31600.0,2,QRIS,,2026-02,Friday,Kacang Sihobuk,63200.0,False
TRX001312,2026-03-25,Parapat,Bumbu,34300.0,8,QRIS,2.0,2026-03,Wednesday,Bumbu Naniura,274400.0,False
TRX002050,2026-05-12,Parapat,Camilan,23200.0,4,QRIS,,2026-05,Tuesday,Ombus-ombus,92800.0,False
TRX000270,2026-01-18,Balige,Minuman,56000.0,6,Tunai,2.0,2026-01,Sunday,Kopi Lintong,336000.0,False
TRX001994,2026-05-08,Parapat,Kerajinan,967600.0,9,Tunai,2.0,2026-05,Friday,Ulos Ragidup,8708400.0,False
TRX000266,2026-01-17,Parapat,Minuman,49200.0,11,QRIS,1.0,2026-01,Saturday,Kopi Sidikalang,541200.0,False
TRX000915,2026-02-27,Parapat,Kerajinan,682200.0,6,Transfer Bank,5.0,2026-02,Friday,Ulos Sadum,4093200.0,False
TRX002279,2026-05-25,Parapat,Bumbu,33700.0,1,QRIS,2.0,2026-05,Monday,Bumbu Naniura,33700.0,False
TRX002232,2026-05-23,Siborongborong,Bumbu,34100.0,8,Tunai,2.0,2026-05,Saturday,Bumbu Naniura,272800.0,False
TRX002819,2026-06-30,Parapat,Kerajinan,757500.0,10,QRIS,5.0,2026-06,Tuesday,Ulos Sadum,7575000.0,False
TRX000874,2026-02-25,Balige,Camilan,24200.0,10,Transfer Bank,2.0,2026-02,Wednesday,Ombus-ombus,242000.0,False
TRX002094,2026-05-15,Laguboti,Kerajinan,926900.0,7,QRIS,,2026-05,Friday,Ulos Ragidup,6488300.0,False
TRX002447,2026-06-07,Laguboti,Kerajinan,906500.0,8,Tunai,4.0,2026-06,Sunday,Ulos Ragidup,7252000.0,False
TRX000476,2026-01-31,Parapat,Bumbu,30000.0,6,QRIS,5.0,2026-01,Saturday,Bumbu Naniura,180000.0,False
TRX001653,2026-04-17,Parapat,Camilan,30200.0,9,Transfer Bank,2.0,2026-04,Friday,Kacang Sihobuk,271800.0,False
TRX000046,2026-01-04,Balige,Minuman,43700.0,3,Transfer Bank,,2026-01,Sunday,Kopi Sidikalang,131100.0,False
TRX000162,2026-01-11,Laguboti,Camilan,22300.0,10,Transfer Bank,5.0,2026-01,Sunday,Ombus-ombus,223000.0,False
TRX000289,2026-01-19,Laguboti,Camilan,30400.0,6,Tunai,,2026-01,Monday,Kacang Sihobuk,182400.0,False
TRX002807,2026-06-29,Parapat,Bumbu,28300.0,6,Transfer Bank,4.0,2026-06,Monday,Andaliman,169800.0,False
TRX001949,2026-05-05,Parapat,Camilan,29700.0,8,Tunai,,2026-05,Tuesday,Kacang Sihobuk,237600.0,False
TRX000576,2026-02-07,Balige,Kerajinan,892600.0,9,QRIS,5.0,2026-02,Saturday,Ulos Ragidup,8033400.0,False
TRX000851,2026-02-23,Siborongborong,Kerajinan,903300.0,11,Tunai,2.0,2026-02,Monday,Ulos Ragidup,9936300.0,False
TRX000912,2026-02-27,Siborongborong,Minuman,58300.0,1,Tunai,1.0,2026-02,Friday,Kopi Lintong,58300.0,False
TRX001255,2026-03-21,Laguboti,Kerajinan,927700.0,8,Transfer Bank,2.0,2026-03,Saturday,Ulos Ragidup,7421600.0,False
TRX001834,2026-04-28,Laguboti,Bumbu,34300.0,8,QRIS,4.0,2026-04,Tuesday,Bumbu Naniura,274400.0,False
TRX001723,2026-04-21,Siborongborong,Bumbu,28900.0,5,QRIS,1.0,2026-04,Tuesday,Andaliman,144500.0,False
TRX002134,2026-05-17,Balige,Camilan,30400.0,6,Tunai,5.0,2026-05,Sunday,Kacang Sihobuk,182400.0,False
TRX001736,2026-04-22,Siborongborong,Kerajinan,676500.0,1,Tunai,,2026-04,Wednesday,Ulos Sadum,676500.0,False
TRX000933,2026-02-28,Laguboti,Minuman,51300.0,5,Transfer Bank,4.0,2026-02,Saturday,Kopi Lintong,256500.0,False
TRX001101,2026-03-10,Parapat,Kerajinan,639000.0,2,Transfer Bank,4.0,2026-03,Tuesday,Ulos Sadum,1278000.0,False
TRX002296,2026-05-27,Laguboti,Camilan,32500.0,5,Transfer Bank,1.0,2026-05,Wednesday,Kacang Sihobuk,162500.0,False
TRX001844,2026-04-28,Parapat,Minuman,49300.0,4,Tunai,5.0,2026-04,Tuesday,Kopi Sidikalang,197200.0,False
TRX001849,2026-04-29,Laguboti,Camilan,24400.0,3,Transfer Bank,4.0,2026-04,Wednesday,Ombus-ombus,73200.0,False
TRX002525,2026-06-12,Siborongborong,Minuman,48900.0,4,Transfer Bank,5.0,2026-06,Friday,Kopi Sidikalang,195600.0,False
TRX001695,2026-04-19,Siborongborong,Bumbu,25300.0,9,Transfer Bank,5.0,2026-04,Sunday,Andaliman,227700.0,False
TRX000086,2026-01-06,Balige,Bumbu,31400.0,5,Transfer Bank,2.0,2026-01,Tuesday,Bumbu Naniura,157000.0,False
TRX000470,2026-01-31,Laguboti,Kerajinan,862900.0,10,Transfer Bank,5.0,2026-01,Saturday,Ulos Ragidup,8629000.0,False
TRX002274,2026-05-25,Parapat,Kerajinan,714000.0,5,QRIS,,2026-05,Monday,Ulos Sadum,3570000.0,False
TRX002380,2026-06-02,Balige,Kerajinan,1022000.0,1,Tunai,4.0,2026-06,Tuesday,Ulos Ragidup,1022000.0,False
TRX000234,2026-01-16,Siborongborong,Kerajinan,791700.0,8,Transfer Bank,3.0,2026-01,Friday,Ulos Ragidup,6333600.0,False
TRX002637,2026-06-20,Balige,Minuman,52900.0,4,Transfer Bank,2.0,2026-06,Saturday,Kopi Sidikalang,211600.0,False
TRX002524,2026-06-12,Laguboti,Bumbu,29500.0,10,QRIS,5.0,2026-06,Friday,Andaliman,295000.0,False
TRX002792,2026-06-29,Laguboti,Minuman,54800.0,9,QRIS,2.0,2026-06,Monday,Kopi Lintong,493200.0,False
TRX002648,2026-06-20,Parapat,Camilan,29900.0,2,QRIS,2.0,2026-06,Saturday,Kacang Sihobuk,59800.0,False
TRX002470,2026-06-08,Balige,Minuman,53000.0,7,Tunai,2.0,2026-06,Monday,Kopi Sidikalang,371000.0,False
TRX001712,2026-04-20,Siborongborong,Minuman,59200.0,11,Tunai,,2026-04,Monday,Kopi Lintong,651200.0,False
TRX000183,2026-01-13,Balige,Camilan,23500.0,9,Tunai,2.0,2026-01,Tuesday,Ombus-ombus,211500.0,False
TRX000989,2026-03-02,Laguboti,Camilan,21600.0,6,Transfer Bank,1.0,2026-03,Monday,Ombus-ombus,129600.0,False
TRX001001,2026-03-03,Siborongborong,Bumbu,25500.0,9,Tunai,,2026-03,Tuesday,Andaliman,229500.0,False
TRX001642,2026-04-17,Laguboti,Minuman,52000.0,3,QRIS,2.0,2026-04,Friday,Kopi Sidikalang,156000.0,False
TRX001357,2026-03-28,Siborongborong,Camilan,30100.0,3,Tunai,2.0,2026-03,Saturday,Kacang Sihobuk,90300.0,False
TRX001463,2026-04-05,Laguboti,Kerajinan,744500.0,5,QRIS,5.0,2026-04,Sunday,Ulos Sadum,3722500.0,False
TRX000050,2026-01-04,Balige,Camilan,22300.0,8,Tunai,3.0,2026-01,Sunday,Ombus-ombus,178400.0,False
TRX002578,2026-06-14,Parapat,Camilan,25000.0,3,QRIS,5.0,2026-06,Sunday,Ombus-ombus,75000.0,False
TRX001259,2026-03-21,Siborongborong,Bumbu,31500.0,7,QRIS,4.0,2026-03,Saturday,Bumbu Naniura,220500.0,False
TRX000487,2026-02-01,Balige,Minuman,56300.0,4,QRIS,,2026-02,Sunday,Kopi Lintong,225200.0,False
TRX002546,2026-06-13,Siborongborong,Camilan,26000.0,8,QRIS,3.0,2026-06,Saturday,Ombus-ombus,208000.0,False
TRX001909,2026-05-03,Siborongborong,Camilan,25700.0,8,Transfer Bank,1.0,2026-05,Sunday,Ombus-ombus,205600.0,False
TRX000107,2026-01-07,Siborongborong,Kerajinan,619000.0,8,Tunai,2.0,2026-01,Wednesday,Ulos Sadum,4952000.0,False
TRX000444,2026-01-29,Siborongborong,Camilan,21500.0,5,Transfer Bank,,2026-01,Thursday,Ombus-ombus,107500.0,False
TRX001955,2026-05-06,Balige,Camilan,28500.0,5,QRIS,1.0,2026-05,Wednesday,Kacang Sihobuk,142500.0,False
TRX000647,2026-02-10,Laguboti,Camilan,30200.0,3,Tunai,5.0,2026-02,Tuesday,Kacang Sihobuk,90600.0,False
TRX001763,2026-04-25,Balige,Bumbu,33400.0,10,QRIS,1.0,2026-04,Saturday,Bumbu Naniura,334000.0,False
TRX000727,2026-02-15,Siborongborong,Bumbu,24500.0,3,Transfer Bank,5.0,2026-02,Sunday,Andaliman,73500.0,False
TRX002239,2026-05-23,Parapat,Minuman,52600.0,1,Tunai,1.0,2026-05,Saturday,Kopi Sidikalang,52600.0,False
TRX001857,2026-04-30,Siborongborong,Bumbu,26000.0,11,QRIS,2.0,2026-04,Thursday,Andaliman,286000.0,False
TRX002331,2026-05-30,Laguboti,Bumbu,25900.0,7,Tunai,1.0,2026-05,Saturday,Andaliman,181300.0,False
TRX000030,2026-01-03,Laguboti,Bumbu,30500.0,2,Tunai,,2026-01,Saturday,Bumbu Naniura,61000.0,False
TRX000170,2026-01-11,Siborongborong,Kerajinan,822000.0,1,Tunai,,2026-01,Sunday,Ulos Ragidup,822000.0,False
TRX001002,2026-03-03,Siborongborong,Minuman,54800.0,3,Transfer Bank,1.0,2026-03,Tuesday,Kopi Lintong,164400.0,False
TRX002149,2026-05-17,Siborongborong,Bumbu,29700.0,5,Tunai,4.0,2026-05,Sunday,Andaliman,148500.0,False
TRX000198,2026-01-14,Balige,Camilan,27800.0,10,Transfer Bank,1.0,2026-01,Wednesday,Kacang Sihobuk,278000.0,False
TRX000496,2026-02-01,Siborongborong,Bumbu,23700.0,3,Tunai,5.0,2026-02,Sunday,Andaliman,71100.0,False
TRX002027,2026-05-10,Balige,Bumbu,32300.0,8,Tunai,5.0,2026-05,Sunday,Bumbu Naniura,258400.0,False
TRX000648,2026-02-10,Siborongborong,Bumbu,27000.0,10,Transfer Bank,5.0,2026-02,Tuesday,Andaliman,270000.0,False
TRX000045,2026-01-04,Balige,Bumbu,30600.0,2,Transfer Bank,4.0,2026-01,Sunday,Bumbu Naniura,61200.0,False
TRX000374,2026-01-25,Balige,Minuman,43600.0,8,Tunai,4.0,2026-01,Sunday,Kopi Sidikalang,348800.0,False
TRX000679,2026-02-13,Laguboti,Kerajinan,630200.0,11,Tunai,4.0,2026-02,Friday,Ulos Sadum,6932200.0,False
TRX000567,2026-02-06,Siborongborong,Camilan,21200.0,6,Tunai,2.0,2026-02,Friday,Ombus-ombus,127200.0,False
TRX000461,2026-01-31,Balige,Minuman,53000.0,10,QRIS,4.0,2026-01,Saturday,Kopi Lintong,530000.0,False
TRX001933,2026-05-04,Parapat,Minuman,50700.0,11,Tunai,1.0,2026-05,Monday,Kopi Sidikalang,557700.0,False
TRX001156,2026-03-14,Siborongborong,Kerajinan,923100.0,9,Transfer Bank,3.0,2026-03,Saturday,Ulos Ragidup,8307900.0,False
TRX000040,2026-01-03,Parapat,Camilan,23600.0,3,Tunai,1.0,2026-01,Saturday,Ombus-ombus,70800.0,False
TRX002483,2026-06-09,Balige,Bumbu,32900.0,10,Transfer Bank,2.0,2026-06,Tuesday,Bumbu Naniura,329000.0,False
TRX000974,2026-03-01,Parapat,Minuman,53500.0,9,QRIS,1.0,2026-03,Sunday,Kopi Lintong,481500.0,False
TRX001787,2026-04-26,Balige,Kerajinan,974100.0,5,Tunai,2.0,2026-04,Sunday,Ulos Ragidup,4870500.0,False
TRX001499,2026-04-07,Laguboti,Camilan,31100.0,6,Transfer Bank,1.0,2026-04,Tuesday,Kacang Sihobuk,186600.0,False
TRX002505,2026-06-10,Laguboti,Bumbu,29100.0,2,Transfer Bank,,2026-06,Wednesday,Andaliman,58200.0,False
TRX001836,2026-04-28,Laguboti,Camilan,31600.0,7,Tunai,4.0,2026-04,Tuesday,Kacang Sihobuk,221200.0,False
TRX002309,2026-05-28,Siborongborong,Camilan,31300.0,11,QRIS,5.0,2026-05,Thursday,Kacang Sihobuk,344300.0,False
TRX001841,2026-04-28,Siborongborong,Kerajinan,958300.0,1,QRIS,2.0,2026-04,Tuesday,Ulos Ragidup,958300.0,False
TRX002084,2026-05-14,Laguboti,Camilan,30500.0,5,QRIS,3.0,2026-05,Thursday,Kacang Sihobuk,152500.0,False
TRX000828,2026-02-22,Balige,Minuman,48900.0,6,QRIS,,2026-02,Sunday,Kopi Sidikalang,293400.0,False
TRX001936,2026-05-04,Parapat,Kerajinan,958800.0,6,QRIS,4.0,2026-05,Monday,Ulos Ragidup,5752800.0,False
TRX000310,2026-01-20,Parapat,Kerajinan,911500.0,9,QRIS,2.0,2026-01,Tuesday,Ulos Ragidup,8203500.0,False
TRX000277,2026-01-18,Siborongborong,Bumbu,29800.0,6,Tunai,3.0,2026-01,Sunday,Bumbu Naniura,178800.0,False
TRX000637,2026-02-09,Siborongborong,Bumbu,24700.0,10,Tunai,,2026-02,Monday,Andaliman,247000.0,False
TRX000655,2026-02-11,Balige,Minuman,51300.0,4,Transfer Bank,4.0,2026-02,Wednesday,Kopi Lintong,205200.0,False
TRX000623,2026-02-08,Parapat,Kerajinan,917700.0,9,QRIS,,2026-02,Sunday,Ulos Ragidup,8259300.0,False
TRX001860,2026-04-30,Parapat,Camilan,30300.0,11,QRIS,,2026-04,Thursday,Kacang Sihobuk,333300.0,False
TRX000845,2026-02-22,Parapat,Kerajinan,710000.0,4,Tunai,,2026-02,Sunday,Ulos Sadum,2840000.0,False
TRX000394,2026-01-26,Balige,Minuman,46100.0,10,Transfer Bank,,2026-01,Monday,Kopi Sidikalang,461000.0,False
TRX002156,2026-05-18,Balige,Kerajinan,666400.0,8,Tunai,2.0,2026-05,Monday,Ulos Sadum,5331200.0,False
TRX000350,2026-01-24,Balige,Kerajinan,888200.0,4,Transfer Bank,4.0,2026-01,Saturday,Ulos Ragidup,3552800.0,False
TRX002573,2026-06-14,Siborongborong,Camilan,24300.0,11,Transfer Bank,3.0,2026-06,Sunday,Ombus-ombus,267300.0,False
TRX000785,2026-02-20,Balige,Camilan,22300.0,6,Transfer Bank,4.0,2026-02,Friday,Ombus-ombus,133800.0,False
TRX000048,2026-01-04,Balige,Camilan,21100.0,1,Tunai,2.0,2026-01,Sunday,Ombus-ombus,21100.0,False
TRX001979,2026-05-07,Siborongborong,Minuman,60400.0,4,QRIS,3.0,2026-05,Thursday,Kopi Lintong,241600.0,False
TRX002252,2026-05-24,Laguboti,Minuman,55400.0,1,Transfer Bank,3.0,2026-05,Sunday,Kopi Lintong,55400.0,False
TRX001656,2026-04-18,Balige,Bumbu,26800.0,5,Tunai,1.0,2026-04,Saturday,Andaliman,134000.0,False
TRX002070,2026-05-14,Balige,Minuman,50900.0,5,Transfer Bank,,2026-05,Thursday,Kopi Sidikalang,254500.0,False
TRX000403,2026-01-26,Parapat,Minuman,54400.0,7,Transfer Bank,,2026-01,Monday,Kopi Lintong,380800.0,False
TRX001108,2026-03-11,Siborongborong,Kerajinan,669000.0,2,Transfer Bank,3.0,2026-03,Wednesday,Ulos Sadum,1338000.0,False
TRX001155,2026-03-14,Siborongborong,Camilan,22600.0,11,Transfer Bank,1.0,2026-03,Saturday,Ombus-ombus,248600.0,False
TRX001440,2026-04-04,Balige,Kerajinan,908800.0,8,Tunai,2.0,2026-04,Saturday,Ulos Ragidup,7270400.0,False
TRX002002,2026-05-09,Laguboti,Kerajinan,987100.0,2,Transfer Bank,1.0,2026-05,Saturday,Ulos Ragidup,1974200.0,False
TRX000990,2026-03-02,Siborongborong,Bumbu,33000.0,3,Tunai,5.0,2026-03,Monday,Bumbu Naniura,99000.0,False
TRX001866,2026-05-01,Siborongborong,Minuman,47600.0,5,Transfer Bank,3.0,2026-05,Friday,Kopi Sidikalang,238000.0,False
TRX001311,2026-03-25,Parapat,Bumbu,25900.0,5,Transfer Bank,,2026-03,Wednesday,Andaliman,129500.0,False
TRX000034,2026-01-03,Siborongborong,Camilan,22100.0,4,QRIS,,2026-01,Saturday,Ombus-ombus,88400.0,False
TRX000788,2026-02-20,Laguboti,Minuman,52800.0,6,QRIS,3.0,2026-02,Friday,Kopi Lintong,316800.0,False
TRX001044,2026-03-07,Balige,Minuman,49800.0,7,Tunai,2.0,2026-03,Saturday,Kopi Sidikalang,348600.0,False
TRX000482,2026-01-31,Parapat,Camilan,30900.0,4,Tunai,1.0,2026-01,Saturday,Kacang Sihobuk,123600.0,False
TRX001244,2026-03-21,Balige,Kerajinan,866300.0,11,Tunai,2.0,2026-03,Saturday,Ulos Ragidup,9529300.0,False
TRX002628,2026-06-19,Laguboti,Bumbu,26700.0,4,Tunai,3.0,2026-06,Friday,Andaliman,106800.0,False
TRX002530,2026-06-12,Parapat,Minuman,54400.0,9,Tunai,3.0,2026-06,Friday,Kopi Lintong,489600.0,False
TRX000932,2026-02-28,Laguboti,Kerajinan,889200.0,1,Tunai,,2026-02,Saturday,Ulos Ragidup,889200.0,False
TRX002405,2026-06-04,Parapat,Minuman,49400.0,2,QRIS,4.0,2026-06,Thursday,Kopi Sidikalang,98800.0,False
TRX001686,2026-04-19,Laguboti,Camilan,23200.0,11,Tunai,3.0,2026-04,Sunday,Ombus-ombus,255200.0,False
TRX001249,2026-03-21,Balige,Camilan,22800.0,3,QRIS,2.0,2026-03,Saturday,Ombus-ombus,68400.0,False
TRX000760,2026-02-17,Parapat,Minuman,54100.0,2,Tunai,2.0,2026-02,Tuesday,Kopi Lintong,108200.0,False
TRX000093,2026-01-06,Laguboti,Kerajinan,672000.0,7,Tunai,3.0,2026-01,Tuesday,Ulos Sadum,4704000.0,False
TRX001176,2026-03-15,Laguboti,Camilan,23200.0,2,QRIS,5.0,2026-03,Sunday,Ombus-ombus,46400.0,False
TRX001416,2026-04-01,Siborongborong,Bumbu,34300.0,2,Tunai,2.0,2026-04,Wednesday,Bumbu Naniura,68600.0,False
TRX001342,2026-03-28,Balige,Kerajinan,935500.0,11,Tunai,,2026-03,Saturday,Ulos Ragidup,10290500.0,False
TRX001473,2026-04-05,Parapat,Minuman,49100.0,3,Tunai,5.0,2026-04,Sunday,Kopi Sidikalang,147300.0,False
TRX002794,2026-06-29,Laguboti,Camilan,23800.0,1,QRIS,2.0,2026-06,Monday,Ombus-ombus,23800.0,False
TRX002328,2026-05-30,Laguboti,Minuman,56600.0,3,Tunai,3.0,2026-05,Saturday,Kopi Lintong,169800.0,False
TRX001608,2026-04-14,Laguboti,Minuman,57200.0,4,Tunai,4.0,2026-04,Tuesday,Kopi Lintong,228800.0,False
TRX000765,2026-02-18,Balige,Bumbu,25000.0,7,QRIS,5.0,2026-02,Wednesday,Andaliman,175000.0,False
TRX002653,2026-06-21,Balige,Camilan,25600.0,9,QRIS,2.0,2026-06,Sunday,Ombus-ombus,230400.0,False
TRX001374,2026-03-29,Siborongborong,Camilan,25400.0,9,Transfer Bank,5.0,2026-03,Sunday,Ombus-ombus,228600.0,False
TRX001952,2026-05-05,Parapat,Camilan,31700.0,2,Transfer Bank,3.0,2026-05,Tuesday,Kacang Sihobuk,63400.0,False
TRX002449,2026-06-07,Laguboti,Kerajinan,686200.0,6,Transfer Bank,4.0,2026-06,Sunday,Ulos Sadum,4117200.0,False
TRX001729,2026-04-22,Laguboti,Bumbu,34700.0,9,Transfer Bank,2.0,2026-04,Wednesday,Bumbu Naniura,312300.0,False
TRX000258,2026-01-17,Siborongborong,Bumbu,23300.0,2,QRIS,1.0,2026-01,Saturday,Andaliman,46600.0,False
TRX000945,2026-02-28,Siborongborong,Minuman,50400.0,11,QRIS,3.0,2026-02,Saturday,Kopi Lintong,554400.0,False
TRX001220,2026-03-18,Parapat,Kerajinan,906100.0,1,Transfer Bank,3.0,2026-03,Wednesday,Ulos Ragidup,906100.0,False
TRX001162,2026-03-14,Parapat,Minuman,59300.0,7,QRIS,5.0,2026-03,Saturday,Kopi Lintong,415100.0,False
TRX002543,2026-06-13,Siborongborong,Minuman,47100.0,9,Tunai,1.0,2026-06,Saturday,Kopi Sidikalang,423900.0,False
TRX002599,2026-06-16,Balige,Kerajinan,726300.0,1,QRIS,2.0,2026-06,Tuesday,Ulos Sadum,726300.0,False
TRX001487,2026-04-06,Siborongborong,Minuman,47900.0,3,Transfer Bank,1.0,2026-04,Monday,Kopi Sidikalang,143700.0,False
TRX002250,2026-05-24,Laguboti,Minuman,47300.0,7,Transfer Bank,,2026-05,Sunday,Kopi Sidikalang,331100.0,False
TRX000313,2026-01-21,Balige,Minuman,56800.0,6,Transfer Bank,1.0,2026-01,Wednesday,Kopi Lintong,340800.0,False
TRX000291,2026-01-19,Siborongborong,Kerajinan,651200.0,3,Tunai,3.0,2026-01,Monday,Ulos Sadum,1953600.0,False
TRX000764,2026-02-18,Balige,Bumbu,25800.0,10,Transfer Bank,1.0,2026-02,Wednesday,Andaliman,258000.0,False
TRX000184,2026-01-13,Laguboti,Bumbu,25600.0,9,Tunai,2.0,2026-01,Tuesday,Andaliman,230400.0,False
TRX001177,2026-03-15,Laguboti,Bumbu,25300.0,7,QRIS,,2026-03,Sunday,Andaliman,177100.0,False
TRX001350,2026-03-28,Siborongborong,Camilan,31200.0,5,Transfer Bank,2.0,2026-03,Saturday,Kacang Sihobuk,156000.0,False
TRX002299,2026-05-27,Laguboti,Kerajinan,900800.0,9,QRIS,,2026-05,Wednesday,Ulos Ragidup,8107200.0,False
TRX001100,2026-03-10,Siborongborong,Camilan,22400.0,1,QRIS,,2026-03,Tuesday,Ombus-ombus,22400.0,False
TRX000392,2026-01-25,Parapat,Minuman,50700.0,10,Tunai,3.0,2026-01,Sunday,Kopi Lintong,507000.0,False
TRX001920,2026-05-03,Parapat,Minuman,53200.0,6,Transfer Bank,5.0,2026-05,Sunday,Kopi Lintong,319200.0,False
TRX001457,2026-04-04,Parapat,Kerajinan,704900.0,6,Tunai,3.0,2026-04,Saturday,Ulos Sadum,4229400.0,False
TRX001093,2026-03-09,Parapat,Minuman,47200.0,1,Tunai,3.0,2026-03,Monday,Kopi Sidikalang,47200.0,False
TRX002023,2026-05-09,Parapat,Camilan,25200.0,3,Tunai,4.0,2026-05,Saturday,Ombus-ombus,75600.0,False
TRX000905,2026-02-26,Parapat,Camilan,23800.0,6,Transfer Bank,4.0,2026-02,Thursday,Ombus-ombus,142800.0,False
TRX002779,2026-06-28,Siborongborong,Camilan,23500.0,3,Tunai,1.0,2026-06,Sunday,Ombus-ombus,70500.0,False
TRX002603,2026-06-16,Laguboti,Camilan,31800.0,1,Tunai,1.0,2026-06,Tuesday,Kacang Sihobuk,31800.0,False
TRX000367,2026-01-24,Siborongborong,Bumbu,25900.0,11,Transfer Bank,,2026-01,Saturday,Andaliman,284900.0,False
TRX000346,2026-01-23,Siborongborong,Bumbu,25500.0,6,QRIS,1.0,2026-01,Friday,Andaliman,153000.0,False
TRX002584,2026-06-14,Parapat,Minuman,48400.0,10,Transfer Bank,1.0,2026-06,Sunday,Kopi Sidikalang,484000.0,False
TRX001373,2026-03-29,Laguboti,Minuman,47200.0,3,Tunai,5.0,2026-03,Sunday,Kopi Sidikalang,141600.0,False
TRX001640,2026-04-17,Balige,Bumbu,28300.0,4,Tunai,5.0,2026-04,Friday,Andaliman,113200.0,False
TRX000920,2026-02-28,Balige,Camilan,28000.0,5,Transfer Bank,5.0,2026-02,Saturday,Kacang Sihobuk,140000.0,False
TRX000212,2026-01-14,Parapat,Kerajinan,609000.0,3,QRIS,1.0,2026-01,Wednesday,Ulos Sadum,1827000.0,False
TRX001604,2026-04-14,Balige,Bumbu,33100.0,10,Transfer Bank,1.0,2026-04,Tuesday,Bumbu Naniura,331000.0,False
TRX002551,2026-06-13,Parapat,Bumbu,31400.0,3,Tunai,1.0,2026-06,Saturday,Bumbu Naniura,94200.0,False
TRX000538,2026-02-04,Balige,Kerajinan,695900.0,10,Tunai,1.0,2026-02,Wednesday,Ulos Sadum,6959000.0,False
TRX001221,2026-03-18,Parapat,Kerajinan,917300.0,7,Transfer Bank,,2026-03,Wednesday,Ulos Ragidup,6421100.0,False
TRX000176,2026-01-12,Balige,Bumbu,26600.0,9,Tunai,3.0,2026-01,Monday,Andaliman,239400.0,False
